elapsed_s,state,rss_mb,swap_mb,cpu_percent,threads,temperature_c,heartbeat_age_s,overflows,captured_s,processed_s,backlog_s,processing_calls,parse_last_ms,parse_max_ms,process_last_ms,process_max_ms,returned_lines,returned_audio_s,completed_lines,last_line_duration_s,last_decode_ms,callback_gap_max_ms,actual_rate,actual_latency_s
0.0,,0.609375,0.0,,1,49.6,,,,,,,,,,,,,,,,,,
0.0,running,408.703125,0.0,87.94668320271303,25,50.15,0.3693690299987793,0,0.0,0.0,0.0,0,,0.0,,0.0,,,0,,,0.0,16000.0,0.064
1.0,running,409.921875,0.0,1.998812783160404,25,50.15,1.3699088096618652,0,0.0,0.0,0.0,0,,0.0,,0.0,,,0,,,0.0,16000.0,0.064
2.0,running,409.921875,0.0,1.9989970252326652,25,49.6,0.7627944946289062,0,1.600000000000001,1.600000000000001,0.0,25,0.013573999240179546,0.0181480008905055,0.29529700077546295,8.219437000661856,0,0.0,0,,,64.06951499957358,16000.0,0.064
3.0,running,409.953125,0.0,1.9989828535577119,25,50.15,1.7633097171783447,0,1.600000000000001,1.600000000000001,0.0,25,0.013573999240179546,0.0181480008905055,0.29529700077546295,8.219437000661856,0,0.0,0,,,64.06951499957358,16000.0,0.064
4.0,running,409.953125,0.0,1.9989194021585082,25,51.25,0.763399600982666,0,3.5840000000000027,3.5840000000000027,0.0,56,0.013722999938181601,0.0181480008905055,7.880473000113852,8.219437000661856,0,0.0,0,,,64.06951499957358,16000.0,0.064
5.0,running,409.953125,0.0,2.99838815048726,25,49.6,1.7640423774719238,0,3.5840000000000027,3.5840000000000027,0.0,56,0.013722999938181601,0.0181480008905055,7.880473000113852,8.219437000661856,0,0.0,0,,,64.06951499957358,16000.0,0.064
6.0,running,409.953125,0.0,2.998085728256805,25,49.6,0.7643008232116699,0,5.568000000000004,5.568000000000004,0.0,87,0.01727800008666236,0.0181480008905055,0.41044599856832065,11.122874000648153,0,0.0,0,,,64.06951499957358,16000.0,0.064
7.0,running,409.953125,0.0,2.9979484079735106,25,50.15,1.7649922370910645,0,5.568000000000004,5.568000000000004,0.0,87,0.01727800008666236,0.0181480008905055,0.41044599856832065,11.122874000648153,0,0.0,0,,,64.06951499957358,16000.0,0.064
8.0,running,409.953125,0.0,2.9979294320706256,25,49.05,0.765169620513916,0,7.552000000000006,7.552000000000006,0.0,118,0.018500000805943273,0.018500000805943273,0.4080580001755152,11.261172001468367,0,0.0,0,,,64.06951499957358,16000.0,0.064
9.01,running,409.953125,0.0,2.998003890034398,25,49.05,1.76582932472229,0,7.552000000000006,7.552000000000006,0.0,118,0.018500000805943273,0.018500000805943273,0.4080580001755152,11.261172001468367,0,0.0,0,,,64.06951499957358,16000.0,0.064
10.01,running,409.953125,0.0,3.9973688518729733,25,48.5,0.7659907341003418,0,9.600000000000007,9.600000000000007,0.0,150,0.01796300057321787,0.018574999558040872,0.4080199996678857,11.261172001468367,0,0.0,0,,,64.06951499957358,16000.0,0.064
11.01,running,409.953125,0.0,2.9979832506741113,25,49.05,1.7667036056518555,0,9.600000000000007,9.600000000000007,0.0,150,0.01796300057321787,0.018574999558040872,0.4080199996678857,11.261172001468367,0,0.0,0,,,64.06951499957358,16000.0,0.064
12.01,running,409.953125,0.0,2.9979332068575744,25,50.7,0.766897439956665,0,11.584000000000009,11.584000000000009,0.0,181,0.018036998881143518,0.018574999558040872,0.4124079987377627,13.131085999702918,0,0.0,0,,,64.07601499995508,16000.0,0.064
13.01,running,409.953125,0.0,2.998021866197468,25,49.05,1.7676327228546143,0,11.584000000000009,11.584000000000009,0.0,181,0.018036998881143518,0.018574999558040872,0.4124079987377627,13.131085999702918,0,0.0,0,,,64.07601499995508,16000.0,0.064
14.01,running,409.953125,0.0,1.9985222806357426,25,48.5,0.7678272724151611,0,13.56800000000001,13.56800000000001,0.0,212,0.01690700082690455,0.018574999558040872,0.4125200011912966,13.131085999702918,0,0.0,0,,,64.07601499995508,16000.0,0.064
15.01,running,409.953125,0.0,2.99793515117966,25,49.6,1.7685127258300781,0,13.56800000000001,13.56800000000001,0.0,212,0.01690700082690455,0.018574999558040872,0.4125200011912966,13.131085999702918,0,0.0,0,,,64.07601499995508,16000.0,0.064
16.01,running,409.953125,0.0,1.9986364902112892,25,49.05,0.7686831951141357,0,15.552000000000012,15.552000000000012,0.0,243,0.04494499989959877,0.04494499989959877,0.39046399979270063,13.131085999702918,0,0.0,0,,,64.07601499995508,16000.0,0.064
17.01,running,409.96875,0.0,2.9979971759972672,25,49.05,1.7693545818328857,0,15.552000000000012,15.552000000000012,0.0,243,0.04494499989959877,0.04494499989959877,0.39046399979270063,13.131085999702918,0,0.0,0,,,64.07601499995508,16000.0,0.064
18.01,running,409.96875,0.0,2.9980114370009106,25,49.05,0.7695343494415283,0,17.600000000000012,17.600000000000012,0.0,275,0.016759000573074445,0.04494499989959877,0.40505699871573597,13.131085999702918,0,0.0,0,,,64.07601499995508,16000.0,0.064
19.01,running,409.96875,0.0,2.997965499665265,25,49.05,1.7702138423919678,0,17.600000000000012,17.600000000000012,0.0,275,0.016759000573074445,0.04494499989959877,0.40505699871573597,13.131085999702918,0,0.0,0,,,64.07601499995508,16000.0,0.064
20.01,running,409.96875,0.0,2.997986800902191,25,48.5,0.7703902721405029,0,19.584000000000014,19.584000000000014,0.0,306,0.017277001461479813,0.04494499989959877,0.4028899984405143,13.131085999702918,0,0.0,0,,,64.07601499995508,16000.0,0.064
21.01,running,409.96875,0.0,2.9980346293994793,25,50.15,1.771047592163086,0,19.584000000000014,19.584000000000014,0.0,306,0.017277001461479813,0.04494499989959877,0.4028899984405143,13.131085999702918,0,0.0,0,,,64.07601499995508,16000.0,0.064
22.01,running,409.96875,0.0,2.998024808320891,25,49.05,0.7712159156799316,0,21.568000000000016,21.568000000000016,0.0,337,0.016517999029019848,0.04494499989959877,0.4666129989345791,13.131085999702918,0,0.0,0,,,64.07601499995508,16000.0,0.064
23.01,running,409.96875,0.0,2.9979646128680444,25,49.05,1.771874189376831,0,21.568000000000016,21.568000000000016,0.0,337,0.016517999029019848,0.04494499989959877,0.4666129989345791,13.131085999702918,0,0.0,0,,,64.07601499995508,16000.0,0.064
24.02,running,415.140625,0.0,112.92345698024876,25,51.8,0.7720677852630615,0,23.552000000000017,23.552000000000017,0.0,368,0.016444999346276745,0.04494499989959877,11.115375000372296,13.131085999702918,0,0.0,0,,,64.07601499995508,16000.0,0.064
25.02,running,422.984375,0.0,289.78026657885994,25,54.0,1.7728197574615479,0,23.552000000000017,23.552000000000017,0.0,368,0.016444999346276745,0.04494499989959877,11.115375000372296,13.131085999702918,0,0.0,0,,,64.07601499995508,16000.0,0.064
26.02,running,431.359375,0.0,342.5889173598822,25,56.2,0.7725090980529785,0,25.60000000000002,25.02400000000002,0.5760000000000005,381,3.480494000541512,3.480494000541512,1.8534889986767666,478.57101099907595,1,1.248,0,,,67.57110199941962,16000.0,0.064
27.02,running,501.90625,0.0,334.7555052912805,25,56.75,1.7736623287200928,0,25.60000000000002,25.02400000000002,0.5760000000000005,381,3.480494000541512,3.480494000541512,1.8534889986767666,478.57101099907595,1,1.248,0,,,67.57110199941962,16000.0,0.064
28.02,running,482.96875,0.0,354.57205811854686,25,56.75,0.7738540172576904,0,27.58400000000002,27.39200000000002,0.19200000000000017,387,8.83429199893726,8.83429199893726,3.146455999740283,825.0763110008847,1,3.296,0,,,67.57110199941962,16000.0,0.064
29.02,running,456.4375,0.0,349.56066691056407,25,59.5,1.774550437927246,0,27.58400000000002,27.39200000000002,0.19200000000000017,387,8.83429199893726,8.83429199893726,3.146455999740283,825.0763110008847,1,3.296,0,,,67.57110199941962,16000.0,0.064
30.02,running,509.578125,0.0,348.785433479524,25,58.95,0.7753098011016846,0,29.568000000000023,28.608000000000022,0.9600000000000009,389,11.00722600131121,11.00722600131121,4.843703000005917,1192.487873000573,1,4.128,0,,,67.57110199941962,16000.0,0.064
31.03,running,460.078125,0.0,345.547774316256,25,60.05,1.7790582180023193,0,29.568000000000023,28.608000000000022,0.9600000000000009,389,11.00722600131121,11.00722600131121,4.843703000005917,1192.487873000573,1,4.128,0,,,67.57110199941962,16000.0,0.064
32.03,running,461.078125,0.0,322.75136880606885,25,60.05,0.7788801193237305,0,31.552000000000024,31.168000000000024,0.38400000000000034,393,18.916846998763504,18.916846998763504,4.468961000384297,1397.0190740001271,2,7.104,1,5.951999664306641,667,69.24968199928117,16000.0,0.064
33.03,running,522.390625,0.0,338.80089281322745,25,61.15,1.78007173538208,0,31.552000000000024,31.168000000000024,0.38400000000000034,393,18.916846998763504,18.916846998763504,4.468961000384297,1397.0190740001271,2,7.104,1,5.951999664306641,667,69.24968199928117,16000.0,0.064
34.03,running,461.75,0.0,336.5845617540339,25,61.15,0.78006911277771,0,33.60000000000002,33.02400000000002,0.5760000000000005,400,25.066055000934284,25.066055000934284,2.4444160007988103,1397.0190740001271,2,9.472,1,5.951999664306641,667,69.24968199928117,16000.0,0.064
35.03,running,462.453125,0.0,322.7698779872436,25,61.15,1.780787706375122,0,33.60000000000002,33.02400000000002,0.5760000000000005,400,25.066055000934284,25.066055000934284,2.4444160007988103,1397.0190740001271,2,9.472,1,5.951999664306641,667,69.24968199928117,16000.0,0.064
36.03,running,501.59375,0.0,339.7379998305843,25,63.35,0.7814726829528809,0,35.584000000000024,35.456000000000024,0.1280000000000001,408,32.20015599981707,32.20015599981707,1.8658769986359403,1397.0190740001271,3,12.224,2,3.8079986572265625,556,74.54375700035598,16000.0,0.064
37.03,running,463.1875,0.0,112.86214735166676,25,57.85,1.7820775508880615,0,35.584000000000024,35.456000000000024,0.1280000000000001,408,32.20015599981707,32.20015599981707,1.8658769986359403,1397.0190740001271,3,12.224,2,3.8079986572265625,556,74.54375700035598,16000.0,0.064
38.03,running,464.078125,0.0,182.90244605376833,25,60.05,0.7782011032104492,0,37.568000000000026,37.504000000000026,0.06400000000000006,426,35.18835300019418,35.45674300039536,0.25352000011480413,1397.0190740001271,3,13.408,3,3.6480026245117188,238,77.49573100045382,16000.0,0.064
39.03,running,521.5625,0.0,250.85169647712036,25,61.15,1.779400110244751,0,37.568000000000026,37.504000000000026,0.06400000000000006,426,35.18835300019418,35.45674300039536,0.25352000011480413,1397.0190740001271,3,13.408,3,3.6480026245117188,238,77.49573100045382,16000.0,0.064
40.04,running,530.25,0.0,304.61777262505444,25,61.7,0.7796480655670166,0,39.61600000000003,39.04000000000003,0.5760000000000005,439,40.90737299884495,40.90737299884495,0.27064900132245384,1397.0190740001271,5,15.584,4,1.279998779296875,243,77.49573100045382,16000.0,0.064
41.04,running,465.328125,0.0,318.2950995348852,25,62.25,1.7817859649658203,0,39.61600000000003,39.04000000000003,0.5760000000000005,439,40.90737299884495,40.90737299884495,0.27064900132245384,1397.0190740001271,5,15.584,4,1.279998779296875,243,77.49573100045382,16000.0,0.064
42.04,running,466.109375,0.0,333.7876876652277,25,62.25,0.7812867164611816,0,41.60000000000003,40.70400000000003,0.8960000000000008,447,46.7139499996847,46.7139499996847,625.2581270000519,1397.0190740001271,5,17.696,4,1.279998779296875,243,78.66142099919671,16000.0,0.064
43.04,running,466.515625,0.0,350.78443770124755,25,63.35,1.7821600437164307,0,41.60000000000003,40.70400000000003,0.8960000000000008,447,46.7139499996847,46.7139499996847,625.2581270000519,1397.0190740001271,5,17.696,4,1.279998779296875,243,78.66142099919671,16000.0,0.064
44.04,running,495.421875,0.0,340.5200121853897,25,62.8,0.7831270694732666,0,43.58400000000003,42.36800000000003,1.216000000000001,451,50.97998399833159,50.97998399833159,655.7771650004725,1397.0190740001271,5,19.36,4,1.279998779296875,243,78.66142099919671,16000.0,0.064
45.04,running,467.71875,0.0,317.89760549202146,25,62.8,1.7876274585723877,0,43.58400000000003,42.36800000000003,1.216000000000001,451,50.97998399833159,50.97998399833159,655.7771650004725,1397.0190740001271,5,19.36,4,1.279998779296875,243,78.66142099919671,16000.0,0.064
46.05,running,468.640625,0.0,344.18203762027497,25,64.45,0.7872543334960938,0,45.56800000000003,44.54400000000003,1.024000000000001,454,57.54736100061564,57.54736100061564,756.3713150011608,1397.0190740001271,6,21.792,5,5.312000274658203,849,80.38924099855649,16000.0,0.064
47.05,running,502.765625,0.0,340.7709841786861,25,63.35,1.7885916233062744,0,45.56800000000003,44.54400000000003,1.024000000000001,454,57.54736100061564,57.54736100061564,756.3713150011608,1397.0190740001271,6,21.792,5,5.312000274658203,849,80.38924099855649,16000.0,0.064
48.05,running,468.953125,0.0,328.38814553700576,25,62.8,0.7884540557861328,0,47.616000000000035,46.080000000000034,1.5360000000000014,456,61.457392999727745,61.457392999727745,863.5544709995884,1397.0190740001271,6,23.328,5,5.312000274658203,849,80.38924099855649,16000.0,0.064
49.05,running,468.96875,0.0,357.7754776417257,25,63.35,1.7893855571746826,0,47.616000000000035,46.080000000000034,1.5360000000000014,456,61.457392999727745,61.457392999727745,863.5544709995884,1397.0190740001271,6,23.328,5,5.312000274658203,849,80.38924099855649,16000.0,0.064
50.05,running,534.953125,0.0,342.64436153610256,25,65.0,0.7786433696746826,0,49.60000000000004,46.912000000000035,2.6880000000000024,457,63.630847000240465,63.630847000240465,1268.8896540003043,1397.0190740001271,6,24.16,5,5.312000274658203,849,80.38924099855649,16000.0,0.064
51.06,running,508.453125,0.0,342.64405073806427,25,64.45,1.7793099880218506,0,49.60000000000004,46.912000000000035,2.6880000000000024,457,63.630847000240465,63.630847000240465,1268.8896540003043,1397.0190740001271,6,24.16,5,5.312000274658203,849,80.38924099855649,16000.0,0.064
52.06,running,510.46875,0.0,342.7872830087808,25,65.55,0.7269465923309326,0,51.64800000000004,49.66400000000004,1.9840000000000018,459,70.84535400099412,70.84535400099412,1263.3645219993923,1438.0945949997113,6,26.912,5,5.312000274658203,849,80.38924099855649,16000.0,0.064
53.06,running,510.125,0.0,350.2602273282157,25,65.55,1.7319386005401611,0,51.64800000000004,49.66400000000004,1.9840000000000018,459,70.84535400099412,70.84535400099412,1263.3645219993923,1438.0945949997113,6,26.912,5,5.312000274658203,849,80.38924099855649,16000.0,0.064
54.06,running,511.5625,0.0,323.77208970308544,25,64.45,0.7303814888000488,0,53.63200000000004,50.94400000000004,2.6880000000000024,460,74.08564400066098,74.08564400066098,1039.9939009985246,1438.0945949997113,6,28.192,5,5.312000274658203,849,80.74770599887415,16000.0,0.064
55.06,running,577.859375,0.0,359.77281174421427,25,65.0,1.7311108112335205,0,53.63200000000004,50.94400000000004,2.6880000000000024,460,74.08564400066098,74.08564400066098,1039.9939009985246,1438.0945949997113,6,28.192,5,5.312000274658203,849,80.74770599887415,16000.0,0.064
56.06,running,513.828125,0.0,350.72650592600684,25,65.55,0.7275412082672119,0,55.68000000000004,51.96800000000004,3.7120000000000033,461,76.7208950001077,76.7208950001077,2276.8082129987306,2276.8082129987306,6,29.216,5,5.312000274658203,849,80.74770599887415,16000.0,0.064
57.06,running,513.21875,0.0,337.554647613408,25,66.1,1.7283918857574463,0,55.68000000000004,51.96800000000004,3.7120000000000033,461,76.7208950001077,76.7208950001077,2276.8082129987306,2276.8082129987306,6,29.216,5,5.312000274658203,849,80.74770599887415,16000.0,0.064
58.06,running,515.59375,0.0,327.72420893560803,25,65.55,0.7285819053649902,0,57.664000000000044,54.20800000000004,3.456000000000003,462,84.03499599990027,84.03499599990027,2811.4023190009902,2811.4023190009902,7,31.936,6,10.04800033569336,2085,81.01748499939276,16000.0,0.064
59.07,running,515.25,0.0,336.7495970401082,25,65.55,1.7293453216552734,0,57.664000000000044,54.20800000000004,3.456000000000003,462,84.03499599990027,84.03499599990027,2811.4023190009902,2811.4023190009902,7,31.936,6,10.04800033569336,2085,81.01748499939276,16000.0,0.064
60.07,running,515.75,0.0,342.0656654225193,25,66.65,0.7313342094421387,0,59.648000000000046,58.368000000000045,1.2800000000000011,464,94.46964599919738,94.46964599919738,1006.9421669995791,2811.4023190009902,7,36.096,6,10.04800033569336,2085,92.61637999952654,16000.0,0.064
61.07,running,515.765625,0.0,349.7569853490399,25,66.1,1.7321369647979736,0,59.648000000000046,58.368000000000045,1.2800000000000011,464,94.46964599919738,94.46964599919738,1006.9421669995791,2811.4023190009902,7,36.096,6,10.04800033569336,2085,92.61637999952654,16000.0,0.064
62.07,running,517.890625,0.0,320.7682702653252,25,66.1,0.7325534820556641,0,61.69600000000005,59.392000000000046,2.304000000000002,465,97.01180299998668,97.01180299998668,839.3065099990054,2811.4023190009902,7,37.12,6,10.04800033569336,2085,92.61637999952654,16000.0,0.064
63.08,running,582.96875,0.0,331.83241590696156,25,66.65,1.738800287246704,0,61.69600000000005,59.392000000000046,2.304000000000002,465,97.01180299998668,97.01180299998668,839.3065099990054,2811.4023190009902,7,37.12,6,10.04800033569336,2085,92.61637999952654,16000.0,0.064
64.08,running,518.5,0.0,319.7653114473442,25,66.1,0.7389061450958252,0,63.68000000000005,62.20800000000005,1.4720000000000013,467,104.74429499845428,104.74429499845428,908.960749000471,2811.4023190009902,8,39.776,7,7.327999114990234,1869,92.61637999952654,16000.0,0.064
65.08,running,518.59375,0.0,352.7658435576293,25,66.1,1.7395286560058594,0,63.68000000000005,62.20800000000005,1.4720000000000013,467,104.74429499845428,104.74429499845428,908.960749000471,2811.4023190009902,8,39.776,7,7.327999114990234,1869,92.61637999952654,16000.0,0.064
66.08,running,535.59375,0.0,324.793204491462,25,66.65,0.7306118011474609,0,65.66399999999986,63.10400000000005,2.5599999999998104,468,107.06346999904781,107.06346999904781,1106.687460998728,2811.4023190009902,8,40.672,7,7.327999114990234,1869,92.61637999952654,16000.0,0.064
67.08,running,519.0625,0.0,342.56577356031744,25,66.65,1.731442928314209,0,65.66399999999986,63.10400000000005,2.5599999999998104,468,107.06346999904781,107.06346999904781,1106.687460998728,2811.4023190009902,8,40.672,7,7.327999114990234,1869,92.61637999952654,16000.0,0.064
68.08,running,520.828125,0.0,260.7945820178824,25,66.1,0.6434576511383057,0,67.77599999999963,64.25600000000004,3.519999999999584,469,110.30270400078734,110.30270400078734,1509.028929998749,2811.4023190009902,8,41.824,7,7.327999114990234,1869,92.61637999952654,16000.0,0.064
69.08,running,519.46875,0.0,124.51063770827176,25,64.45,1.6474549770355225,0,67.77599999999963,64.25600000000004,3.519999999999584,469,110.30270400078734,110.30270400078734,1509.028929998749,2811.4023190009902,8,41.824,7,7.327999114990234,1869,92.61637999952654,16000.0,0.064
70.09,running,521.9375,0.0,287.80718127621617,25,67.2,0.6130237579345703,0,69.8239999999994,69.75999999999996,0.06399999999943873,485,117.57661999945412,117.57661999945412,1.841211000282783,2811.4023190009902,10,44.96,9,1.3440017700195312,337,92.61637999952654,16000.0,0.064
71.1,running,522.046875,0.0,199.8352595714381,25,65.0,1.624222993850708,0,69.8239999999994,69.75999999999996,0.06399999999943873,485,117.57661999945412,117.57661999945412,1.841211000282783,2811.4023190009902,10,44.96,9,1.3440017700195312,337,92.61637999952654,16000.0,0.064
72.1,running,522.046875,0.0,190.81798864301766,25,63.35,0.6242203712463379,0,71.80799999999918,71.80799999999988,0.0,499,123.08582500008924,123.08582500008924,0.25811199884628877,2811.4023190009902,11,46.976,11,1.1840057373046875,216,92.61637999952654,16000.0,0.064
73.1,running,522.390625,0.0,310.7890680812814,25,65.0,1.6247913837432861,0,71.80799999999918,71.80799999999988,0.0,499,123.08582500008924,123.08582500008924,0.25811199884628877,2811.4023190009902,11,46.976,11,1.1840057373046875,216,92.61637999952654,16000.0,0.064
74.1,running,523.546875,0.0,292.838474104646,25,65.0,0.6221096515655518,0,73.79199999999896,72.89599999999984,0.8959999999991197,505,128.1960109990905,128.1960109990905,788.8050629990175,2811.4023190009902,12,48.864,11,1.1840057373046875,216,92.61637999952654,16000.0,0.064
75.1,running,587.015625,0.0,340.7795299567596,25,66.1,1.62278151512146,0,73.79199999999896,72.89599999999984,0.8959999999991197,505,128.1960109990905,128.1960109990905,788.8050629990175,2811.4023190009902,12,48.864,11,1.1840057373046875,216,92.61637999952654,16000.0,0.064
76.1,running,587.390625,0.0,318.78368932732474,25,66.65,0.6105449199676514,0,75.77599999999875,73.66399999999985,2.1119999999989005,506,130.2565179994417,130.2565179994417,810.1765689989406,2811.4023190009902,12,49.632,11,1.1840057373046875,216,92.61637999952654,16000.0,0.064
77.1,running,574.359375,0.0,320.64629859512155,25,66.65,1.6117939949035645,0,75.77599999999875,73.66399999999985,2.1119999999989005,506,130.2565179994417,130.2565179994417,810.1765689989406,2811.4023190009902,12,49.632,11,1.1840057373046875,216,92.61637999952654,16000.0,0.064
78.1,running,524.8125,0.0,305.62123474080903,25,66.1,0.5750515460968018,0,77.88799999999851,77.11999999999985,0.7679999999986649,509,140.81600199824607,140.81600199824607,657.9467470000964,2811.4023190009902,13,53.472,12,4.384002685546875,841,92.61637999952654,16000.0,0.064
79.1,running,524.8125,0.0,285.2449085208032,25,66.1,1.5776376724243164,0,77.88799999999851,77.11999999999985,0.7679999999986649,509,140.81600199824607,140.81600199824607,657.9467470000964,2811.4023190009902,13,53.472,12,4.384002685546875,841,92.61637999952654,16000.0,0.064
80.1,running,558.484375,0.0,277.83310121102346,25,66.65,0.5783352851867676,1,79.8079999999983,79.10399999999984,0.7039999999984587,512,147.2012479989644,147.2012479989644,559.5194759989681,2811.4023190009902,15,55.904,14,0.832000732421875,253,111.60943100003351,16000.0,0.064
81.11,running,526.53125,0.0,310.9493927986341,25,66.1,1.5811481475830078,1,79.8079999999983,79.10399999999984,0.7039999999984587,512,147.2012479989644,147.2012479989644,559.5194759989681,2811.4023190009902,15,55.904,14,0.832000732421875,253,111.60943100003351,16000.0,0.064
82.11,running,528.1875,0.0,281.8067239855486,25,67.75,0.5799572467803955,1,81.79199999999808,80.76799999999983,1.023999999998253,515,151.65815299951646,151.65815299951646,776.5931470003125,2811.4023190009902,15,57.568,14,0.832000732421875,253,111.60943100003351,16000.0,0.064
83.11,running,527.59375,0.0,321.77248465138354,25,68.85,1.5805513858795166,1,81.79199999999808,80.76799999999983,1.023999999998253,515,151.65815299951646,151.65815299951646,776.5931470003125,2811.4023190009902,15,57.568,14,0.832000732421875,253,111.60943100003351,16000.0,0.064
84.11,running,591.609375,0.0,341.78933335900354,25,66.1,0.5804383754730225,1,83.77599999999786,82.17599999999983,1.5999999999980332,517,155.10431400070956,155.10431400070956,792.0520560001023,2811.4023190009902,15,58.976,14,0.832000732421875,253,111.60943100003351,16000.0,0.064
85.11,running,527.890625,0.0,318.68149123427105,25,67.75,1.5817923545837402,1,83.77599999999786,82.17599999999983,1.5999999999980332,517,155.10431400070956,155.10431400070956,792.0520560001023,2811.4023190009902,15,58.976,14,0.832000732421875,253,111.60943100003351,16000.0,0.064
86.12,running,592.875,0.0,317.4056795245889,25,68.3,0.5753920078277588,1,85.82399999999764,82.94399999999983,2.879999999997807,518,156.51667100064515,156.51667100064515,1724.571984999784,2811.4023190009902,15,59.744,14,0.832000732421875,253,111.60943100003351,16000.0,0.064
87.12,running,528.84375,0.0,346.60584676282326,25,66.65,1.5762872695922852,1,85.82399999999764,82.94399999999983,2.879999999997807,518,156.51667100064515,156.51667100064515,1724.571984999784,2811.4023190009902,15,59.744,14,0.832000732421875,253,111.60943100003351,16000.0,0.064
88.12,running,527.34375,0.0,290.73624988895386,25,66.1,0.47977733612060547,1,87.9359999999974,84.67199999999983,3.26399999999758,519,161.5101709994633,161.5101709994633,1206.7422000000079,2811.4023190009902,15,61.472,14,0.832000732421875,253,111.60943100003351,16000.0,0.064
89.12,running,527.4375,0.0,374.28207196660003,25,67.2,1.4805121421813965,1,87.9359999999974,84.67199999999983,3.26399999999758,519,161.5101709994633,161.5101709994633,1206.7422000000079,2811.4023190009902,15,61.472,14,0.832000732421875,253,111.60943100003351,16000.0,0.064
90.12,running,527.4375,0.0,347.6011670461743,25,66.65,0.4840221405029297,1,89.91999999999719,85.88799999999982,4.0319999999973675,520,164.39034799986985,164.39034799986985,2428.9576430001034,2811.4023190009902,15,62.688,14,0.832000732421875,253,111.60943100003351,16000.0,0.064
91.13,running,529.796875,0.0,308.70410310426706,25,67.2,1.4852452278137207,1,89.91999999999719,85.88799999999982,4.0319999999973675,520,164.39034799986985,164.39034799986985,2428.9576430001034,2811.4023190009902,15,62.688,14,0.832000732421875,253,111.60943100003351,16000.0,0.064
92.13,running,542.5625,0.0,351.56769021894235,25,67.2,0.4859585762023926,1,91.90399999999697,88.31999999999982,3.583999999997147,521,172.46624899962626,172.46624899962626,3067.955651999,3067.955651999,16,65.6,15,10.047996520996094,2585,111.60943100003351,16000.0,0.064
93.13,running,532.8125,0.0,308.61613985082596,25,66.65,1.4869136810302734,1,91.90399999999697,88.31999999999982,3.583999999997147,521,172.46624899962626,172.46624899962626,3067.955651999,3067.955651999,16,65.6,15,10.047996520996094,2585,111.60943100003351,16000.0,0.064
94.13,running,531.328125,0.0,344.4232088509655,25,67.2,0.4915480613708496,1,93.88799999999675,91.39199999999983,2.4959999999969256,522,180.3083879985934,180.3083879985934,1587.9673109993746,3067.955651999,16,68.672,15,10.047996520996094,2585,111.60943100003351,16000.0,0.064
95.13,running,531.09375,0.0,302.5456556923522,25,67.2,1.492234706878662,1,93.88799999999675,91.39199999999983,2.4959999999969256,522,180.3083879985934,180.3083879985934,1587.9673109993746,3067.955651999,16,68.672,15,10.047996520996094,2585,111.60943100003351,16000.0,0.064
96.13,running,531.09375,0.0,328.7831698009788,25,67.75,0.49202871322631836,1,95.93599999999653,92.99199999999982,2.9439999999967057,523,184.4891260006989,184.4891260006989,2053.943719000017,3067.955651999,16,70.272,15,10.047996520996094,2585,111.60943100003351,16000.0,0.064
97.14,running,531.1875,0.0,338.77114958637253,25,67.75,1.4926488399505615,1,95.93599999999653,92.99199999999982,2.9439999999967057,523,184.4891260006989,184.4891260006989,2053.943719000017,3067.955651999,16,70.272,15,10.047996520996094,2585,111.60943100003351,16000.0,0.064
98.14,running,531.8125,0.0,292.13592649118505,25,67.2,0.49463558197021484,1,97.9199999999963,95.03999999999982,2.8799999999964854,524,189.710164000644,189.710164000644,1450.4457290004211,3067.955651999,16,72.32,15,10.047996520996094,2585,111.60943100003351,16000.0,0.064
99.14,running,531.90625,0.0,361.75621212737235,25,67.2,1.4954454898834229,1,97.9199999999963,95.03999999999982,2.8799999999964854,524,189.710164000644,189.710164000644,1450.4457290004211,3067.955651999,16,72.32,15,10.047996520996094,2585,111.60943100003351,16000.0,0.064
100.15,running,595.90625,0.0,353.22084845060135,25,68.3,0.5088212490081787,2,99.8399999999961,96.51199999999982,3.3279999999962797,525,193.37169599930348,193.37169599930348,1775.6113010000263,3067.955651999,16,73.792,15,10.047996520996094,2585,134.3466999987868,16000.0,0.064
101.15,running,572.515625,0.0,302.62582707180553,25,66.65,1.5101044178009033,2,99.8399999999961,96.51199999999982,3.3279999999962797,525,193.37169599930348,193.37169599930348,1775.6113010000263,3067.955651999,16,73.792,15,10.047996520996094,2585,134.3466999987868,16000.0,0.064
102.15,running,581.734375,0.0,299.6142257115574,25,68.3,0.5025949478149414,2,101.82399999999588,98.17599999999982,3.6479999999960597,526,199.54436700027145,199.54436700027145,2415.51277599865,3067.955651999,17,75.936,16,10.047996520996094,1840,134.3466999987868,16000.0,0.064
103.16,running,534.71875,0.0,298.6284581190075,25,67.2,1.5033743381500244,2,101.82399999999588,98.17599999999982,3.6479999999960597,526,199.54436700027145,199.54436700027145,2415.51277599865,3067.955651999,17,75.936,16,10.047996520996094,1840,134.3466999987868,16000.0,0.064
104.16,running,536.296875,0.0,300.7342297760723,25,68.3,0.4125559329986572,2,103.93599999999564,101.95199999999981,1.9839999999958309,528,209.8062379991461,209.8062379991461,1154.3355789999623,3067.955651999,17,79.712,16,10.047996520996094,1840,134.3466999987868,16000.0,0.064
105.17,running,589.4375,0.0,309.0580232101157,25,67.75,1.4225878715515137,2,103.93599999999564,101.95199999999981,1.9839999999958309,528,209.8062379991461,209.8062379991461,1154.3355789999623,3067.955651999,17,79.712,16,10.047996520996094,1840,134.3466999987868,16000.0,0.064
106.17,running,575.78125,0.0,306.60269533565685,25,67.2,0.4185190200805664,2,105.91999999999543,105.02399999999982,0.8959999999956096,531,217.8096009993169,217.8096009993169,830.6815690011717,3067.955651999,17,82.784,16,10.047996520996094,1840,134.3466999987868,16000.0,0.064
107.17,running,565.78125,0.0,300.54039139377926,25,67.75,1.4200396537780762,2,105.91999999999543,105.02399999999982,0.8959999999956096,531,217.8096009993169,217.8096009993169,830.6815690011717,3067.955651999,17,82.784,16,10.047996520996094,1840,134.3466999987868,16000.0,0.064
108.18,running,539.125,0.0,291.91025988362696,25,66.65,0.42331719398498535,2,107.9679999999952,105.85599999999981,2.1119999999953905,532,220.05712700047297,220.05712700047297,1142.3693689994252,3067.955651999,17,83.616,16,10.047996520996094,1840,134.3466999987868,16000.0,0.064
109.18,running,547.96875,0.0,361.5096407314979,25,67.75,1.4247410297393799,2,107.9679999999952,105.85599999999981,2.1119999999953905,532,220.05712700047297,220.05712700047297,1142.3693689994252,3067.955651999,17,83.616,16,10.047996520996094,1840,134.3466999987868,16000.0,0.064
110.18,running,546.828125,0.0,286.60997827551387,25,67.75,0.41563892364501953,2,109.95199999999498,106.9439999999998,3.007999999995178,533,223.21095400002378,223.21095400002378,1249.4458940000186,3067.955651999,17,84.704,16,10.047996520996094,1840,134.3466999987868,16000.0,0.064
111.18,running,548.734375,0.0,295.7802151871207,25,67.75,1.4166252613067627,2,109.95199999999498,106.9439999999998,3.007999999995178,533,223.21095400002378,223.21095400002378,1249.4458940000186,3067.955651999,17,84.704,16,10.047996520996094,1840,134.3466999987868,16000.0,0.064
112.18,running,553.171875,0.0,295.7356253634842,25,67.2,0.3221170902252197,3,111.99999999999476,110.0799999999998,1.9199999999949569,535,232.0350789996155,232.0350789996155,1040.5441770017205,3067.955651999,18,88.32,17,10.047996520996094,1026,134.3466999987868,16000.0,0.064
113.18,running,549.328125,0.0,353.72542118994494,25,67.2,1.325709342956543,3,111.99999999999476,110.0799999999998,1.9199999999949569,535,232.0350789996155,232.0350789996155,1040.5441770017205,3067.955651999,18,88.32,17,10.047996520996094,1026,134.3466999987868,16000.0,0.064
114.19,running,549.890625,0.0,297.8132734596486,25,67.75,0.3257260322570801,3,113.98399999999454,112.2559999999998,1.7279999999947364,537,238.19271299907996,238.19271299907996,1330.1762659993983,3067.955651999,18,90.496,17,10.047996520996094,1026,134.3466999987868,16000.0,0.064
115.19,running,553.59375,0.0,291.8362603050578,25,66.65,1.3263561725616455,3,113.98399999999454,112.2559999999998,1.7279999999947364,537,238.19271299907996,238.19271299907996,1330.1762659993983,3067.955651999,18,90.496,17,10.047996520996094,1026,134.3466999987868,16000.0,0.064
116.19,running,561.984375,0.0,350.7631661136254,25,66.1,0.3229067325592041,3,115.96799999999432,113.6639999999998,2.3039999999945167,538,240.59486999976798,240.59486999976798,1105.7545479998225,3067.955651999,18,91.904,17,10.047996520996094,1026,134.3466999987868,16000.0,0.064
117.19,running,617.234375,0.0,285.6278283676248,25,66.65,1.3240482807159424,3,115.96799999999432,113.6639999999998,2.3039999999945167,538,240.59486999976798,240.59486999976798,1105.7545479998225,3067.955651999,18,91.904,17,10.047996520996094,1026,134.3466999987868,16000.0,0.064
118.19,running,595.234375,0.0,291.6808868171569,25,66.65,0.32414770126342773,3,117.9519999999941,116.6719999999998,1.2799999999943026,540,249.65879199953633,249.65879199953633,1037.9077779998624,3067.955651999,19,95.136,18,7.232002258300781,1229,134.3466999987868,16000.0,0.064
119.19,running,553.609375,0.0,269.65076370097944,25,66.65,1.3248319625854492,3,117.9519999999941,116.6719999999998,1.2799999999943026,540,249.65879199953633,249.65879199953633,1037.9077779998624,3067.955651999,19,95.136,18,7.232002258300781,1229,134.3466999987868,16000.0,0.064
120.19,running,554.5,0.0,229.84493718175145,25,65.0,0.3258395195007324,4,119.87199999999389,118.65599999999979,1.2159999999940965,542,254.5621069984918,254.5621069984918,814.1685259997757,3067.955651999,19,96.864,19,4.704002380371094,522,134.3466999987868,16000.0,0.064
121.19,running,608.96875,0.0,290.3924890397723,25,66.65,1.327160120010376,4,119.87199999999389,118.65599999999979,1.2159999999940965,542,254.5621069984918,254.5621069984918,814.1685259997757,3067.955651999,19,96.864,19,4.704002380371094,522,134.3466999987868,16000.0,0.064
122.2,running,588.25,0.0,284.9616882310371,25,66.65,0.32925844192504883,4,121.91999999999366,120.89599999999979,1.023999999993876,545,261.1690940011613,261.1690940011613,873.5532449991297,3067.955651999,20,99.52,19,4.704002380371094,522,134.3466999987868,16000.0,0.064
123.2,running,622.25,0.0,286.82818188821597,25,67.2,1.3298711776733398,4,121.91999999999366,120.89599999999979,1.023999999993876,545,261.1690940011613,261.1690940011613,873.5532449991297,3067.955651999,20,99.52,19,4.704002380371094,522,134.3466999987868,16000.0,0.064
124.2,running,615.953125,0.0,290.80982869288016,25,68.3,0.3303408622741699,4,123.90399999999345,122.75199999999978,1.151999999993663,547,266.79065200005425,266.79065200005425,922.0407200009504,3067.955651999,20,101.376,19,4.704002380371094,522,134.3466999987868,16000.0,0.064
125.2,running,556.765625,0.0,229.70386623495546,25,66.65,1.3309929370880127,4,123.90399999999345,122.75199999999978,1.151999999993663,547,266.79065200005425,266.79065200005425,922.0407200009504,3067.955651999,20,101.376,19,4.704002380371094,522,134.3466999987868,16000.0,0.064
126.2,running,557.171875,0.0,271.8429826778559,25,66.65,0.33084559440612793,4,125.88799999999323,124.54399999999977,1.343999999993457,549,272.32039499904204,272.32039499904204,744.5565470006841,3067.955651999,21,103.456,20,4.8000030517578125,273,134.3466999987868,16000.0,0.064
127.2,running,557.640625,0.0,336.7986597404629,25,65.55,1.335876226425171,4,125.88799999999323,124.54399999999977,1.343999999993457,549,272.32039499904204,272.32039499904204,744.5565470006841,3067.955651999,21,103.456,20,4.8000030517578125,273,134.3466999987868,16000.0,0.064
128.21,running,606.796875,0.0,282.54911312944955,25,67.2,0.33385515213012695,4,127.935999999993,126.27199999999976,1.6639999999932371,551,276.47348400023475,276.47348400023475,1320.9598600005847,3067.955651999,21,105.184,20,4.8000030517578125,273,134.3466999987868,16000.0,0.064
129.21,running,557.671875,0.0,277.6440054115746,25,66.65,1.3347785472869873,4,127.935999999993,126.27199999999976,1.6639999999932371,551,276.47348400023475,276.47348400023475,1320.9598600005847,3067.955651999,21,105.184,20,4.8000030517578125,273,134.3466999987868,16000.0,0.064
130.21,running,562.234375,0.0,288.7506337975944,25,67.2,0.3114964962005615,4,129.9199999999928,127.61599999999976,2.3039999999930387,552,283.6809740001627,283.6809740001627,1320.9068230007688,3067.955651999,21,107.872,20,4.8000030517578125,273,134.3466999987868,16000.0,0.064
131.21,running,621.90625,0.0,283.77022188715455,25,67.2,1.3125152587890625,4,129.9199999999928,127.61599999999976,2.3039999999930387,552,283.6809740001627,283.6809740001627,1320.9068230007688,3067.955651999,21,107.872,20,4.8000030517578125,273,134.3466999987868,16000.0,0.064
132.21,running,588.28125,0.0,285.7026912080127,25,68.3,0.30587124824523926,4,131.96799999999257,130.62399999999977,1.3439999999928034,555,287.6406739997037,287.6406739997037,1089.2267449999053,3067.955651999,21,109.536,20,4.8000030517578125,273,134.3466999987868,16000.0,0.064
133.21,running,559.25,0.0,344.54324006040827,25,67.75,1.3068723678588867,4,131.96799999999257,130.62399999999977,1.3439999999928034,555,287.6406739997037,287.6406739997037,1089.2267449999053,3067.955651999,21,109.536,20,4.8000030517578125,273,134.3466999987868,16000.0,0.064
134.23,running,580.859375,0.0,278.0368012066743,25,67.2,0.32382702827453613,4,133.95199999999235,131.77599999999975,2.175999999992598,556,291.8198549996305,291.8198549996305,2135.6479980004224,3067.955651999,21,110.688,20,4.8000030517578125,273,134.3466999987868,16000.0,0.064
135.23,running,559.71875,0.0,346.7243181075546,25,67.2,1.3244540691375732,4,133.95199999999235,131.77599999999975,2.175999999992598,556,291.8198549996305,291.8198549996305,2135.6479980004224,3067.955651999,21,110.688,20,4.8000030517578125,273,134.3466999987868,16000.0,0.064
136.23,running,559.984375,0.0,270.8308485310364,25,67.2,0.32443690299987793,4,135.93599999999213,133.88799999999975,2.047999999992385,557,297.09626300063974,297.09626300063974,1634.2898869988858,3067.955651999,22,113.28,21,10.048004150390625,845,134.3466999987868,16000.0,0.064
137.23,running,597.765625,0.0,287.80850862369743,25,66.1,1.3257272243499756,4,135.93599999999213,133.88799999999975,2.047999999992385,557,297.09626300063974,297.09626300063974,1634.2898869988858,3067.955651999,22,113.28,21,10.048004150390625,845,134.3466999987868,16000.0,0.064
138.23,running,604.703125,0.0,276.6256861655253,25,67.2,0.32606077194213867,5,137.85599999999192,136.51199999999974,1.3439999999921781,559,304.9921819983865,315.8865369987325,1070.5043790003401,3067.955651999,22,115.904,21,10.048004150390625,845,134.3466999987868,16000.0,0.064
139.23,running,563.78125,0.0,256.64227531469606,25,66.65,1.326887607574463,5,137.85599999999192,136.51199999999974,1.3439999999921781,559,304.9921819983865,315.8865369987325,1070.5043790003401,3067.955651999,22,115.904,21,10.048004150390625,845,134.3466999987868,16000.0,0.064
140.24,running,588.828125,0.0,362.85863469601026,25,66.1,0.3298804759979248,5,139.8399999999917,137.53599999999975,2.3039999999919587,560,307.4779500002478,315.8865369987325,1642.3596379991068,3067.955651999,22,116.928,21,10.048004150390625,845,134.3466999987868,16000.0,0.064
141.24,running,564.59375,0.0,252.6576130569901,25,67.75,1.331906795501709,5,139.8399999999917,137.53599999999975,2.3039999999919587,560,307.4779500002478,315.8865369987325,1642.3596379991068,3067.955651999,22,116.928,21,10.048004150390625,845,134.3466999987868,16000.0,0.064
142.24,running,564.59375,0.0,342.352562006415,25,67.2,0.33194613456726074,5,141.88799999999148,139.19999999999973,2.687999999991746,561,311.59811399993487,315.8865369987325,1925.304517000768,3067.955651999,22,118.592,21,10.048004150390625,845,134.3466999987868,16000.0,0.064
143.24,running,612.171875,0.0,297.8167075164627,25,66.65,1.333167552947998,5,141.88799999999148,139.19999999999973,2.687999999991746,561,311.59811399993487,315.8865369987325,1925.304517000768,3067.955651999,22,118.592,21,10.048004150390625,845,134.3466999987868,16000.0,0.064
144.24,running,601.03125,0.0,344.55478009502133,25,67.75,0.3301832675933838,6,143.80799999999127,141.11999999999972,2.687999999991547,562,317.1595419989899,317.1595419989899,1328.345239000555,3067.955651999,22,120.512,21,10.048004150390625,845,146.52744899831305,16000.0,0.064
145.24,running,565.109375,0.0,261.64367689595315,25,67.75,1.3315322399139404,6,143.80799999999127,141.11999999999972,2.687999999991547,562,317.1595419989899,317.1595419989899,1328.345239000555,3067.955651999,22,120.512,21,10.048004150390625,845,146.52744899831305,16000.0,0.064
146.24,running,567.375,0.0,262.67113757430974,25,66.1,0.31503987312316895,6,145.79199999999105,142.33599999999973,3.4559999999913202,563,320.20740500047395,320.20740500047395,2555.6915659999504,3067.955651999,23,121.696,22,9.439987182617188,1975,146.52744899831305,16000.0,0.064
147.25,running,566.9375,0.0,271.8416411749943,25,67.75,1.3196749687194824,6,145.79199999999105,142.33599999999973,3.4559999999913202,563,320.20740500047395,320.20740500047395,2555.6915659999504,3067.955651999,23,121.696,22,9.439987182617188,1975,146.52744899831305,16000.0,0.064
148.25,running,569.40625,0.0,276.4812865464425,25,67.75,0.22207164764404297,6,147.90399999999082,146.04799999999972,1.8559999999910985,565,329.5819209997717,329.5819209997717,966.659809999328,3067.955651999,23,125.408,22,9.439987182617188,1975,146.52744899831305,16000.0,0.064
149.25,running,569.40625,0.0,278.6509968714699,25,66.1,1.222722053527832,6,147.90399999999082,146.04799999999972,1.8559999999910985,565,329.5819209997717,329.5819209997717,966.659809999328,3067.955651999,23,125.408,22,9.439987182617188,1975,146.52744899831305,16000.0,0.064
150.25,running,567.96875,0.0,305.8253596513875,25,66.1,2.2232892513275146,6,147.90399999999082,146.04799999999972,1.8559999999910985,565,329.5819209997717,329.5819209997717,966.659809999328,3067.955651999,23,125.408,22,9.439987182617188,1975,146.52744899831305,16000.0,0.064
151.26,running,569.5625,0.0,310.66706988875615,25,67.2,1.0751652717590332,6,150.07999999999058,148.1599999999997,1.9199999999908641,567,335.6707769999048,335.6707769999048,1037.8549430006387,3067.955651999,23,127.52,22,9.439987182617188,1975,146.52744899831305,16000.0,0.064
152.26,running,570.125,0.0,270.7078731786776,25,67.2,2.075777769088745,6,150.07999999999058,148.1599999999997,1.9199999999908641,567,335.6707769999048,335.6707769999048,1037.8549430006387,3067.955651999,23,127.52,22,9.439987182617188,1975,146.52744899831305,16000.0,0.064
153.26,running,592.765625,0.0,262.8404001545883,25,67.75,0.978325366973877,6,152.19199999999034,150.3359999999997,1.8559999999906438,569,339.8856429994339,339.8856429994339,1202.341197998976,3067.955651999,23,129.696,22,9.439987182617188,1975,146.52744899831305,16000.0,0.064
154.26,running,626.234375,0.0,359.5927504222971,25,67.2,1.9796230792999268,6,152.19199999999034,150.3359999999997,1.8559999999906438,569,339.8856429994339,339.8856429994339,1202.341197998976,3067.955651999,23,129.696,22,9.439987182617188,1975,146.52744899831305,16000.0,0.064
155.26,running,573.53125,0.0,257.66838703981347,25,67.2,0.9804377555847168,6,154.17599999999013,151.5519999999997,2.623999999990417,570,344.28584499983117,344.28584499983117,1341.600933999871,3067.955651999,23,130.912,22,9.439987182617188,1975,146.52744899831305,16000.0,0.064
156.27,running,574.46875,0.0,254.8413495371717,25,66.65,1.9815471172332764,6,154.17599999999013,151.5519999999997,2.623999999990417,570,344.28584499983117,344.28584499983117,1341.600933999871,3067.955651999,23,130.912,22,9.439987182617188,1975,146.52744899831305,16000.0,0.064
157.27,running,572.46875,0.0,292.66392114232326,25,66.65,0.9816384315490723,6,156.1599999999899,154.8159999999997,1.343999999990217,572,352.88685799969244,352.88685799969244,1316.521118998935,3067.955651999,24,134.656,23,10.047988891601562,1003,146.52744899831305,16000.0,0.064
158.27,running,573.125,0.0,320.81384776483736,25,67.2,1.982252597808838,6,156.1599999999899,154.8159999999997,1.343999999990217,572,352.88685799969244,352.88685799969244,1316.521118998935,3067.955651999,24,134.656,23,10.047988891601562,1003,146.52744899831305,16000.0,0.064
159.27,running,627.640625,0.0,260.82821332173677,25,66.65,0.973487138748169,6,158.1439999999897,156.15999999999968,1.9839999999900044,573,358.0399700003909,358.0399700003909,1117.699033999088,3067.955651999,24,136.0,23,10.047988891601562,1003,146.52744899831305,16000.0,0.064
160.27,running,573.59375,0.0,259.6964425398666,25,67.75,1.9777781963348389,6,158.1439999999897,156.15999999999968,1.9839999999900044,573,358.0399700003909,358.0399700003909,1117.699033999088,3067.955651999,24,136.0,23,10.047988891601562,1003,146.52744899831305,16000.0,0.064
161.27,running,575.109375,0.0,261.8448932970052,25,66.65,0.880303144454956,6,160.25599999998946,158.52799999999968,1.7279999999897768,575,364.0036399992823,364.0036399992823,1040.9717879992968,3067.955651999,25,138.816,24,4.832000732421875,223,146.52744899831305,16000.0,0.064
162.27,running,574.515625,0.0,259.83993158682676,25,68.3,1.8815386295318604,6,160.25599999998946,158.52799999999968,1.7279999999897768,575,364.0036399992823,364.0036399992823,1040.9717879992968,3067.955651999,25,138.816,24,4.832000732421875,223,146.52744899831305,16000.0,0.064
163.27,running,580.359375,0.0,260.67208624568156,25,65.55,0.7745850086212158,6,162.36799999998922,160.57599999999968,1.7919999999895424,577,370.115589001216,370.115589001216,1046.914549999201,3067.955651999,25,140.864,24,4.832000732421875,223,146.52744899831305,16000.0,0.064
164.28,running,580.375,0.0,257.8302785782245,25,68.3,1.775163173675537,6,162.36799999998922,160.57599999999968,1.7919999999895424,577,370.115589001216,370.115589001216,1046.914549999201,3067.955651999,25,140.864,24,4.832000732421875,223,146.52744899831305,16000.0,0.064
165.28,running,580.90625,0.0,248.84146260628316,25,66.1,0.6821205615997314,6,164.479999999989,162.75199999999967,1.727999999989322,579,374.99384800139524,374.99384800139524,1081.108991000292,3067.955651999,25,143.04,24,4.832000732421875,223,146.52744899831305,16000.0,0.064
166.28,running,582.5,0.0,263.4459208028185,25,66.1,1.6831839084625244,6,164.479999999989,162.75199999999967,1.727999999989322,579,374.99384800139524,374.99384800139524,1081.108991000292,3067.955651999,25,143.04,24,4.832000732421875,223,146.52744899831305,16000.0,0.064
167.28,running,580.5,0.0,328.63405053909827,25,66.65,0.6827008724212646,6,166.46399999998877,165.05599999999967,1.4079999999891015,581,382.18770700041205,382.18770700041205,1115.1477089988475,3067.955651999,25,145.344,24,4.832000732421875,223,146.52744899831305,16000.0,0.064
168.28,running,602.84375,0.0,279.8260598412091,25,66.65,1.683938980102539,6,166.46399999998877,165.05599999999967,1.4079999999891015,581,382.18770700041205,382.18770700041205,1115.1477089988475,3067.955651999,25,145.344,24,4.832000732421875,223,146.52744899831305,16000.0,0.064
169.28,running,587.046875,0.0,251.89847492241756,25,66.65,0.6706089973449707,6,168.44799999998855,166.14399999999966,2.303999999988889,582,385.23012599944195,385.23012599944195,1274.0547949997563,3067.955651999,26,146.688,25,9.7919921875,583,146.52744899831305,16000.0,0.064
170.29,running,584.4375,0.0,237.71468271451886,25,67.2,1.6719205379486084,6,168.44799999998855,166.14399999999966,2.303999999988889,582,385.23012599944195,385.23012599944195,1274.0547949997563,3067.955651999,26,146.688,25,9.7919921875,583,146.52744899831305,16000.0,0.064
171.29,running,584.4375,0.0,292.6573494587118,25,65.55,0.598808765411377,6,170.55999999998832,168.70399999999967,1.8559999999886543,584,392.18459599942435,392.18459599942435,1339.177665000534,3067.955651999,26,149.248,25,9.7919921875,583,146.52744899831305,16000.0,0.064
172.29,running,585.1875,0.0,316.8010815514559,25,66.65,1.5998387336730957,6,170.55999999998832,168.70399999999967,1.8559999999886543,584,392.18459599942435,392.18459599942435,1339.177665000534,3067.955651999,26,149.248,25,9.7919921875,583,146.52744899831305,16000.0,0.064
173.29,running,585.09375,0.0,290.69265966219353,25,65.55,0.6000089645385742,6,172.5439999999881,170.04799999999966,2.4959999999884417,585,395.07866200074204,395.07866200074204,1297.5619379994896,3067.955651999,26,150.592,25,9.7919921875,583,146.52744899831305,16000.0,0.064
174.29,running,617.984375,0.0,309.8031290956441,25,67.2,1.6012160778045654,6,172.5439999999881,170.04799999999966,2.4959999999884417,585,395.07866200074204,395.07866200074204,1297.5619379994896,3067.955651999,26,150.592,25,9.7919921875,583,146.52744899831305,16000.0,0.064
175.29,running,587.9375,0.0,251.16588738112364,25,66.65,0.5720579624176025,6,174.59199999998788,171.32799999999966,3.263999999988215,586,398.5874899990449,398.5874899990449,2047.988225998779,3067.955651999,26,151.872,25,9.7919921875,583,146.52744899831305,16000.0,0.064
176.29,running,587.421875,0.0,240.8589217037354,25,66.1,1.5726618766784668,6,174.59199999998788,171.32799999999966,3.263999999988215,586,398.5874899990449,398.5874899990449,2047.988225998779,3067.955651999,26,151.872,25,9.7919921875,583,146.52744899831305,16000.0,0.064
177.29,running,587.421875,0.0,362.757936707463,25,67.2,0.4447188377380371,6,176.70399999998764,174.78399999999968,1.9199999999879651,588,408.353229999193,408.353229999193,1232.6532899987797,3067.955651999,26,155.328,25,9.7919921875,583,146.52744899831305,16000.0,0.064
178.29,running,588.25,0.0,236.71609171500546,25,66.1,1.445815086364746,6,176.70399999998764,174.78399999999968,1.9199999999879651,588,408.353229999193,408.353229999193,1232.6532899987797,3067.955651999,26,155.328,25,9.7919921875,583,146.52744899831305,16000.0,0.064
179.3,running,588.546875,0.0,276.71613794452037,25,65.55,0.44535231590270996,6,178.75199999998742,175.9999999999997,2.7519999999877314,589,412.93159799897694,412.93159799897694,1972.9059860001144,3067.955651999,27,157.024,26,10.047988891601562,1036,146.52744899831305,16000.0,0.064
180.3,running,588.21875,0.0,310.7957009324793,25,67.2,1.445990800857544,6,178.75199999998742,175.9999999999997,2.7519999999877314,589,412.93159799897694,412.93159799897694,1972.9059860001144,3067.955651999,27,157.024,26,10.047988891601562,1036,146.52744899831305,16000.0,0.064
181.3,running,589.671875,0.0,259.9973249959429,25,66.65,0.44905686378479004,6,180.7359999999872,179.3279999999997,1.40799999998751,591,422.35704000086116,422.35704000086116,1260.7252830002835,3067.955651999,27,160.352,26,10.047988891601562,1036,146.52744899831305,16000.0,0.064
182.3,running,589.578125,0.0,252.8266759366409,25,66.1,1.4496374130249023,6,180.7359999999872,179.3279999999997,1.40799999998751,591,422.35704000086116,422.35704000086116,1260.7252830002835,3067.955651999,27,160.352,26,10.047988891601562,1036,146.52744899831305,16000.0,0.064
183.3,running,592.265625,0.0,336.88507278747403,25,66.65,0.4526500701904297,6,182.71999999998698,180.5439999999997,2.175999999987283,592,423.6993979993713,423.6993979993713,1690.6546099999105,3067.955651999,27,161.568,26,10.047988891601562,1036,146.52744899831305,16000.0,0.064
184.31,running,592.171875,0.0,332.69769191310354,25,66.65,1.4533054828643799,6,182.71999999998698,180.5439999999997,2.175999999987283,592,423.6993979993713,423.6993979993713,1690.6546099999105,3067.955651999,27,161.568,26,10.047988891601562,1036,146.52744899831305,16000.0,0.064
185.31,running,659.421875,0.0,258.2087628833938,25,66.65,0.4524345397949219,6,184.76799999998676,182.2719999999997,2.495999999987049,593,428.62206300014805,428.62206300014805,2331.162417998712,3067.955651999,27,163.296,26,10.047988891601562,1036,146.52744899831305,16000.0,0.064
186.31,running,593.03125,0.0,320.7889064643645,25,66.65,1.4530346393585205,6,184.76799999998676,182.2719999999997,2.495999999987049,593,428.62206300014805,428.62206300014805,2331.162417998712,3067.955651999,27,163.296,26,10.047988891601562,1036,146.52744899831305,16000.0,0.064
187.31,running,596.4375,0.0,265.0994278175122,25,66.65,0.4550631046295166,6,186.75199999998654,184.5759999999997,2.1759999999868285,594,434.4200850009656,434.4200850009656,1946.4872019998438,3067.955651999,27,165.6,26,10.047988891601562,1036,146.52744899831305,16000.0,0.064
188.31,running,596.421875,0.0,352.74410743122604,25,66.1,1.4570472240447998,6,186.75199999998654,184.5759999999997,2.1759999999868285,594,434.4200850009656,434.4200850009656,1946.4872019998438,3067.955651999,27,165.6,26,10.047988891601562,1036,146.52744899831305,16000.0,0.064
189.32,running,596.421875,0.0,248.52236933183295,25,66.65,0.4571223258972168,6,188.73599999998632,184.5759999999997,4.15999999998661,594,434.4200850009656,434.4200850009656,1946.4872019998438,3067.955651999,27,165.6,26,10.047988891601562,1036,146.52744899831305,16000.0,0.064
190.32,running,643.140625,0.0,340.7959617090267,25,67.2,1.458416223526001,6,188.73599999998632,184.5759999999997,4.15999999998661,594,434.4200850009656,434.4200850009656,1946.4872019998438,3067.955651999,27,165.6,26,10.047988891601562,1036,146.52744899831305,16000.0,0.064
191.32,running,597.953125,0.0,237.88168205463168,25,68.3,0.4332733154296875,6,190.7199999999861,186.4959999999997,4.223999999986404,595,441.3533879996976,441.3533879996976,2710.935540999344,3067.955651999,28,168.0,27,10.047988891601562,1480,146.52744899831305,16000.0,0.064
192.32,running,601.421875,0.0,346.7828598312386,25,67.2,1.4343984127044678,6,190.7199999999861,186.4959999999997,4.223999999986404,595,441.3533879996976,441.3533879996976,2710.935540999344,3067.955651999,28,168.0,27,10.047988891601562,1480,146.52744899831305,16000.0,0.064
193.32,running,596.734375,0.0,215.73021922184967,25,63.9,0.33516669273376465,6,192.83199999998587,189.2479999999997,3.583999999986162,596,448.8303049984097,448.8303049984097,1581.0999450004601,3067.955651999,28,170.752,27,10.047988891601562,1480,146.52744899831305,16000.0,0.064
194.33,running,619.9375,0.0,368.6541137854095,25,66.65,1.3404500484466553,6,192.83199999998587,189.2479999999997,3.583999999986162,596,448.8303049984097,448.8303049984097,1581.0999450004601,3067.955651999,28,170.752,27,10.047988891601562,1480,146.52744899831305,16000.0,0.064
195.33,running,627.515625,0.0,344.561172403481,25,67.75,0.23881959915161133,6,194.94399999998564,190.8479999999997,4.095999999985935,597,453.04415300051915,453.04415300051915,2273.35272199889,3067.955651999,28,172.352,27,10.047988891601562,1480,146.52744899831305,16000.0,0.064
196.33,running,600.0,0.0,219.70044854481034,25,66.1,1.2403841018676758,6,194.94399999998564,190.8479999999997,4.095999999985935,597,453.04415300051915,453.04415300051915,2273.35272199889,3067.955651999,28,172.352,27,10.047988891601562,1480,146.52744899831305,16000.0,0.064
197.33,running,600.515625,0.0,298.58511299961265,25,65.55,0.23665547370910645,6,196.9919999999854,193.0879999999997,3.9039999999857002,598,459.38341799956106,459.38341799956106,2963.365583000268,3067.955651999,29,174.912,28,8.287994384765625,2281,146.52744899831305,16000.0,0.064
198.33,running,601.171875,0.0,259.84629416079736,25,66.1,1.237260103225708,6,196.9919999999854,193.0879999999997,3.9039999999857002,598,459.38341799956106,459.38341799956106,2963.365583000268,3067.955651999,29,174.912,28,8.287994384765625,2281,146.52744899831305,16000.0,0.064
199.34,running,601.203125,0.0,252.2027643634686,25,66.65,0.23986601829528809,6,198.9759999999852,197.5039999999997,1.471999999985485,600,471.28251700087276,471.28251700087276,1136.9644180012983,3067.955651999,30,179.2,29,3.10400390625,845,146.52744899831305,16000.0,0.064
200.34,running,601.734375,0.0,223.8765430565879,25,66.1,1.240419864654541,6,198.9759999999852,197.5039999999997,1.471999999985485,600,471.28251700087276,471.28251700087276,1136.9644180012983,3067.955651999,30,179.2,29,3.10400390625,845,146.52744899831305,16000.0,0.064
201.34,running,601.640625,0.0,327.823774068884,25,67.2,0.24047327041625977,6,200.95999999998497,198.5919999999997,2.3679999999852726,601,472.1138349996181,472.1138349996181,1284.5422210011748,3067.955651999,30,180.288,29,3.10400390625,845,146.52744899831305,16000.0,0.064
202.34,running,621.265625,0.0,241.2958547796878,25,66.1,1.2439956665039062,6,200.95999999998497,198.5919999999997,2.3679999999852726,601,472.1138349996181,472.1138349996181,1284.5422210011748,3067.955651999,30,180.288,29,3.10400390625,845,146.52744899831305,16000.0,0.064
203.34,running,604.1875,0.0,222.71231559795507,25,65.55,0.2221698760986328,6,203.00799999998475,199.8719999999997,3.135999999985046,602,477.90270800032886,477.90270800032886,1749.6621409991349,3067.955651999,31,181.696,30,3.2639923095703125,748,146.52744899831305,16000.0,0.064
204.34,running,608.984375,0.0,231.85241573578529,25,63.9,1.2227497100830078,6,203.00799999998475,199.8719999999997,3.135999999985046,602,477.90270800032886,477.90270800032886,1749.6621409991349,3067.955651999,31,181.696,30,3.2639923095703125,748,146.52744899831305,16000.0,0.064
205.34,running,604.875,0.0,251.85557770033907,25,65.0,0.14979863166809082,6,205.05599999998452,203.0719999999997,1.9839999999848317,604,485.58595899885404,485.58595899885404,1202.3445289996744,3067.955651999,32,184.864,31,2.0159912109375,559,146.52744899831305,16000.0,0.064
206.34,running,610.515625,0.0,316.803497562167,25,65.55,1.1510910987854004,6,205.05599999998452,203.0719999999997,1.9839999999848317,604,485.58595899885404,485.58595899885404,1202.3445289996744,3067.955651999,32,184.864,31,2.0159912109375,559,146.52744899831305,16000.0,0.064
207.35,running,608.21875,0.0,220.9214849488919,25,66.65,0.028737783432006836,6,207.1679999999843,205.3759999999997,1.791999999984597,606,491.6201470005035,491.6201470005035,1593.2256560008682,3067.955651999,32,187.168,31,2.0159912109375,559,146.52744899831305,16000.0,0.064
208.35,running,607.515625,0.0,243.7748675715462,25,65.0,1.0292985439300537,6,207.1679999999843,205.3759999999997,1.791999999984597,606,491.6201470005035,491.6201470005035,1593.2256560008682,3067.955651999,32,187.168,31,2.0159912109375,559,146.52744899831305,16000.0,0.064
209.35,running,607.796875,0.0,288.83838250513116,25,66.1,2.029874324798584,6,207.1679999999843,205.3759999999997,1.791999999984597,606,491.6201470005035,491.6201470005035,1593.2256560008682,3067.955651999,32,187.168,31,2.0159912109375,559,146.52744899831305,16000.0,0.064
210.35,running,608.484375,0.0,211.87670195521824,25,66.65,1.0201587677001953,6,209.21599999998406,206.9759999999997,2.239999999984377,607,496.0053300001164,496.0053300001164,1348.300992998702,3067.955651999,33,188.768,32,5.0879974365234375,457,146.52744899831305,16000.0,0.064
211.35,running,609.03125,0.0,218.8599445181863,25,64.45,2.020759105682373,6,209.21599999998406,206.9759999999997,2.239999999984377,607,496.0053300001164,496.0053300001164,1348.300992998702,3067.955651999,33,188.768,32,5.0879974365234375,457,146.52744899831305,16000.0,0.064
212.35,running,610.546875,0.0,226.87214348106806,25,65.0,0.9006330966949463,6,211.32799999998383,209.59999999999968,1.7279999999841493,609,502.7159470009792,502.7159470009792,982.492347000516,3067.955651999,34,191.296,34,1.8560028076171875,418,146.52744899831305,16000.0,0.064
213.35,running,610.3125,0.0,244.84910317033984,25,65.55,1.901545763015747,6,211.32799999998383,209.59999999999968,1.7279999999841493,609,502.7159470009792,502.7159470009792,982.492347000516,3067.955651999,34,191.296,34,1.8560028076171875,418,146.52744899831305,16000.0,0.064
214.36,running,608.875,0.0,222.0899699137583,25,65.55,0.7402157783508301,6,213.5039999999836,211.5839999999997,1.9199999999839008,611,508.33033800154226,508.33033800154226,1054.168018999917,3067.955651999,36,193.696,35,1.0559844970703125,458,146.52744899831305,16000.0,0.064
215.36,running,609.515625,0.0,261.73683591280775,25,65.0,1.7408697605133057,6,213.5039999999836,211.5839999999997,1.9199999999839008,611,508.33033800154226,508.33033800154226,1054.168018999917,3067.955651999,36,193.696,35,1.0559844970703125,458,146.52744899831305,16000.0,0.064
216.36,running,611.4375,0.0,302.0929670748234,25,65.0,0.6203718185424805,6,215.61599999998336,213.82399999999967,1.7919999999836875,613,513.4831529994699,513.4831529994699,1647.4354670008324,3067.955651999,36,195.936,35,1.0559844970703125,458,146.52744899831305,16000.0,0.064
217.36,running,612.140625,0.0,219.85379568670686,25,65.0,1.6210734844207764,6,215.61599999998336,213.82399999999967,1.7919999999836875,613,513.4831529994699,513.4831529994699,1647.4354670008324,3067.955651999,36,195.936,35,1.0559844970703125,458,146.52744899831305,16000.0,0.064
218.36,running,613.8125,0.0,210.85888732886525,25,65.0,0.6120133399963379,7,217.53599999998315,215.48799999999966,2.047999999983489,614,518.4102270013682,518.4102270013682,1414.3709220006713,3067.955651999,36,197.6,35,1.0559844970703125,458,147.60789700085297,16000.0,0.064
219.36,running,613.8125,0.0,276.8047892352264,25,65.0,1.6126046180725098,7,217.53599999998315,215.48799999999966,2.047999999983489,614,518.4102270013682,518.4102270013682,1414.3709220006713,3067.955651999,36,197.6,35,1.0559844970703125,458,147.60789700085297,16000.0,0.064
220.36,running,614.46875,0.0,304.81036649784005,25,66.1,0.5109801292419434,7,219.64799999998291,217.98399999999964,1.6639999999832753,616,524.9550850003288,524.9550850003288,1375.9315209990746,3067.955651999,36,200.096,35,1.0559844970703125,458,147.60789700085297,16000.0,0.064
221.37,running,615.03125,0.0,214.98983685562666,25,66.1,1.5204195976257324,7,219.64799999998291,217.98399999999964,1.6639999999832753,616,524.9550850003288,524.9550850003288,1375.9315209990746,3067.955651999,36,200.096,35,1.0559844970703125,458,147.60789700085297,16000.0,0.064
222.37,running,615.515625,0.0,203.86203310735098,25,66.1,0.5012352466583252,7,221.6319999999827,219.32799999999963,2.3039999999830627,617,528.525671999887,528.525671999887,1491.2753720000183,3067.955651999,36,201.44,35,1.0559844970703125,458,147.60789700085297,16000.0,0.064
223.37,running,614.515625,0.0,99.94278035954298,25,64.45,1.501821517944336,7,221.6319999999827,219.32799999999963,2.3039999999830627,617,528.525671999887,528.525671999887,1491.2753720000183,3067.955651999,36,201.44,35,1.0559844970703125,458,147.60789700085297,16000.0,0.064
224.37,running,615.515625,0.0,99.9411968984848,25,62.8,0.40729856491088867,8,223.67999999998247,222.71999999999963,0.9599999999828412,620,532.2354440013441,532.2354440013441,584.1138029991271,3067.955651999,36,202.4,36,10.047988891601562,661,147.60789700085297,16000.0,0.064
225.37,running,615.5,0.0,99.94231978920452,25,62.8,1.407860279083252,8,223.67999999998247,222.71999999999963,0.9599999999828412,620,532.2354440013441,532.2354440013441,584.1138029991271,3067.955651999,36,202.4,36,10.047988891601562,661,147.60789700085297,16000.0,0.064
226.38,running,615.515625,0.0,100.9427012888419,25,62.25,0.3182551860809326,8,225.79199999998224,224.9599999999996,0.831999999982628,624,530.3870489988185,532.2354440013441,579.9920839999686,3067.955651999,36,202.4,36,10.047988891601562,661,147.60789700085297,16000.0,0.064
227.38,running,615.515625,0.0,98.94259073853037,25,62.25,1.318871259689331,8,225.79199999998224,224.9599999999996,0.831999999982628,624,530.3870489988185,532.2354440013441,579.9920839999686,3067.955651999,36,202.4,36,10.047988891601562,661,147.60789700085297,16000.0,0.064
228.38,running,615.5,0.0,99.94084930870349,25,62.25,0.19814753532409668,8,227.839999999982,226.75199999999958,1.0879999999824292,627,531.172606999462,532.5108350007213,584.5092679992376,3067.955651999,36,202.4,36,10.047988891601562,661,147.60789700085297,16000.0,0.064
229.38,running,616.5,0.0,101.94172460536662,25,61.15,1.198699951171875,8,227.839999999982,226.75199999999958,1.0879999999824292,627,531.172606999462,532.5108350007213,584.5092679992376,3067.955651999,36,202.4,36,10.047988891601562,661,147.60789700085297,16000.0,0.064
230.38,running,616.515625,0.0,98.94524053756624,25,60.6,0.1905808448791504,9,229.8239999999818,229.05599999999956,0.7679999999822371,631,530.1061220015981,532.5108350007213,580.8846239997365,3067.955651999,36,202.4,36,10.047988891601562,661,147.60789700085297,16000.0,0.064
231.38,running,616.515625,0.0,99.94581777319782,25,60.6,1.1911396980285645,9,229.8239999999818,229.05599999999956,0.7679999999822371,631,530.1061220015981,532.5108350007213,580.8846239997365,3067.955651999,36,202.4,36,10.047988891601562,661,147.60789700085297,16000.0,0.064
232.38,running,616.5,0.0,99.94285617282719,25,60.6,2.1916956901550293,9,229.8239999999818,229.05599999999956,0.7679999999822371,631,530.1061220015981,532.5108350007213,580.8846239997365,3067.955651999,36,202.4,36,10.047988891601562,661,147.60789700085297,16000.0,0.064
233.38,running,617.5,0.0,100.94336088203265,25,60.6,1.0396332740783691,9,231.99999999998155,231.29599999999954,0.7039999999820168,635,530.6544019986177,532.5108350007213,581.4813489996595,3067.955651999,36,202.4,36,10.047988891601562,661,147.60789700085297,16000.0,0.064
234.38,running,616.515625,0.0,99.88169492672993,25,61.15,2.040322780609131,9,231.99999999998155,231.29599999999954,0.7039999999820168,635,530.6544019986177,532.5108350007213,581.4813489996595,3067.955651999,36,202.4,36,10.047988891601562,661,147.60789700085297,16000.0,0.064
235.38,running,616.5,0.0,99.94434898746756,25,60.6,0.9366374015808105,9,234.04799999998133,233.0879999999995,0.9599999999818181,638,532.2930000002088,532.5108350007213,583.095725000021,3067.955651999,36,202.4,36,10.047988891601562,661,147.60789700085297,16000.0,0.064
236.38,running,616.5,0.0,99.94048114615863,25,60.05,1.9372212886810303,9,234.04799999998133,233.0879999999995,0.9599999999818181,638,532.2930000002088,532.5108350007213,583.095725000021,3067.955651999,36,202.4,36,10.047988891601562,661,147.60789700085297,16000.0,0.064
237.38,running,616.515625,0.0,100.9417896961975,25,60.6,0.8713729381561279,9,236.1599999999811,235.39199999999948,0.7679999999816118,642,531.977091999579,532.5108350007213,582.8522240008169,3067.955651999,36,202.4,36,10.047988891601562,661,147.60789700085297,16000.0,0.064
238.38,running,616.515625,0.0,99.94476702371367,25,60.05,1.8719375133514404,9,236.1599999999811,235.39199999999948,0.7679999999816118,642,531.977091999579,532.5108350007213,582.8522240008169,3067.955651999,36,202.4,36,10.047988891601562,661,147.60789700085297,16000.0,0.064
239.38,running,616.5,0.0,99.94357205910431,25,61.15,0.724231481552124,10,238.27199999998086,237.11999999999946,1.151999999981399,645,530.9402359998785,532.5108350007213,582.1519990004163,3067.955651999,36,202.4,36,10.047988891601562,661,147.60789700085297,16000.0,0.064
240.38,running,617.5,0.0,99.94154848578508,25,60.05,1.725297451019287,10,238.27199999998086,237.11999999999946,1.151999999981399,645,530.9402359998785,532.5108350007213,582.1519990004163,3067.955651999,36,202.4,36,10.047988891601562,661,147.60789700085297,16000.0,0.064
241.39,running,616.515625,0.0,99.87614359429284,25,59.5,0.7116296291351318,10,240.25599999998065,239.35999999999945,0.8959999999811998,649,531.9378879994474,532.5108350007213,582.9743909998797,3067.955651999,36,202.4,36,10.047988891601562,661,147.60789700085297,16000.0,0.064
242.39,running,616.5,0.0,99.9448447378511,25,60.6,1.7121903896331787,10,240.25599999998065,239.35999999999945,0.8959999999811998,649,531.9378879994474,532.5108350007213,582.9743909998797,3067.955651999,36,202.4,36,10.047988891601562,661,147.60789700085297,16000.0,0.064
243.39,running,616.5,0.0,100.94296853503927,25,59.5,0.6024811267852783,10,242.3679999999804,241.7279999999994,0.6399999999810007,653,531.5401269999711,532.5108350007213,582.647260000158,3067.955651999,36,202.4,36,10.047988891601562,661,147.60789700085297,16000.0,0.064
244.39,running,616.515625,0.0,99.94142093522109,25,59.5,1.603034257888794,10,242.3679999999804,241.7279999999994,0.6399999999810007,653,531.5401269999711,532.5108350007213,582.647260000158,3067.955651999,36,202.4,36,10.047988891601562,661,147.60789700085297,16000.0,0.064
245.39,running,616.515625,0.0,99.94527206783236,25,59.5,0.507692813873291,11,244.4159999999802,243.51999999999938,0.8959999999808019,656,531.3580890015146,532.5108350007213,583.2190029996127,3067.955651999,36,202.4,36,10.047988891601562,661,147.60789700085297,16000.0,0.064
246.39,running,616.5,0.0,99.94125802646697,25,60.05,1.508296012878418,11,244.4159999999802,243.51999999999938,0.8959999999808019,656,531.3580890015146,532.5108350007213,583.2190029996127,3067.955651999,36,202.4,36,10.047988891601562,661,147.60789700085297,16000.0,0.064
247.39,running,617.5,0.0,99.93781409496131,25,58.95,0.39203667640686035,11,246.52799999997995,245.75999999999937,0.7679999999805887,660,531.4357750012277,532.5108350007213,582.4280740016547,3067.955651999,36,202.4,36,10.047988891601562,661,147.60789700085297,16000.0,0.064
248.39,running,616.515625,0.0,99.89705728108059,25,59.5,1.3926544189453125,11,246.52799999997995,245.75999999999937,0.7679999999805887,660,531.4357750012277,532.5108350007213,582.4280740016547,3067.955651999,36,202.4,36,10.047988891601562,661,147.60789700085297,16000.0,0.064
249.39,running,616.5,0.0,100.94445581806809,25,59.5,0.2389686107635498,12,248.57599999997973,248.06399999999934,0.5119999999803895,664,532.3905010009184,532.6687050001055,583.4183560000383,3067.955651999,36,202.4,36,10.047988891601562,661,151.81115299856174,16000.0,0.064
250.39,running,616.5,0.0,99.94377003587502,25,58.95,1.2395236492156982,12,248.57599999997973,248.06399999999934,0.5119999999803895,664,532.3905010009184,532.6687050001055,583.4183560000383,3067.955651999,36,202.4,36,10.047988891601562,661,151.81115299856174,16000.0,0.064
251.39,running,616.515625,0.0,98.94557399755415,25,58.95,0.22740459442138672,12,250.6239999999795,249.72799999999933,0.8959999999801767,667,531.3882560003549,532.6687050001055,582.4366659999214,3067.955651999,36,202.4,36,10.047988891601562,661,151.81115299856174,16000.0,0.064
252.39,running,616.515625,0.0,100.94535444368596,25,60.05,1.2279679775238037,12,250.6239999999795,249.72799999999933,0.8959999999801767,667,531.3882560003549,532.6687050001055,582.4366659999214,3067.955651999,36,202.4,36,10.047988891601562,661,151.81115299856174,16000.0,0.064
253.39,running,616.515625,0.0,160.9054165778766,25,60.05,0.09403681755065918,12,252.73599999997927,251.5199999999993,1.2159999999799709,670,532.1105550010543,532.6687050001055,584.2022100005124,3067.955651999,36,202.4,36,10.047988891601562,661,151.81115299856174,16000.0,0.064
254.39,running,616.078125,0.0,157.917227211643,25,59.5,1.094614028930664,12,252.73599999997927,251.5199999999993,1.2159999999799709,670,532.1105550010543,532.6687050001055,584.2022100005124,3067.955651999,36,202.4,36,10.047988891601562,661,151.81115299856174,16000.0,0.064
255.39,running,618.78125,0.0,99.94193703265469,25,59.5,2.095153570175171,12,252.73599999997927,251.5199999999993,1.2159999999799709,670,532.1105550010543,532.6687050001055,584.2022100005124,3067.955651999,36,202.4,36,10.047988891601562,661,151.81115299856174,16000.0,0.064
256.4,running,617.078125,0.0,99.3901340866862,25,59.5,1.0082483291625977,12,254.78399999997905,253.6959999999993,1.0879999999797576,673,534.4558600008895,534.4558600008895,589.0296349989512,3067.955651999,37,203.552,37,1.1519927978515625,205,151.81115299856174,16000.0,0.064
257.4,running,617.078125,0.0,99.94211272885244,25,59.5,2.0088582038879395,12,254.78399999997905,253.6959999999993,1.0879999999797576,673,534.4558600008895,534.4558600008895,589.0296349989512,3067.955651999,37,203.552,37,1.1519927978515625,205,151.81115299856174,16000.0,0.064
258.4,running,616.078125,0.0,99.9384392205543,25,60.05,0.952610969543457,12,256.8959999999792,256.0639999999993,0.8319999999799279,677,535.0410099999863,535.0410099999863,586.3365879995399,3067.955651999,37,203.552,37,1.1519927978515625,205,151.81115299856174,16000.0,0.064
259.4,running,616.078125,0.0,100.94232791327677,25,58.95,1.9531822204589844,12,256.8959999999792,256.0639999999993,0.8319999999799279,677,535.0410099999863,535.0410099999863,586.3365879995399,3067.955651999,37,203.552,37,1.1519927978515625,205,151.81115299856174,16000.0,0.064
260.4,running,617.078125,0.0,99.94253444178314,25,58.4,0.8233158588409424,12,259.0079999999799,258.36799999999937,0.6399999999805459,681,535.295011000926,535.3342710004654,586.6152739999961,3067.955651999,37,203.552,37,1.1519927978515625,205,151.81115299856174,16000.0,0.064
261.4,running,617.078125,0.0,99.9437145983901,25,60.05,1.8239085674285889,12,259.0079999999799,258.36799999999937,0.6399999999805459,681,535.295011000926,535.3342710004654,586.6152739999961,3067.955651999,37,203.552,37,1.1519927978515625,205,151.81115299856174,16000.0,0.064
262.4,running,617.078125,0.0,99.94150044193971,25,59.5,0.7073543071746826,12,261.1199999999806,260.1599999999994,0.9599999999812212,684,533.8549690004584,535.3342710004654,585.2339549983299,3067.955651999,37,203.552,37,1.1519927978515625,205,151.81115299856174,16000.0,0.064
263.4,running,616.0625,0.0,99.94549961912473,25,58.95,1.7079167366027832,12,261.1199999999806,260.1599999999994,0.9599999999812212,684,533.8549690004584,535.3342710004654,585.2339549983299,3067.955651999,37,203.552,37,1.1519927978515625,205,151.81115299856174,16000.0,0.064
264.4,running,617.0625,0.0,99.94338726821691,25,58.95,0.6108517646789551,13,263.1679999999813,262.46399999999943,0.7039999999818747,688,535.2827699989575,535.5779749988869,587.7500009992218,3067.955651999,37,203.552,37,1.1519927978515625,205,151.81115299856174,16000.0,0.064
265.4,running,619.0625,0.0,99.9388480185275,25,58.95,1.611800193786621,13,263.1679999999813,262.46399999999943,0.7039999999818747,688,535.2827699989575,535.5779749988869,587.7500009992218,3067.955651999,37,203.552,37,1.1519927978515625,205,151.81115299856174,16000.0,0.064
266.41,running,617.078125,0.0,100.90179581373383,25,58.95,0.48628711700439453,14,265.215999999982,264.1279999999994,1.0879999999825714,691,534.4169889995101,535.5779749988869,584.7694709991629,3067.955651999,37,203.552,37,1.1519927978515625,205,151.81115299856174,16000.0,0.064
267.41,running,617.0625,0.0,99.94206838018508,25,58.4,1.486881971359253,14,265.215999999982,264.1279999999994,1.0879999999825714,691,534.4169889995101,535.5779749988869,584.7694709991629,3067.955651999,37,203.552,37,1.1519927978515625,205,151.81115299856174,16000.0,0.064
268.41,running,617.0625,0.0,99.94077909195535,25,58.95,0.4011240005493164,14,267.3279999999827,266.49599999999947,0.8319999999832248,695,533.7830610005767,535.5779749988869,586.1553649992857,3067.955651999,37,203.552,37,1.1519927978515625,205,151.81115299856174,16000.0,0.064
269.41,running,617.0625,0.0,99.94280822765457,25,59.5,1.4016914367675781,14,267.3279999999827,266.49599999999947,0.8319999999832248,695,533.7830610005767,535.5779749988869,586.1553649992857,3067.955651999,37,203.552,37,1.1519927978515625,205,151.81115299856174,16000.0,0.064
270.41,running,617.0625,0.0,100.94226808854455,25,58.4,0.30818605422973633,14,269.4399999999834,268.22399999999953,1.2159999999838647,698,535.4563259988936,535.5779749988869,585.8662350001396,3067.955651999,37,203.552,37,1.1519927978515625,205,151.81115299856174,16000.0,0.064
271.41,running,617.0625,0.0,99.9367784949093,25,58.95,1.308788776397705,14,269.4399999999834,268.22399999999953,1.2159999999838647,698,535.4563259988936,535.5779749988869,585.8662350001396,3067.955651999,37,203.552,37,1.1519927978515625,205,151.81115299856174,16000.0,0.064
272.41,running,619.0625,0.0,99.94177981556777,25,59.5,0.29604005813598633,14,271.42399999998406,270.5919999999996,0.8319999999844754,702,535.1021579990629,535.5779749988869,586.5016999996442,3067.955651999,37,203.552,37,1.1519927978515625,205,151.81115299856174,16000.0,0.064
273.41,running,618.0625,0.0,99.89096840870761,25,58.95,1.2967126369476318,14,271.42399999998406,270.5919999999996,0.8319999999844754,702,535.1021579990629,535.5779749988869,586.5016999996442,3067.955651999,37,203.552,37,1.1519927978515625,205,151.81115299856174,16000.0,0.064
274.41,running,617.0625,0.0,99.94218304740333,25,58.95,0.1408224105834961,15,273.47199999998475,272.83199999999965,0.6399999999850934,706,535.3115100006107,535.5779749988869,585.7804930001294,3067.955651999,37,203.552,37,1.1519927978515625,205,168.52804700101842,16000.0,0.064
275.41,running,618.0625,0.0,202.883784313398,25,60.05,1.1414153575897217,15,273.47199999998475,272.83199999999965,0.6399999999850934,706,535.3115100006107,535.5779749988869,585.7804930001294,3067.955651999,37,203.552,37,1.1519927978515625,205,168.52804700101842,16000.0,0.064
276.41,running,617.515625,0.0,181.89203289105834,25,60.05,2.141982316970825,15,273.47199999998475,272.83199999999965,0.6399999999850934,706,535.3115100006107,535.5779749988869,585.7804930001294,3067.955651999,37,203.552,37,1.1519927978515625,205,168.52804700101842,16000.0,0.064
277.41,running,615.703125,0.0,99.94414381651976,25,58.4,1.0396168231964111,16,275.51999999998543,273.9839999999997,1.5359999999857337,708,537.5546300001588,537.5546300001588,984.2874440000742,3067.955651999,38,204.448,37,1.1519927978515625,205,168.52804700101842,16000.0,0.064
278.41,running,617.890625,0.0,100.94275011745025,25,60.05,2.0401830673217773,16,275.51999999998543,273.9839999999997,1.5359999999857337,708,537.5546300001588,537.5546300001588,984.2874440000742,3067.955651999,38,204.448,37,1.1519927978515625,205,168.52804700101842,16000.0,0.064
279.41,running,615.703125,0.0,99.94214978585231,25,59.5,0.9128906726837158,16,277.63199999998614,276.99199999999973,0.6399999999864008,712,538.8989690000017,539.3730070009042,590.921179000361,3067.955651999,38,204.832,38,1.279998779296875,309,168.52804700101842,16000.0,0.064
280.41,running,653.984375,0.0,148.90976827473511,25,60.05,1.9141416549682617,16,277.63199999998614,276.99199999999973,0.6399999999864008,712,538.8989690000017,539.3730070009042,590.921179000361,3067.955651999,38,204.832,38,1.279998779296875,309,168.52804700101842,16000.0,0.064
281.42,running,681.703125,0.0,205.81212772605897,25,61.15,0.8239967823028564,17,279.6799999999868,278.7199999999998,0.9599999999870192,715,538.535153000339,539.3730070009042,590.3880650002975,3067.955651999,38,204.832,38,1.279998779296875,309,168.52804700101842,16000.0,0.064
282.42,running,617.515625,0.0,222.85575794780632,25,61.7,1.8245642185211182,17,279.6799999999868,278.7199999999998,0.9599999999870192,715,538.535153000339,539.3730070009042,590.3880650002975,3067.955651999,38,204.832,38,1.279998779296875,309,168.52804700101842,16000.0,0.064
283.42,running,616.671875,0.0,266.8520148132189,25,60.05,0.8215534687042236,17,281.6639999999875,280.2559999999998,1.4079999999876804,717,543.0094090006605,543.0094090006605,1329.030454999156,3067.955651999,39,206.816,38,1.279998779296875,309,168.52804700101842,16000.0,0.064
284.42,running,642.609375,0.0,270.28010569530016,25,62.25,1.8249411582946777,17,281.6639999999875,280.2559999999998,1.4079999999876804,717,543.0094090006605,543.0094090006605,1329.030454999156,3067.955651999,39,206.816,38,1.279998779296875,309,168.52804700101842,16000.0,0.064
285.43,running,616.765625,0.0,201.71626610183728,25,62.25,0.811331033706665,17,283.64799999998814,281.5999999999998,2.047999999988349,718,546.9147019994125,546.9147019994125,1241.7203929999232,3067.955651999,39,208.16,38,1.279998779296875,309,168.52804700101842,16000.0,0.064
286.43,running,617.359375,0.0,201.86271014302235,25,62.25,1.8130438327789307,17,283.64799999998814,281.5999999999998,2.047999999988349,718,546.9147019994125,546.9147019994125,1241.7203929999232,3067.955651999,39,208.16,38,1.279998779296875,309,168.52804700101842,16000.0,0.064
287.43,running,618.125,0.0,202.76908922997526,25,62.25,0.7168078422546387,17,285.75999999998885,284.0959999999998,1.6639999999890733,720,551.3214220009104,551.3214220009104,1025.5846319996635,3067.955651999,40,210.24,40,1.376007080078125,408,168.52804700101842,16000.0,0.064
288.43,running,618.515625,0.0,256.76824149834647,25,61.7,1.717386245727539,17,285.75999999998885,284.0959999999998,1.6639999999890733,720,551.3214220009104,551.3214220009104,1025.5846319996635,3067.955651999,40,210.24,40,1.376007080078125,408,168.52804700101842,16000.0,0.064
289.43,running,619.109375,0.0,252.85324599899909,25,63.9,0.6055111885070801,17,287.87199999998955,286.27199999999976,1.599999999989791,722,562.8467599999567,562.8467599999567,1454.5577520002553,3067.955651999,44,213.792,43,0.928009033203125,395,168.52804700101842,16000.0,0.064
290.43,running,619.53125,0.0,230.85650052264927,25,63.35,1.6064682006835938,17,287.87199999998955,286.27199999999976,1.599999999989791,722,562.8467599999567,562.8467599999567,1454.5577520002553,3067.955651999,44,213.792,43,0.928009033203125,395,168.52804700101842,16000.0,0.064
291.44,running,617.90625,0.0,148.8600927997552,25,62.25,0.5954775810241699,18,289.8559999999902,287.74399999999974,2.1119999999904735,723,563.9897820001352,563.9897820001352,1242.1435790001851,3067.955651999,45,214.464,44,0.991973876953125,288,168.52804700101842,16000.0,0.064
292.44,running,618.90625,0.0,155.90862554051358,25,61.15,1.5960705280303955,18,289.8559999999902,287.74399999999974,2.1119999999904735,723,563.9897820001352,563.9897820001352,1242.1435790001851,3067.955651999,45,214.464,44,0.991973876953125,288,168.52804700101842,16000.0,0.064
293.44,running,620.515625,0.0,188.8882790052431,25,61.7,0.47273874282836914,18,291.9679999999909,290.81599999999975,1.151999999991176,726,568.1779650003591,568.1779650003591,834.680133000802,3067.955651999,47,215.936,46,0.928009033203125,444,168.52804700101842,16000.0,0.064
294.44,running,618.59375,0.0,233.86026334748308,25,62.25,1.4733378887176514,18,291.9679999999909,290.81599999999975,1.151999999991176,726,568.1779650003591,568.1779650003591,834.680133000802,3067.955651999,47,215.936,46,0.928009033203125,444,168.52804700101842,16000.0,0.064
295.44,running,622.171875,0.0,257.1818107889098,25,62.8,0.4754300117492676,18,293.9519999999916,292.67199999999974,1.279999999991844,728,572.2491840006114,572.2491840006114,1149.4314409992512,3067.955651999,47,217.792,46,0.928009033203125,444,168.52804700101842,16000.0,0.064
296.44,running,686.546875,0.0,194.87570106748507,25,63.35,1.476090908050537,18,293.9519999999916,292.67199999999974,1.279999999991844,728,572.2491840006114,572.2491840006114,1149.4314409992512,3067.955651999,47,217.792,46,0.928009033203125,444,168.52804700101842,16000.0,0.064
297.44,running,621.640625,0.0,276.81801181129526,25,63.35,0.47614145278930664,18,295.99999999999227,293.8239999999997,2.1759999999925412,729,575.8800679996057,575.8800679996057,1344.993513999725,3067.955651999,47,218.944,46,0.928009033203125,444,168.52804700101842,16000.0,0.064
298.44,running,644.1875,0.0,273.26594400305,25,63.9,1.4794533252716064,18,295.99999999999227,293.8239999999997,2.1759999999925412,729,575.8800679996057,575.8800679996057,1344.993513999725,3067.955651999,47,218.944,46,0.928009033203125,444,168.52804700101842,16000.0,0.064
299.45,running,679.78125,0.0,194.74253829063755,25,65.0,0.47769904136657715,18,297.9199999999929,295.1679999999997,2.7519999999931883,730,578.4892430001491,578.4892430001491,1572.3783889989136,3067.955651999,48,220.32,47,3.71197509765625,408,168.52804700101842,16000.0,0.064
300.45,running,621.78125,0.0,188.73357707669464,25,63.35,1.4784247875213623,18,297.9199999999929,295.1679999999997,2.7519999999931883,730,578.4892430001491,578.4892430001491,1572.3783889989136,3067.955651999,48,220.32,47,3.71197509765625,408,168.52804700101842,16000.0,0.064
301.45,running,624.3125,0.0,211.86782117517677,25,62.8,0.39313673973083496,18,300.0319999999936,298.11199999999974,1.9199999999938768,732,587.6387400003296,587.6387400003296,1176.308947000507,3067.955651999,49,223.328,48,2.656005859375,727,168.52804700101842,16000.0,0.064
302.45,running,623.34375,0.0,259.83985601948007,25,62.8,1.3937616348266602,18,300.0319999999936,298.11199999999974,1.9199999999938768,732,587.6387400003296,587.6387400003296,1176.308947000507,3067.955651999,49,223.328,48,2.656005859375,727,168.52804700101842,16000.0,0.064
303.45,running,624.984375,0.0,268.8381884452371,25,64.45,0.29298925399780273,18,302.1439999999943,300.5439999999997,1.5999999999946226,734,594.4630249996408,594.4630249996408,1249.8001069998281,3067.955651999,49,225.76,48,2.656005859375,727,168.52804700101842,16000.0,0.064
304.45,running,626.375,0.0,195.33030380252754,25,63.9,1.2964386940002441,18,302.1439999999943,300.5439999999997,1.5999999999946226,734,594.4630249996408,594.4630249996408,1249.8001069998281,3067.955651999,49,225.76,48,2.656005859375,727,168.52804700101842,16000.0,0.064
305.45,running,625.765625,0.0,191.8795595031579,25,63.9,0.274364709854126,18,304.191999999995,301.7599999999997,2.4319999999952984,735,597.7219799988234,597.7219799988234,1293.0818589993578,3067.955651999,50,227.36,49,4.57598876953125,628,168.52804700101842,16000.0,0.064
306.45,running,625.765625,0.0,212.8014592176832,25,62.8,1.2749876976013184,18,304.191999999995,301.7599999999997,2.4319999999952984,735,597.7219799988234,597.7219799988234,1293.0818589993578,3067.955651999,50,227.36,49,4.57598876953125,628,168.52804700101842,16000.0,0.064
307.46,running,689.421875,0.0,321.2110728415755,25,65.55,0.26998209953308105,18,306.17599999999567,304.19199999999967,1.9839999999960014,737,601.0068819996377,601.0068819996377,1389.479843999652,3067.955651999,50,228.512,49,4.57598876953125,628,168.52804700101842,16000.0,0.064
308.46,running,627.015625,0.0,192.75973828694387,25,62.8,1.2712526321411133,18,306.17599999999567,304.19199999999967,1.9839999999960014,737,601.0068819996377,601.0068819996377,1389.479843999652,3067.955651999,50,228.512,49,4.57598876953125,628,168.52804700101842,16000.0,0.064
309.46,running,669.671875,0.0,351.56760910694146,25,65.0,0.27191162109375,18,308.15999999999633,305.5999999999997,2.5599999999966485,738,604.2792090011062,604.2792090011062,1921.9549179997557,3067.955651999,50,229.92,49,4.57598876953125,628,168.52804700101842,16000.0,0.064
310.46,running,627.015625,0.0,261.66159750384014,25,63.9,1.2725887298583984,18,308.15999999999633,305.5999999999997,2.5599999999966485,738,604.2792090011062,604.2792090011062,1921.9549179997557,3067.955651999,50,229.92,49,4.57598876953125,628,168.52804700101842,16000.0,0.064
311.46,running,627.046875,0.0,283.80065898273176,25,66.1,0.2723100185394287,18,310.207999999997,307.5199999999997,2.6879999999973165,739,609.61913599931,609.61913599931,2290.359016000366,3067.955651999,50,231.84,49,4.57598876953125,628,168.52804700101842,16000.0,0.064
312.47,running,685.3125,0.0,341.68577414488,25,65.55,1.273575782775879,18,310.207999999997,307.5199999999997,2.6879999999973165,739,609.61913599931,609.61913599931,2290.359016000366,3067.955651999,50,231.84,49,4.57598876953125,628,168.52804700101842,16000.0,0.064
313.47,running,690.234375,0.0,342.54372388157975,25,66.65,0.2741670608520508,18,312.1919999999977,307.5199999999997,4.671999999997979,739,609.61913599931,609.61913599931,2290.359016000366,3067.955651999,50,231.84,49,4.57598876953125,628,168.52804700101842,16000.0,0.064
314.47,running,628.09375,0.0,169.96154988661004,25,65.0,1.2803702354431152,18,312.1919999999977,307.5199999999997,4.671999999997979,739,609.61913599931,609.61913599931,2290.359016000366,3067.955651999,50,231.84,49,4.57598876953125,628,168.52804700101842,16000.0,0.064
315.47,running,629.40625,0.0,375.52575078305273,25,66.1,0.28030896186828613,18,314.17599999999834,309.7599999999997,4.415999999998633,740,616.4426420000382,616.4426420000382,3573.426726999969,3573.426726999969,50,234.08,49,4.57598876953125,628,168.52804700101842,16000.0,0.064
316.48,running,629.3125,0.0,333.65394380499544,25,66.1,1.2809274196624756,18,314.17599999999834,309.7599999999997,4.415999999998633,740,616.4426420000382,616.4426420000382,3573.426726999969,3573.426726999969,50,234.08,49,4.57598876953125,628,168.52804700101842,16000.0,0.064
317.48,running,628.296875,0.0,204.8587114053302,25,66.1,0.2813143730163574,18,316.223999999999,313.2799999999997,2.9439999999993347,741,625.0191549988813,625.0191549988813,2711.2698079999973,3573.426726999969,51,238.08,50,10.048004150390625,1293,168.52804700101842,16000.0,0.064
318.48,running,628.296875,0.0,321.7240312386415,25,65.55,1.2818996906280518,18,316.223999999999,313.2799999999997,2.9439999999993347,741,625.0191549988813,625.0191549988813,2711.2698079999973,3573.426726999969,51,238.08,50,10.048004150390625,1293,168.52804700101842,16000.0,0.064
319.48,running,628.671875,0.0,219.17035582244063,25,66.65,0.28040075302124023,18,318.2079999999997,316.09599999999966,2.112000000000023,742,633.4795570001006,633.4795570001006,1977.490047000174,3573.426726999969,51,240.896,50,10.048004150390625,1293,168.52804700101842,16000.0,0.064
320.48,running,628.671875,0.0,291.7958284164358,25,64.45,1.2810702323913574,18,318.2079999999997,316.09599999999966,2.112000000000023,742,633.4795570001006,633.4795570001006,1977.490047000174,3573.426726999969,51,240.896,50,10.048004150390625,1293,168.52804700101842,16000.0,0.064
321.48,running,632.421875,0.0,247.17957588794766,25,66.1,0.2840092182159424,18,320.19200000000035,318.0159999999997,2.17600000000067,743,638.6500939988764,638.6500939988764,1897.539030000189,3573.426726999969,51,242.816,50,10.048004150390625,1293,168.52804700101842,16000.0,0.064
322.49,running,634.40625,0.0,196.8351682617873,25,65.55,1.2846043109893799,18,320.19200000000035,318.0159999999997,2.17600000000067,743,638.6500939988764,638.6500939988764,1897.539030000189,3573.426726999969,51,242.816,50,10.048004150390625,1293,168.52804700101842,16000.0,0.064
323.49,running,630.5,0.0,314.81177089388035,25,66.1,0.28461456298828125,18,322.176000000001,319.9359999999997,2.2400000000013165,744,642.5782009991963,642.5782009991963,1624.5716720004566,3573.426726999969,51,244.608,51,8.1920166015625,892,168.52804700101842,16000.0,0.064
324.49,running,695.671875,0.0,193.51225757978176,25,66.65,1.2871646881103516,18,322.176000000001,319.9359999999997,2.2400000000013165,744,642.5782009991963,642.5782009991963,1624.5716720004566,3573.426726999969,51,244.608,51,8.1920166015625,892,168.52804700101842,16000.0,0.064
325.49,running,630.40625,0.0,253.84320435282,25,65.0,0.26764845848083496,18,324.2240000000017,321.5359999999997,2.6880000000019777,745,648.8941130010062,648.8941130010062,1566.709589000311,3573.426726999969,52,246.464,51,8.1920166015625,892,168.52804700101842,16000.0,0.064
326.49,running,686.84375,0.0,274.8227437273921,25,66.65,1.2689058780670166,18,324.2240000000017,321.5359999999997,2.6880000000019777,745,648.8941130010062,648.8941130010062,1566.709589000311,3573.426726999969,52,246.464,51,8.1920166015625,892,168.52804700101842,16000.0,0.064
327.49,running,632.015625,0.0,166.77072644042494,25,63.9,0.21523499488830566,18,326.2720000000024,323.0719999999997,3.2000000000026603,746,653.4369080000033,653.4369080000033,1691.743105000569,3573.426726999969,52,248.0,51,8.1920166015625,892,168.52804700101842,16000.0,0.064
328.49,running,632.65625,0.0,319.7000848743328,25,65.55,1.215851068496704,18,326.2720000000024,323.0719999999997,3.2000000000026603,746,653.4369080000033,653.4369080000033,1691.743105000569,3573.426726999969,52,248.0,51,8.1920166015625,892,168.52804700101842,16000.0,0.064
329.49,running,695.671875,0.0,228.85055578136277,25,65.55,0.13316798210144043,18,328.3840000000031,326.33599999999973,2.0480000000033556,748,659.4295960003365,659.4295960003365,1609.0067259992793,3573.426726999969,52,251.264,51,8.1920166015625,892,168.52804700101842,16000.0,0.064
330.49,running,633.40625,0.0,238.69314993043247,25,64.45,1.1338281631469727,18,328.3840000000031,326.33599999999973,2.0480000000033556,748,659.4295960003365,659.4295960003365,1609.0067259992793,3573.426726999969,52,251.264,51,8.1920166015625,892,168.52804700101842,16000.0,0.064
331.49,running,633.3125,0.0,297.80840377214076,25,67.2,0.13409972190856934,18,330.36800000000375,327.9999999999997,2.368000000004031,749,665.7343980004953,665.7343980004953,1736.6619370004628,3573.426726999969,52,252.928,51,8.1920166015625,892,168.52804700101842,16000.0,0.064
332.5,running,634.0625,0.0,165.83439230351584,25,65.0,1.1348376274108887,18,330.36800000000375,327.9999999999997,2.368000000004031,749,665.7343980004953,665.7343980004953,1736.6619370004628,3573.426726999969,52,252.928,51,8.1920166015625,892,168.52804700101842,16000.0,0.064
333.5,running,634.0625,0.0,230.83816051956703,25,64.45,0.12017703056335449,18,332.3520000000044,329.7279999999997,2.624000000004685,750,668.7950940013252,668.7950940013252,1725.9824899992964,3573.426726999969,52,254.656,52,10.048004150390625,967,168.52804700101842,16000.0,0.064
334.5,running,634.109375,0.0,293.7743797506745,25,67.2,1.1243312358856201,18,332.3520000000044,329.7279999999997,2.624000000004685,750,668.7950940013252,668.7950940013252,1725.9824899992964,3573.426726999969,52,254.656,52,10.048004150390625,967,168.52804700101842,16000.0,0.064
335.5,running,634.59375,0.0,169.9045573043091,25,65.55,0.014833211898803711,18,334.4640000000051,332.67199999999974,1.7920000000053733,752,677.5988299996243,677.5988299996243,1550.9890110006381,3573.426726999969,53,257.76,53,3.10400390625,798,168.52804700101842,16000.0,0.064
336.5,running,635.421875,0.0,197.84719192988268,25,65.0,1.0154259204864502,18,334.4640000000051,332.67199999999974,1.7920000000053733,752,677.5988299996243,677.5988299996243,1550.9890110006381,3573.426726999969,53,257.76,53,3.10400390625,798,168.52804700101842,16000.0,0.064
337.5,running,633.46875,0.0,313.82178343352837,25,67.2,0.014728784561157227,18,336.5120000000058,334.27199999999976,2.2400000000060345,753,683.2520919997478,683.2520919997478,1363.577431999147,3573.426726999969,54,259.552,53,3.10400390625,798,168.52804700101842,16000.0,0.064
338.5,running,632.09375,0.0,172.8905310753074,25,65.0,1.016019344329834,18,336.5120000000058,334.27199999999976,2.2400000000060345,753,683.2520919997478,683.2520919997478,1363.577431999147,3573.426726999969,54,259.552,53,3.10400390625,798,168.52804700101842,16000.0,0.064
339.5,running,632.09375,0.0,338.5587813937489,25,66.1,2.016702890396118,18,336.5120000000058,334.27199999999976,2.2400000000060345,753,683.2520919997478,683.2520919997478,1363.577431999147,3573.426726999969,54,259.552,53,3.10400390625,798,168.52804700101842,16000.0,0.064
340.51,running,634.90625,0.0,179.2533406446241,25,66.65,0.9659857749938965,18,338.49600000000646,335.55199999999974,2.9440000000067243,754,686.0186569992948,686.0186569992948,1592.4277390004136,3573.426726999969,54,260.832,53,3.10400390625,798,168.52804700101842,16000.0,0.064
341.51,running,699.0,0.0,349.6526836952444,25,66.65,1.9672479629516602,18,338.49600000000646,335.55199999999974,2.9440000000067243,754,686.0186569992948,686.0186569992948,1592.4277390004136,3573.426726999969,54,260.832,53,3.10400390625,798,168.52804700101842,16000.0,0.064
342.51,running,634.90625,0.0,262.6644695173168,25,65.55,0.9043447971343994,19,340.54400000000714,337.2159999999997,3.328000000007421,755,691.6842709997582,691.6842709997582,1980.4314829998475,3573.426726999969,54,262.496,53,3.10400390625,798,168.52804700101842,16000.0,0.064
343.51,running,646.875,0.0,258.4586134621669,25,66.65,1.9064810276031494,19,340.54400000000714,337.2159999999997,3.328000000007421,755,691.6842709997582,691.6842709997582,1980.4314829998475,3573.426726999969,54,262.496,53,3.10400390625,798,168.52804700101842,16000.0,0.064
344.51,running,646.859375,0.0,322.8007654312705,25,66.1,0.9059951305389404,19,342.5280000000078,339.0719999999997,3.456000000008089,756,696.1117499995453,696.1117499995453,2714.959002998512,3573.426726999969,54,264.352,53,3.10400390625,798,168.52804700101842,16000.0,0.064
345.52,running,649.21875,0.0,192.41957865557222,25,66.65,1.909024715423584,19,342.5280000000078,339.0719999999997,3.456000000008089,756,696.1117499995453,696.1117499995453,2714.959002998512,3573.426726999969,54,264.352,53,3.10400390625,798,168.52804700101842,16000.0,0.064
346.52,running,675.859375,0.0,350.77002394814986,25,67.2,0.9056947231292725,19,344.51200000000847,341.8239999999997,2.688000000008742,757,702.9737009997916,702.9737009997916,2240.1639400013664,3573.426726999969,54,267.104,53,3.10400390625,798,168.52804700101842,16000.0,0.064
347.52,running,649.21875,0.0,353.5381141205931,25,67.75,1.9063827991485596,19,344.51200000000847,341.8239999999997,2.688000000008742,757,702.9737009997916,702.9737009997916,2240.1639400013664,3573.426726999969,54,267.104,53,3.10400390625,798,168.52804700101842,16000.0,0.064
348.52,running,649.578125,0.0,154.89146956086498,25,66.65,0.8976218700408936,19,346.56000000000915,341.8239999999997,4.736000000009426,757,702.9737009997916,702.9737009997916,2240.1639400013664,3573.426726999969,54,267.104,53,3.10400390625,798,168.52804700101842,16000.0,0.064
349.52,running,649.671875,0.0,359.7461116994635,25,67.2,1.8986022472381592,19,346.56000000000915,341.8239999999997,4.736000000009426,757,702.9737009997916,702.9737009997916,2240.1639400013664,3573.426726999969,54,267.104,53,3.10400390625,798,168.52804700101842,16000.0,0.064
350.52,running,650.1875,0.0,149.30636726040305,25,65.55,0.777904748916626,19,348.67200000000986,344.06399999999974,4.608000000010122,758,710.6861000011122,710.6861000011122,3110.590164998939,3573.426726999969,56,269.888,55,0.54400634765625,172,168.52804700101842,16000.0,0.064
351.53,running,663.890625,0.0,355.21530700793465,25,68.3,1.7791533470153809,19,348.67200000000986,344.06399999999974,4.608000000010122,758,710.6861000011122,710.6861000011122,3110.590164998939,3573.426726999969,56,269.888,55,0.54400634765625,172,168.52804700101842,16000.0,0.064
352.53,running,649.234375,0.0,153.79321579380257,25,66.1,0.6856367588043213,19,350.72000000001054,347.19999999999976,3.520000000010782,759,718.9021300000604,718.9021300000604,2135.4474789986853,3573.426726999969,57,273.152,56,3.391998291015625,660,168.52804700101842,16000.0,0.064
353.53,running,649.328125,0.0,359.41132968133104,25,67.2,1.6885745525360107,19,350.72000000001054,347.19999999999976,3.520000000010782,759,718.9021300000604,718.9021300000604,2135.4474789986853,3573.426726999969,57,273.152,56,3.391998291015625,660,168.52804700101842,16000.0,0.064
354.53,running,649.171875,0.0,142.88597941739775,25,66.1,0.5741381645202637,19,352.83200000001125,349.3119999999998,3.520000000011464,760,724.7494109997206,724.7494109997206,1919.2466639997292,3573.426726999969,57,275.264,56,3.391998291015625,660,168.52804700101842,16000.0,0.064
355.53,running,649.265625,0.0,370.5836203975307,25,66.65,1.5749711990356445,19,352.83200000001125,349.3119999999998,3.520000000011464,760,724.7494109997206,724.7494109997206,1919.2466639997292,3573.426726999969,57,275.264,56,3.391998291015625,660,168.52804700101842,16000.0,0.064
356.54,running,649.171875,0.0,261.8121735902075,25,66.65,0.4310445785522461,19,355.008000000012,351.2319999999998,3.776000000012175,761,728.1637939995562,728.1637939995562,2119.9888289993396,3573.426726999969,57,277.184,56,3.391998291015625,660,168.52804700101842,16000.0,0.064
357.54,running,672.125,0.0,247.84874311705607,25,67.75,1.4318304061889648,19,355.008000000012,351.2319999999998,3.776000000012175,761,728.1637939995562,728.1637939995562,2119.9888289993396,3573.426726999969,57,277.184,56,3.391998291015625,660,168.52804700101842,16000.0,0.064
358.54,running,674.421875,0.0,355.72618261654816,25,67.75,0.4317317008972168,19,357.05600000001266,353.4079999999998,3.648000000012871,762,733.5210349992849,733.5210349992849,2536.364752000736,3573.426726999969,57,279.36,56,3.391998291015625,660,168.52804700101842,16000.0,0.064
359.54,running,650.703125,0.0,139.4343387309619,25,66.1,1.4373791217803955,19,357.05600000001266,353.4079999999998,3.648000000012871,762,733.5210349992849,733.5210349992849,2536.364752000736,3573.426726999969,57,279.36,56,3.391998291015625,660,168.52804700101842,16000.0,0.064
360.54,running,650.703125,0.0,346.22522239069207,25,67.75,0.43694210052490234,19,359.0400000000133,355.90399999999977,3.136000000013553,763,743.1042749994958,743.1042749994958,2456.7982549997396,3573.426726999969,58,282.336,57,10.048004150390625,1344,168.52804700101842,16000.0,0.064
361.54,running,651.921875,0.0,159.8920814793391,25,67.2,1.437875509262085,19,359.0400000000133,355.90399999999977,3.136000000013553,763,743.1042749994958,743.1042749994958,2456.7982549997396,3573.426726999969,58,282.336,57,10.048004150390625,1344,168.52804700101842,16000.0,0.064
362.54,running,701.21875,0.0,352.67358684062384,25,66.1,0.4379396438598633,19,361.024000000014,358.39999999999975,2.6240000000142345,764,751.4635650004493,751.4635650004493,1862.214398001015,3573.426726999969,58,284.832,57,10.048004150390625,1344,168.52804700101842,16000.0,0.064
363.55,running,652.828125,0.0,141.4170949973641,25,67.2,1.442479133605957,19,361.024000000014,358.39999999999975,2.6240000000142345,764,751.4635650004493,751.4635650004493,1862.214398001015,3573.426726999969,58,284.832,57,10.048004150390625,1344,168.52804700101842,16000.0,0.064
364.55,running,652.828125,0.0,330.50896646434524,25,66.65,0.44199132919311523,19,363.07200000001467,360.25599999999974,2.816000000014924,765,755.0075039998774,755.0075039998774,2112.685023999802,3573.426726999969,58,286.688,57,10.048004150390625,1344,168.52804700101842,16000.0,0.064
365.55,running,653.859375,0.0,185.86167040725482,25,67.2,1.4428207874298096,19,363.07200000001467,360.25599999999974,2.816000000014924,765,755.0075039998774,755.0075039998774,2112.685023999802,3573.426726999969,58,286.688,57,10.048004150390625,1344,168.52804700101842,16000.0,0.064
366.55,running,653.859375,0.0,234.83783109212072,25,66.65,0.4334754943847656,19,365.05600000001533,362.36799999999977,2.6880000000155633,766,760.4394310001226,760.4394310001226,1802.9425870008708,3573.426726999969,58,288.8,57,10.048004150390625,1344,168.52804700101842,16000.0,0.064
367.55,running,721.84375,0.0,273.8169429682367,25,67.2,1.4344491958618164,19,365.05600000001533,362.36799999999977,2.6880000000155633,766,760.4394310001226,760.4394310001226,1802.9425870008708,3573.426726999969,58,288.8,57,10.048004150390625,1344,168.52804700101842,16000.0,0.064
368.55,running,658.46875,0.0,230.7655756362897,25,66.1,0.29486918449401855,19,367.16800000001604,364.15999999999974,3.0080000000162954,767,766.142377999131,766.142377999131,1666.2753609998617,3573.426726999969,58,290.592,57,10.048004150390625,1344,168.52804700101842,16000.0,0.064
369.56,running,655.796875,0.0,265.11245942478564,25,67.2,1.2987449169158936,19,367.16800000001604,364.15999999999974,3.0080000000162954,767,766.142377999131,766.142377999131,1666.2753609998617,3573.426726999969,58,290.592,57,10.048004150390625,1344,168.52804700101842,16000.0,0.064
370.56,running,655.796875,0.0,210.75316841786477,25,66.1,0.1547999382019043,19,369.34400000001676,365.8239999999997,3.520000000017035,768,769.5117420007591,769.5117420007591,1999.657070999092,3573.426726999969,59,292.736,58,10.0479736328125,739,168.52804700101842,16000.0,0.064
371.56,running,658.328125,0.0,284.18880153858925,25,66.1,1.1581730842590332,19,369.34400000001676,365.8239999999997,3.520000000017035,768,769.5117420007591,769.5117420007591,1999.657070999092,3573.426726999969,59,292.736,58,10.0479736328125,739,168.52804700101842,16000.0,0.064
372.56,running,655.46875,0.0,181.78950066522953,25,65.0,0.08703279495239258,19,371.39200000001745,367.8079999999997,3.5840000000177383,769,777.9223289999209,777.9223289999209,1940.0805730001593,3573.426726999969,61,295.072,60,1.1199951171875,337,168.52804700101842,16000.0,0.064
373.56,running,658.796875,0.0,311.1173457784975,25,66.1,1.0903170108795166,19,371.39200000001745,367.8079999999997,3.5840000000177383,769,777.9223289999209,777.9223289999209,1940.0805730001593,3573.426726999969,61,295.072,60,1.1199951171875,337,168.52804700101842,16000.0,0.064
374.57,running,655.90625,0.0,258.7138761648483,25,65.0,2.0909998416900635,19,371.39200000001745,367.8079999999997,3.5840000000177383,769,777.9223289999209,777.9223289999209,1940.0805730001593,3573.426726999969,61,295.072,60,1.1199951171875,337,168.52804700101842,16000.0,0.064
375.57,running,723.0,0.0,230.33936757560483,25,66.65,1.0020420551300049,19,373.44000000001813,369.7919999999997,3.648000000018442,770,782.0002139997086,782.0002139997086,1920.0442769997608,3573.426726999969,61,297.056,60,1.1199951171875,337,168.52804700101842,16000.0,0.064
376.57,running,656.859375,0.0,307.8117045005458,25,65.55,2.002706527709961,19,373.44000000001813,369.7919999999997,3.648000000018442,770,782.0002139997086,782.0002139997086,1920.0442769997608,3573.426726999969,61,297.056,60,1.1199951171875,337,168.52804700101842,16000.0,0.064
377.57,running,657.046875,0.0,184.3650039693312,25,66.65,0.8826406002044678,19,375.61600000001886,371.7119999999997,3.9040000000191526,771,786.4572680009587,786.4572680009587,2317.668093000975,3573.426726999969,61,298.976,60,1.1199951171875,337,168.52804700101842,16000.0,0.064
378.57,running,657.046875,0.0,237.72989414731774,25,65.55,1.883202314376831,19,375.61600000001886,371.7119999999997,3.9040000000191526,771,786.4572680009587,786.4572680009587,2317.668093000975,3573.426726999969,61,298.976,60,1.1199951171875,337,168.52804700101842,16000.0,0.064
379.58,running,658.203125,0.0,252.28384789567085,25,65.55,0.7365691661834717,19,377.7920000000196,374.0159999999997,3.7760000000199057,772,793.5841080015962,793.5841080015962,2182.170705000317,3573.426726999969,62,301.376,61,5.88800048828125,720,168.52804700101842,16000.0,0.064
380.58,running,658.109375,0.0,270.84295117317583,25,65.55,1.7371375560760498,19,377.7920000000196,374.0159999999997,3.7760000000199057,772,793.5841080015962,793.5841080015962,2182.170705000317,3573.426726999969,62,301.376,61,5.88800048828125,720,168.52804700101842,16000.0,0.064
381.58,running,659.109375,0.0,217.65250080549495,25,66.1,0.6446900367736816,19,379.84000000002027,376.19199999999967,3.648000000020602,773,800.0795030002337,800.0795030002337,1734.4618150000315,3573.426726999969,62,303.552,61,5.88800048828125,720,168.52804700101842,16000.0,0.064
382.58,running,659.484375,0.0,195.81329887302527,25,65.0,1.6453163623809814,19,379.84000000002027,376.19199999999967,3.648000000020602,773,800.0795030002337,800.0795030002337,1734.4618150000315,3573.426726999969,62,303.552,61,5.88800048828125,720,168.52804700101842,16000.0,0.064
383.58,running,658.171875,0.0,290.8139433460593,25,66.1,0.5283377170562744,19,382.016000000021,380.03199999999964,1.9840000000213536,775,809.5507969992468,809.5507969992468,1727.5219559996913,3573.426726999969,63,307.52,62,4.47998046875,1082,168.52804700101842,16000.0,0.064
384.58,running,678.140625,0.0,154.89383452662793,25,63.9,1.5289175510406494,19,382.016000000021,380.03199999999964,1.9840000000213536,775,809.5507969992468,809.5507969992468,1727.5219559996913,3573.426726999969,63,307.52,62,4.47998046875,1082,168.52804700101842,16000.0,0.064
385.58,running,659.015625,0.0,334.8154440522684,25,65.55,0.5319902896881104,19,384.00000000002166,381.75999999999965,2.2400000000220075,776,812.0014910000464,812.0014910000464,1829.4694610012812,3573.426726999969,63,309.248,62,4.47998046875,1082,168.52804700101842,16000.0,0.064
386.59,running,661.828125,0.0,133.90088843696012,25,65.0,1.533233404159546,19,384.00000000002166,381.75999999999965,2.2400000000220075,776,812.0014910000464,812.0014910000464,1829.4694610012812,3573.426726999969,63,309.248,62,4.47998046875,1082,168.52804700101842,16000.0,0.064
387.59,running,659.921875,0.0,356.8337975670745,25,66.1,0.5349950790405273,19,385.9840000000223,383.61599999999964,2.3680000000226755,777,819.5958149990474,819.5958149990474,1921.314817998791,3573.426726999969,63,311.104,62,4.47998046875,1082,168.52804700101842,16000.0,0.064
388.59,running,687.0,0.0,345.77873964212466,25,65.55,1.536231517791748,19,385.9840000000223,383.61599999999964,2.3680000000226755,777,819.5958149990474,819.5958149990474,1921.314817998791,3573.426726999969,63,311.104,62,4.47998046875,1082,168.52804700101842,16000.0,0.064
389.59,running,660.75,0.0,114.84680045521054,25,64.45,0.5243253707885742,19,387.968000000023,383.61599999999964,4.352000000023338,777,819.5958149990474,819.5958149990474,1921.314817998791,3573.426726999969,63,311.104,62,4.47998046875,1082,168.52804700101842,16000.0,0.064
390.59,running,660.84375,0.0,358.67993088749915,25,66.65,1.5249288082122803,19,387.968000000023,383.61599999999964,4.352000000023338,777,819.5958149990474,819.5958149990474,1921.314817998791,3573.426726999969,63,311.104,62,4.47998046875,1082,168.52804700101842,16000.0,0.064
391.6,running,660.75,0.0,357.11521872675286,25,67.2,0.4848763942718506,19,390.01600000002367,385.47199999999964,4.5440000000240275,778,823.8411649999762,823.8411649999762,2894.177234000381,3573.426726999969,63,312.96,62,4.47998046875,1082,168.52804700101842,16000.0,0.064
392.6,running,660.75,0.0,273.8278890401042,25,65.55,1.4854578971862793,19,390.01600000002367,385.47199999999964,4.5440000000240275,778,823.8411649999762,823.8411649999762,2894.177234000381,3573.426726999969,63,312.96,62,4.47998046875,1082,168.52804700101842,16000.0,0.064
393.6,running,661.21875,0.0,200.34698183491352,25,66.65,0.4787895679473877,19,392.00000000002433,385.47199999999964,6.52800000002469,778,823.8411649999762,823.8411649999762,2894.177234000381,3573.426726999969,63,312.96,62,4.47998046875,1082,168.52804700101842,16000.0,0.064
394.6,running,661.3125,0.0,350.71312928626713,25,66.65,1.4793691635131836,19,392.00000000002433,385.47199999999964,6.52800000002469,778,823.8411649999762,823.8411649999762,2894.177234000381,3573.426726999969,63,312.96,62,4.47998046875,1082,168.52804700101842,16000.0,0.064
395.6,running,665.03125,0.0,133.924972284075,25,66.1,0.38414740562438965,20,394.048000000025,388.41599999999966,5.632000000025357,779,832.1669159995508,832.1669159995508,3695.9455019987217,3695.9455019987217,65,315.904,64,1.855987548828125,701,168.52804700101842,16000.0,0.064
396.6,running,713.765625,0.0,350.59104781369604,25,66.65,1.3854615688323975,20,394.048000000025,388.41599999999966,5.632000000025357,779,832.1669159995508,832.1669159995508,3695.9455019987217,3695.9455019987217,65,315.904,64,1.855987548828125,701,168.52804700101842,16000.0,0.064
397.6,running,663.03125,0.0,251.67560323446844,25,64.45,0.30086398124694824,20,396.1600000000257,392.12799999999964,4.032000000026073,780,842.9002339998988,842.9002339998988,2452.029976000631,3695.9455019987217,65,319.616,64,1.855987548828125,701,168.52804700101842,16000.0,0.064
398.61,running,666.21875,0.0,224.06691612440812,25,66.65,1.3051953315734863,20,396.1600000000257,392.12799999999964,4.032000000026073,780,842.9002339998988,842.9002339998988,2452.029976000631,3695.9455019987217,65,319.616,64,1.855987548828125,701,168.52804700101842,16000.0,0.064
399.61,running,678.65625,0.0,353.71249046166974,25,67.2,0.24295473098754883,20,398.2080000000264,394.49599999999964,3.7120000000267623,781,848.0242899986479,848.0242899986479,2491.878622000513,3695.9455019987217,65,321.984,64,1.855987548828125,701,168.52804700101842,16000.0,0.064
400.61,running,666.21875,0.0,300.61242070664366,25,67.2,1.2436192035675049,20,398.2080000000264,394.49599999999964,3.7120000000267623,781,848.0242899986479,848.0242899986479,2491.878622000513,3695.9455019987217,65,321.984,64,1.855987548828125,701,168.52804700101842,16000.0,0.064
401.61,running,666.4375,0.0,159.89986414936513,25,66.65,0.24359416961669922,20,400.2560000000271,396.9919999999996,3.2640000000274654,782,854.0058309990854,854.0058309990854,3211.428586999318,3695.9455019987217,65,324.48,64,1.855987548828125,701,168.52804700101842,16000.0,0.064
402.61,running,675.046875,0.0,371.75047959062954,25,66.65,1.2449638843536377,20,400.2560000000271,396.9919999999996,3.2640000000274654,782,854.0058309990854,854.0058309990854,3211.428586999318,3695.9455019987217,65,324.48,64,1.855987548828125,701,168.52804700101842,16000.0,0.064
403.61,running,666.4375,0.0,205.71464663101975,25,67.2,0.21665501594543457,20,402.24000000002775,396.9919999999996,5.248000000028128,782,854.0058309990854,854.0058309990854,3211.428586999318,3695.9455019987217,65,324.48,64,1.855987548828125,701,168.52804700101842,16000.0,0.064
404.62,running,693.53125,0.0,265.158115558325,25,66.1,1.2205111980438232,20,402.24000000002775,396.9919999999996,5.248000000028128,782,854.0058309990854,854.0058309990854,3211.428586999318,3695.9455019987217,65,324.48,64,1.855987548828125,701,168.52804700101842,16000.0,0.064
405.62,running,668.5,0.0,202.7318154072153,25,65.0,0.09102439880371094,21,404.28800000002843,400.12799999999964,4.160000000028788,783,865.4100019994075,865.4100019994075,2620.31722500069,3695.9455019987217,67,328.224,66,2.335968017578125,806,168.52804700101842,16000.0,0.064
406.62,running,732.6875,0.0,266.28525363177556,25,65.0,1.094264268875122,21,404.28800000002843,400.12799999999964,4.160000000028788,783,865.4100019994075,865.4100019994075,2620.31722500069,3695.9455019987217,67,328.224,66,2.335968017578125,806,168.52804700101842,16000.0,0.064
407.62,running,668.59375,0.0,198.76605573146313,25,65.55,2.0948562622070312,21,404.28800000002843,400.12799999999964,4.160000000028788,783,865.4100019994075,865.4100019994075,2620.31722500069,3695.9455019987217,67,328.224,66,2.335968017578125,806,168.52804700101842,16000.0,0.064
408.62,running,669.65625,0.0,268.2418669384196,25,67.2,1.028207778930664,21,406.40000000002914,402.81599999999963,3.584000000029505,784,871.4780980008072,871.4780980008072,2019.9521060003462,3695.9455019987217,67,330.912,66,2.335968017578125,806,168.52804700101842,16000.0,0.064
409.63,running,671.296875,0.0,160.8720589342986,25,65.0,2.028764247894287,21,406.40000000002914,402.81599999999963,3.584000000029505,784,871.4780980008072,871.4780980008072,2019.9521060003462,3695.9455019987217,67,330.912,66,2.335968017578125,806,168.52804700101842,16000.0,0.064
410.63,running,669.90625,0.0,299.8322882099306,25,65.0,0.9508523941040039,21,408.4480000000298,404.7999999999996,3.6480000000302084,785,878.0659000003652,878.0659000003652,1987.8072280007473,3695.9455019987217,68,332.896,67,3.295989990234375,218,168.52804700101842,16000.0,0.064
411.63,running,670.5,0.0,105.71888492163308,25,64.45,1.9540777206420898,21,408.4480000000298,404.7999999999996,3.6480000000302084,785,878.0659000003652,878.0659000003652,1987.8072280007473,3695.9455019987217,68,332.896,67,3.295989990234375,218,168.52804700101842,16000.0,0.064
412.63,running,670.5,0.0,257.6950843533489,25,65.0,0.8775694370269775,23,410.36800000003046,408.5119999999996,1.8560000000308605,787,887.1527299997979,887.1527299997979,1737.776584999665,3695.9455019987217,69,336.544,68,2.175994873046875,306,168.52804700101842,16000.0,0.064
413.63,running,672.984375,0.0,232.34968992898624,25,66.1,1.8807952404022217,23,410.36800000003046,408.5119999999996,1.8560000000308605,787,887.1527299997979,887.1527299997979,1737.776584999665,3695.9455019987217,69,336.544,68,2.175994873046875,306,168.52804700101842,16000.0,0.064
414.63,running,673.1875,0.0,178.8177184035026,25,65.0,0.8801088333129883,23,412.41600000003115,410.2399999999996,2.176000000031536,788,891.7183210014628,891.7183210014628,1574.4606680000288,3695.9455019987217,69,338.272,68,2.175994873046875,306,168.52804700101842,16000.0,0.064
415.64,running,674.3125,0.0,290.13018188143525,25,66.1,1.8832507133483887,23,412.41600000003115,410.2399999999996,2.176000000031536,788,891.7183210014628,891.7183210014628,1574.4606680000288,3695.9455019987217,69,338.272,68,2.175994873046875,306,168.52804700101842,16000.0,0.064
416.64,running,674.25,0.0,189.86270818698873,25,64.45,0.8829572200775146,23,414.4000000000318,411.7759999999996,2.624000000032197,789,893.478234000213,893.478234000213,1774.8850740008493,3695.9455019987217,69,339.808,68,2.175994873046875,306,168.52804700101842,16000.0,0.064
417.64,running,676.34375,0.0,279.09252284738784,25,65.55,1.8864061832427979,23,414.4000000000318,411.7759999999996,2.624000000032197,789,893.478234000213,893.478234000213,1774.8850740008493,3695.9455019987217,69,339.808,68,2.175994873046875,306,168.52804700101842,16000.0,0.064
418.64,running,676.25,0.0,251.80076969166507,25,63.35,0.8863370418548584,23,416.3840000000325,413.5679999999996,2.8160000000328864,790,900.3223889994842,900.3223889994842,2045.2331989999948,3695.9455019987217,69,341.6,68,2.175994873046875,306,168.52804700101842,16000.0,0.064
419.64,running,676.53125,0.0,211.31825013291586,25,65.55,1.8895421028137207,23,416.3840000000325,413.5679999999996,2.8160000000328864,790,900.3223889994842,900.3223889994842,2045.2331989999948,3695.9455019987217,69,341.6,68,2.175994873046875,306,168.52804700101842,16000.0,0.064
420.64,running,676.921875,0.0,242.860256508644,25,64.45,0.889275312423706,23,418.36800000003313,415.6159999999996,2.752000000033547,791,906.4496890005103,906.4496890005103,2245.516418000989,3695.9455019987217,70,344.128,69,10.048004150390625,829,168.52804700101842,16000.0,0.064
421.65,running,676.796875,0.0,209.2862891756848,25,66.1,1.8930084705352783,23,418.36800000003313,415.6159999999996,2.752000000033547,791,906.4496890005103,906.4496890005103,2245.516418000989,3695.9455019987217,70,344.128,69,10.048004150390625,829,168.52804700101842,16000.0,0.064
422.65,running,697.09375,0.0,134.8741174004632,25,63.9,0.8893764019012451,23,420.4160000000338,417.8559999999996,2.560000000034222,792,913.274344000456,913.274344000456,2008.7728229991626,3695.9455019987217,70,346.368,69,10.048004150390625,829,168.52804700101842,16000.0,0.064
423.65,running,676.28125,0.0,201.87792381417384,25,63.9,1.8899445533752441,23,420.4160000000338,417.8559999999996,2.560000000034222,792,913.274344000456,913.274344000456,2008.7728229991626,3695.9455019987217,70,346.368,69,10.048004150390625,829,168.52804700101842,16000.0,0.064
424.65,running,678.015625,0.0,184.89615695626645,25,64.45,0.8815779685974121,23,422.4000000000345,419.8399999999996,2.560000000034904,793,914.1496249994816,914.1496249994816,1549.9945969986584,3695.9455019987217,70,347.296,70,4.063995361328125,528,168.52804700101842,16000.0,0.064
425.65,running,677.359375,0.0,137.91534039243555,25,63.35,1.8822073936462402,23,422.4000000000345,419.8399999999996,2.560000000034904,793,914.1496249994816,914.1496249994816,1549.9945969986584,3695.9455019987217,70,347.296,70,4.063995361328125,528,168.52804700101842,16000.0,0.064
426.65,running,708.0,0.0,120.92786447302369,25,62.25,0.7962064743041992,23,424.5120000000352,422.7839999999996,1.7280000000355926,795,920.5055930015078,920.5055930015078,1326.0505119997106,3695.9455019987217,72,349.696,71,1.119964599609375,382,168.52804700101842,16000.0,0.064
427.65,running,677.234375,0.0,178.89591245440155,25,62.8,1.7967922687530518,23,424.5120000000352,422.7839999999996,1.7280000000355926,795,920.5055930015078,920.5055930015078,1326.0505119997106,3695.9455019987217,72,349.696,71,1.119964599609375,382,168.52804700101842,16000.0,0.064
428.66,running,697.0,0.0,254.955016638218,25,64.45,0.6139824390411377,23,426.6240000000359,424.06399999999957,2.560000000036325,796,922.6307860008092,923.7559020002664,1229.1886559996783,3695.9455019987217,73,350.88,72,1.631988525390625,210,168.52804700101842,16000.0,0.064
429.66,running,694.671875,0.0,137.82439614522903,25,63.9,1.6146719455718994,23,426.6240000000359,424.06399999999957,2.560000000036325,796,922.6307860008092,923.7559020002664,1229.1886559996783,3695.9455019987217,73,350.88,72,1.631988525390625,210,168.52804700101842,16000.0,0.064
430.66,running,737.609375,0.0,312.8013308037489,25,65.55,0.60687255859375,23,428.6720000000366,426.6879999999996,1.9840000000369855,798,928.6508639997919,928.6508639997919,1771.3691900007689,3695.9455019987217,73,352.288,72,1.631988525390625,210,168.52804700101842,16000.0,0.064
431.66,running,676.953125,0.0,185.7763421893626,25,64.45,1.60752534866333,23,428.6720000000366,426.6879999999996,1.9840000000369855,798,928.6508639997919,928.6508639997919,1771.3691900007689,3695.9455019987217,73,352.288,72,1.631988525390625,210,168.52804700101842,16000.0,0.064
432.66,running,680.90625,0.0,270.83133761792294,25,64.45,0.6077127456665039,23,430.65600000003724,428.4159999999996,2.2400000000376394,799,931.4327810006944,931.4327810006944,2194.42206200074,3695.9455019987217,73,354.016,72,1.631988525390625,210,168.52804700101842,16000.0,0.064
433.66,running,680.875,0.0,348.519587771172,25,66.65,1.611703872680664,23,430.65600000003724,428.4159999999996,2.2400000000376394,799,931.4327810006944,931.4327810006944,2194.42206200074,3695.9455019987217,73,354.016,72,1.631988525390625,210,168.52804700101842,16000.0,0.064
434.66,running,707.671875,0.0,123.92490621586674,25,63.9,0.5648307800292969,23,432.7040000000379,428.4159999999996,4.288000000038323,799,931.4327810006944,931.4327810006944,2194.42206200074,3695.9455019987217,73,354.016,72,1.631988525390625,210,168.52804700101842,16000.0,0.064
435.67,running,680.984375,0.0,305.81737626090325,25,65.0,1.5654296875,23,432.7040000000379,428.4159999999996,4.288000000038323,799,931.4327810006944,931.4327810006944,2194.42206200074,3695.9455019987217,73,354.016,72,1.631988525390625,210,168.52804700101842,16000.0,0.064
436.67,running,680.328125,0.0,108.69124762040444,25,64.45,0.4647362232208252,23,434.8160000000386,430.6559999999996,4.16000000003902,800,937.474784999722,937.474784999722,2757.1503929993924,3695.9455019987217,74,356.416,73,5.5360107421875,1496,168.52804700101842,16000.0,0.064
437.67,running,680.328125,0.0,352.5412778723981,25,67.2,1.4653496742248535,23,434.8160000000386,430.6559999999996,4.16000000003902,800,937.474784999722,937.474784999722,2757.1503929993924,3695.9455019987217,74,356.416,73,5.5360107421875,1496,168.52804700101842,16000.0,0.064
438.67,running,682.21875,0.0,98.93772612158502,25,63.35,0.320598840713501,24,436.92800000003933,433.4079999999996,3.5200000000397154,801,946.9123939998099,946.9123939998099,1835.2636839990737,3695.9455019987217,74,359.168,73,5.5360107421875,1496,168.52804700101842,16000.0,0.064
439.67,running,711.03125,0.0,369.7349141170721,25,64.45,1.3219096660614014,24,436.92800000003933,433.4079999999996,3.5200000000397154,801,946.9123939998099,946.9123939998099,1835.2636839990737,3695.9455019987217,74,359.168,73,5.5360107421875,1496,168.52804700101842,16000.0,0.064
440.67,running,682.390625,0.0,191.74285480769706,25,63.9,0.18927645683288574,24,439.04000000004004,435.1999999999996,3.8400000000404475,802,951.2037240001519,951.2037240001519,2031.2500159998308,3695.9455019987217,74,360.96,73,5.5360107421875,1496,168.52804700101842,16000.0,0.064
441.67,running,722.65625,0.0,252.84686405551298,25,64.45,1.1905665397644043,24,439.04000000004004,435.1999999999996,3.8400000000404475,802,951.2037240001519,951.2037240001519,2031.2500159998308,3695.9455019987217,74,360.96,73,5.5360107421875,1496,168.52804700101842,16000.0,0.064
442.68,running,684.1875,0.0,354.79758742811157,25,66.65,0.13242030143737793,24,441.0880000000407,437.18399999999957,3.904000000041151,803,956.8133560005663,956.8133560005663,2443.2870330001606,3695.9455019987217,74,362.944,73,5.5360107421875,1496,168.52804700101842,16000.0,0.064
443.68,running,684.1875,0.0,201.87795770881587,25,64.45,1.1329848766326904,24,441.0880000000407,437.18399999999957,3.904000000041151,803,956.8133560005663,956.8133560005663,2443.2870330001606,3695.9455019987217,74,362.944,73,5.5360107421875,1496,168.52804700101842,16000.0,0.064
444.68,running,685.109375,0.0,246.8562750925353,25,65.55,0.13221979141235352,24,443.1360000000414,439.55199999999957,3.58400000004184,804,963.7203070014948,963.7203070014948,3045.022506999885,3695.9455019987217,75,365.632,74,8.09600830078125,1346,168.52804700101842,16000.0,0.064
445.68,running,684.5,0.0,284.7865684151067,25,64.45,1.1328034400939941,24,443.1360000000414,439.55199999999957,3.58400000004184,804,963.7203070014948,963.7203070014948,3045.022506999885,3695.9455019987217,75,365.632,74,8.09600830078125,1346,168.52804700101842,16000.0,0.064
446.68,running,685.046875,0.0,144.90951762766863,25,63.35,0.13289165496826172,24,445.12000000004207,442.6879999999996,2.4320000000424784,805,973.5585470007209,973.5585470007209,2359.4274269999005,3695.9455019987217,75,368.768,74,8.09600830078125,1346,168.52804700101842,16000.0,0.064
447.68,running,685.140625,0.0,364.7477499397474,25,65.55,1.1335086822509766,24,445.12000000004207,442.6879999999996,2.4320000000424784,805,973.5585470007209,973.5585470007209,2359.4274269999005,3695.9455019987217,75,368.768,74,8.09600830078125,1346,168.52804700101842,16000.0,0.064
448.68,running,685.390625,0.0,171.90105856402022,25,63.35,0.1161496639251709,24,447.10400000004273,442.6879999999996,4.416000000043141,805,973.5585470007209,973.5585470007209,2359.4274269999005,3695.9455019987217,75,368.768,74,8.09600830078125,1346,168.52804700101842,16000.0,0.064
449.68,running,686.390625,0.0,277.8413980360804,25,65.55,1.1203315258026123,24,447.10400000004273,442.6879999999996,4.416000000043141,805,973.5585470007209,973.5585470007209,2359.4274269999005,3695.9455019987217,75,368.768,74,8.09600830078125,1346,168.52804700101842,16000.0,0.064
450.68,running,685.171875,0.0,336.8084563571621,25,65.0,2.120917797088623,24,447.10400000004273,442.6879999999996,4.416000000043141,805,973.5585470007209,973.5585470007209,2359.4274269999005,3695.9455019987217,75,368.768,74,8.09600830078125,1346,168.52804700101842,16000.0,0.064
451.69,running,688.421875,0.0,99.93440605381878,25,63.35,0.977524995803833,25,449.1520000000434,444.99199999999956,4.160000000043851,806,978.1657499988796,978.1657499988796,2539.313478000622,3695.9455019987217,75,371.072,74,8.09600830078125,1346,168.52804700101842,16000.0,0.064
452.69,running,684.515625,0.0,367.59502607425617,25,66.65,1.9781858921051025,25,449.1520000000434,444.99199999999956,4.160000000043851,806,978.1657499988796,978.1657499988796,2539.313478000622,3695.9455019987217,75,371.072,74,8.09600830078125,1346,168.52804700101842,16000.0,0.064
453.69,running,684.421875,0.0,194.8847656125121,25,64.45,0.860008716583252,25,451.32800000004414,447.55199999999957,3.7760000000445757,807,984.9787929997547,984.9787929997547,2668.057452001449,3695.9455019987217,75,373.632,74,8.09600830078125,1346,168.52804700101842,16000.0,0.064
454.69,running,691.109375,0.0,245.8443490589437,25,66.1,1.8613033294677734,25,451.32800000004414,447.55199999999957,3.7760000000445757,807,984.9787929997547,984.9787929997547,2668.057452001449,3695.9455019987217,75,373.632,74,8.09600830078125,1346,168.52804700101842,16000.0,0.064
455.69,running,685.0,0.0,342.47814936894423,25,65.55,0.8641612529754639,26,453.2480000000448,450.11199999999957,3.1360000000452146,808,992.4280239993095,992.4280239993095,2459.846314999595,3695.9455019987217,76,376.672,75,10.048004150390625,508,168.52804700101842,16000.0,0.064
456.69,running,684.90625,0.0,158.8734133181175,25,62.8,1.8647792339324951,26,453.2480000000448,450.11199999999957,3.1360000000452146,808,992.4280239993095,992.4280239993095,2459.846314999595,3695.9455019987217,76,376.672,75,10.048004150390625,508,168.52804700101842,16000.0,0.064
457.7,running,687.015625,0.0,285.0846331550787,25,65.55,0.8580923080444336,26,455.23200000004545,450.11199999999957,5.120000000045877,808,992.4280239993095,992.4280239993095,2459.846314999595,3695.9455019987217,76,376.672,75,10.048004150390625,508,168.52804700101842,16000.0,0.064
458.7,running,685.140625,0.0,273.8273168265466,25,64.45,1.8586714267730713,26,455.23200000004545,450.11199999999957,5.120000000045877,808,992.4280239993095,992.4280239993095,2459.846314999595,3695.9455019987217,76,376.672,75,10.048004150390625,508,168.52804700101842,16000.0,0.064
459.7,running,685.484375,0.0,149.50049537361355,25,64.45,0.7521634101867676,26,457.34400000004615,452.60799999999955,4.736000000046602,809,999.8472739989666,999.8472739989666,2860.6073280006967,3695.9455019987217,76,379.168,75,10.048004150390625,508,168.52804700101842,16000.0,0.064
460.7,running,685.578125,0.0,364.73277306242346,25,65.0,1.753232479095459,26,457.34400000004615,452.60799999999955,4.736000000046602,809,999.8472739989666,999.8472739989666,2860.6073280006967,3695.9455019987217,76,379.168,75,10.048004150390625,508,168.52804700101842,16000.0,0.064
461.7,running,685.484375,0.0,233.74536037574015,25,63.9,0.6805927753448486,27,459.3280000000468,455.35999999999956,3.9680000000472546,810,1007.3905420013034,1007.3905420013034,2471.4819500004523,3695.9455019987217,76,381.92,75,10.048004150390625,508,168.52804700101842,16000.0,0.064
462.7,running,684.953125,0.0,199.87005508334565,25,65.0,1.681321144104004,27,459.3280000000468,455.35999999999956,3.9680000000472546,810,1007.3905420013034,1007.3905420013034,2471.4819500004523,3695.9455019987217,76,381.92,75,10.048004150390625,508,168.52804700101842,16000.0,0.064
463.7,running,685.390625,0.0,284.807170166106,25,64.45,0.6808197498321533,28,461.3120000000475,457.85599999999954,3.4560000000479363,811,1015.293960001145,1015.293960001145,2828.6591909982235,3695.9455019987217,77,384.896,76,10.048004150390625,1207,168.52804700101842,16000.0,0.064
464.7,running,686.296875,0.0,134.90747114776244,25,64.45,1.6817653179168701,28,461.3120000000475,457.85599999999954,3.4560000000479363,811,1015.293960001145,1015.293960001145,2828.6591909982235,3695.9455019987217,77,384.896,76,10.048004150390625,1207,168.52804700101842,16000.0,0.064
465.71,running,686.390625,0.0,362.4831248419247,25,64.45,0.6849665641784668,29,463.2320000000481,460.60799999999955,2.624000000048568,812,1021.1551290012721,1021.1551290012721,2234.3322619999526,3695.9455019987217,77,387.648,76,10.048004150390625,1207,168.52804700101842,16000.0,0.064
466.71,running,686.296875,0.0,216.86751043300185,25,63.9,1.6855289936065674,29,463.2320000000481,460.60799999999955,2.624000000048568,812,1021.1551290012721,1021.1551290012721,2234.3322619999526,3695.9455019987217,77,387.648,76,10.048004150390625,1207,168.52804700101842,16000.0,0.064
467.71,running,687.359375,0.0,207.29076811083533,25,66.1,0.6685714721679688,29,465.2160000000488,460.60799999999955,4.6080000000492305,812,1021.1551290012721,1021.1551290012721,2234.3322619999526,3695.9455019987217,77,387.648,76,10.048004150390625,1207,168.52804700101842,16000.0,0.064
468.71,running,687.359375,0.0,353.7459651176556,25,65.55,1.6702783107757568,29,465.2160000000488,460.60799999999955,4.6080000000492305,812,1021.1551290012721,1021.1551290012721,2234.3322619999526,3695.9455019987217,77,387.648,76,10.048004150390625,1207,168.52804700101842,16000.0,0.064
469.71,running,687.359375,0.0,157.74103276066722,25,64.45,0.5807199478149414,29,467.26400000004946,462.7199999999996,4.544000000049891,813,1027.4338379986148,1027.4338379986148,2747.616818998722,3695.9455019987217,77,389.76,76,10.048004150390625,1207,168.52804700101842,16000.0,0.064
470.72,running,687.8125,0.0,262.82992984867644,25,64.45,1.5819036960601807,29,467.26400000004946,462.7199999999996,4.544000000049891,813,1027.4338379986148,1027.4338379986148,2747.616818998722,3695.9455019987217,77,389.76,76,10.048004150390625,1207,168.52804700101842,16000.0,0.064
471.72,running,687.8125,0.0,285.6820307577429,25,64.45,0.5115220546722412,29,469.37600000005017,465.4719999999996,3.904000000050587,814,1036.0374989995762,1036.0374989995762,2757.02692699997,3695.9455019987217,78,392.736,77,8.063995361328125,1325,168.52804700101842,16000.0,0.064
472.72,running,689.21875,0.0,128.50216219186257,25,63.9,1.515981912612915,29,469.37600000005017,465.4719999999996,3.904000000050587,814,1036.0374989995762,1036.0374989995762,2757.02692699997,3695.9455019987217,78,392.736,77,8.063995361328125,1325,168.52804700101842,16000.0,0.064
473.72,running,689.3125,0.0,362.56211234576045,25,64.45,0.515695333480835,30,471.2960000000508,468.2239999999996,3.0720000000512186,815,1044.134990999737,1044.134990999737,2522.36935899964,3695.9455019987217,79,395.584,78,1.5679931640625,470,168.52804700101842,16000.0,0.064
474.72,running,692.640625,0.0,142.88697126180594,25,63.9,1.5163037776947021,30,471.2960000000508,468.2239999999996,3.0720000000512186,815,1044.134990999737,1044.134990999737,2522.36935899964,3695.9455019987217,79,395.584,78,1.5679931640625,470,168.52804700101842,16000.0,0.064
475.72,running,687.484375,0.0,285.823282324096,25,65.0,0.5157787799835205,31,473.21600000005145,470.7199999999996,2.496000000051879,816,1049.7457350011246,1049.7457350011246,2457.2884520002845,3695.9455019987217,79,398.08,78,1.5679931640625,470,168.52804700101842,16000.0,0.064
476.72,running,687.4375,0.0,249.8487078625766,25,63.9,1.5163757801055908,31,473.21600000005145,470.7199999999996,2.496000000051879,816,1049.7457350011246,1049.7457350011246,2457.2884520002845,3695.9455019987217,79,398.08,78,1.5679931640625,470,168.52804700101842,16000.0,0.064
477.72,running,687.5625,0.0,160.8917171393703,25,64.45,0.48911547660827637,31,475.26400000005214,470.7199999999996,4.544000000052563,816,1049.7457350011246,1049.7457350011246,2457.2884520002845,3695.9455019987217,79,398.08,78,1.5679931640625,470,168.52804700101842,16000.0,0.064
478.73,running,721.515625,0.0,365.2422767732587,25,64.45,1.4903666973114014,31,475.26400000005214,470.7199999999996,4.544000000052563,816,1049.7457350011246,1049.7457350011246,2457.2884520002845,3695.9455019987217,79,398.08,78,1.5679931640625,470,168.52804700101842,16000.0,0.064
479.73,running,692.234375,0.0,144.81407740550864,25,62.8,0.38265132904052734,32,477.2480000000528,473.02399999999955,4.224000000053252,817,1056.210757998997,1056.210757998997,2437.229008999566,3695.9455019987217,79,400.384,78,1.5679931640625,470,168.52804700101842,16000.0,0.064
480.73,running,688.859375,0.0,273.8241649077121,25,66.1,1.3876674175262451,32,477.2480000000528,473.02399999999955,4.224000000053252,817,1056.210757998997,1056.210757998997,2437.229008999566,3695.9455019987217,79,400.384,78,1.5679931640625,470,168.52804700101842,16000.0,0.064
481.73,running,688.859375,0.0,346.2366117431401,25,65.0,0.33066749572753906,33,479.2960000000535,475.45599999999956,3.8400000000539194,818,1062.3376140010805,1062.3376140010805,2582.590969001103,3695.9455019987217,79,402.816,78,1.5679931640625,470,168.52804700101842,16000.0,0.064
482.73,running,725.46875,0.0,361.76688899281373,25,65.0,1.3319294452667236,33,479.2960000000535,475.45599999999956,3.8400000000539194,818,1062.3376140010805,1062.3376140010805,2582.590969001103,3695.9455019987217,79,402.816,78,1.5679931640625,470,168.52804700101842,16000.0,0.064
483.74,running,699.765625,0.0,135.82325862656344,25,63.9,0.3158113956451416,33,481.28000000005414,475.45599999999956,5.824000000054582,818,1062.3376140010805,1062.3376140010805,2582.590969001103,3695.9455019987217,79,402.816,78,1.5679931640625,470,168.52804700101842,16000.0,0.064
484.74,running,753.28125,0.0,272.8235091077349,25,65.55,1.3168785572052002,33,481.28000000005414,475.45599999999956,5.824000000054582,818,1062.3376140010805,1062.3376140010805,2582.590969001103,3695.9455019987217,79,402.816,78,1.5679931640625,470,168.52804700101842,16000.0,0.064
485.74,running,753.28125,0.0,355.43607699611493,25,68.3,0.2727530002593994,34,483.2640000000548,477.8879999999996,5.376000000055228,819,1069.926789999954,1069.926789999954,3986.3366540012066,3986.3366540012066,80,405.728,79,10.048004150390625,2217,168.52804700101842,16000.0,0.064
486.74,running,722.65625,0.0,113.89128882869083,25,63.9,1.2733957767486572,34,483.2640000000548,477.8879999999996,5.376000000055228,819,1069.926789999954,1069.926789999954,3986.3366540012066,3986.3366540012066,80,405.728,79,10.048004150390625,2217,168.52804700101842,16000.0,0.064
487.74,running,692.375,0.0,304.05039770335566,25,65.0,0.275439977645874,34,485.24800000005547,481.8559999999996,3.392000000055873,820,1082.296779999524,1082.296779999524,2914.991839999857,3986.3366540012066,81,410.08,80,4.32000732421875,1010,168.52804700101842,16000.0,0.064
488.75,running,701.15625,0.0,342.7280724270271,25,65.55,1.2855947017669678,34,485.24800000005547,481.8559999999996,3.392000000055873,820,1082.296779999524,1082.296779999524,2914.991839999857,3986.3366540012066,81,410.08,80,4.32000732421875,1010,168.52804700101842,16000.0,0.064
489.76,running,694.03125,0.0,153.80119488377312,25,65.55,0.27802371978759766,34,487.23200000005613,481.8559999999996,5.3760000000565356,820,1082.296779999524,1082.296779999524,2914.991839999857,3986.3366540012066,81,410.08,80,4.32000732421875,1010,168.52804700101842,16000.0,0.064
490.76,running,690.765625,0.0,260.81920925270475,25,66.1,1.2789545059204102,34,487.23200000005613,481.8559999999996,5.3760000000565356,820,1082.296779999524,1082.296779999524,2914.991839999857,3986.3366540012066,81,410.08,80,4.32000732421875,1010,168.52804700101842,16000.0,0.064
491.76,running,690.78125,0.0,350.45134499308983,25,65.55,0.21642541885375977,34,489.34400000005684,484.7359999999996,4.608000000057245,821,1091.1589049992472,1091.1589049992472,3197.9584740001883,3986.3366540012066,81,412.96,80,4.32000732421875,1010,168.52804700101842,16000.0,0.064
492.76,running,690.765625,0.0,256.84042658382856,25,63.9,1.2170147895812988,34,489.34400000005684,484.7359999999996,4.608000000057245,821,1091.1589049992472,1091.1589049992472,3197.9584740001883,3986.3366540012066,81,412.96,80,4.32000732421875,1010,168.52804700101842,16000.0,0.064
493.76,running,692.3125,0.0,135.5419073891725,25,63.9,0.18448472023010254,34,491.3280000000575,484.7359999999996,6.592000000057908,821,1097.4178350006696,1097.4178350006696,3197.9584740001883,3986.3366540012066,81,416.16,80,4.32000732421875,1010,168.52804700101842,16000.0,0.064
494.77,running,692.40625,0.0,363.6740207913045,25,65.0,1.1852765083312988,34,491.3280000000575,484.7359999999996,6.592000000057908,821,1097.4178350006696,1097.4178350006696,3197.9584740001883,3986.3366540012066,81,416.16,80,4.32000732421875,1010,168.52804700101842,16000.0,0.064
495.77,running,756.40625,0.0,345.7228460943005,25,65.55,0.1724567413330078,35,493.31200000005816,487.9359999999996,5.376000000058582,822,1097.4178350006696,1097.4178350006696,3424.627585998678,3986.3366540012066,81,416.16,80,4.32000732421875,1010,168.52804700101842,16000.0,0.064
496.77,running,692.3125,0.0,313.6357876192801,25,65.55,1.1731417179107666,35,493.31200000005816,487.9359999999996,5.376000000058582,822,1097.4178350006696,1097.4178350006696,3424.627585998678,3986.3366540012066,81,416.16,80,4.32000732421875,1010,168.52804700101842,16000.0,0.064
497.77,running,700.265625,0.0,99.93661819805806,25,64.45,0.15168380737304688,35,495.36000000005885,487.9359999999996,7.424000000059266,822,1097.4178350006696,1097.4178350006696,3424.627585998678,3986.3366540012066,81,416.16,80,4.32000732421875,1010,168.52804700101842,16000.0,0.064
498.77,running,693.359375,0.0,358.52720229036584,25,65.55,1.1528880596160889,35,495.36000000005885,487.9359999999996,7.424000000059266,822,1097.4178350006696,1097.4178350006696,3424.627585998678,3986.3366540012066,81,416.16,80,4.32000732421875,1010,168.52804700101842,16000.0,0.064
499.77,running,693.265625,0.0,289.68264194751697,25,65.0,2.1535401344299316,35,495.36000000005885,487.9359999999996,7.424000000059266,822,1097.4178350006696,1097.4178350006696,3424.627585998678,3986.3366540012066,81,416.16,80,4.32000732421875,1010,168.52804700101842,16000.0,0.064
500.77,running,693.328125,0.0,99.93900053203598,25,63.35,0.9758143424987793,35,497.5360000000596,491.26399999999956,6.272000000060018,823,1109.6379910013638,1109.6379910013638,4197.888598000645,4197.888598000645,82,419.968,81,10.048004150390625,2347,168.52804700101842,16000.0,0.064
501.77,running,733.1875,0.0,365.7648139560432,25,66.1,1.9770910739898682,35,497.5360000000596,491.26399999999956,6.272000000060018,823,1109.6379910013638,1109.6379910013638,4197.888598000645,4197.888598000645,82,419.968,81,10.048004150390625,2347,168.52804700101842,16000.0,0.064
502.77,running,702.296875,0.0,136.82000821689573,25,63.9,0.862478494644165,36,499.52000000006024,495.48799999999954,4.032000000060691,824,1119.718603000365,1119.718603000365,2981.542195999282,4197.888598000645,82,424.192,81,10.048004150390625,2347,168.52804700101842,16000.0,0.064
503.77,running,692.8125,0.0,266.64869514390244,25,65.0,1.8640055656433105,36,499.52000000006024,495.48799999999954,4.032000000060691,824,1119.718603000365,1119.718603000365,2981.542195999282,4197.888598000645,82,424.192,81,10.048004150390625,2347,168.52804700101842,16000.0,0.064
504.78,running,692.8125,0.0,199.83497747445654,25,63.9,0.8634905815124512,37,501.4400000000609,498.36799999999954,3.0720000000613368,825,1127.474668001014,1127.474668001014,2380.264186000204,4197.888598000645,83,427.232,82,6.592010498046875,428,168.52804700101842,16000.0,0.064
505.78,running,694.046875,0.0,194.8643747852211,25,64.45,1.8642005920410156,37,501.4400000000609,498.36799999999954,3.0720000000613368,825,1127.474668001014,1127.474668001014,2380.264186000204,4197.888598000645,83,427.232,82,6.592010498046875,428,168.52804700101842,16000.0,0.064
506.78,running,694.046875,0.0,249.8450643296102,25,63.9,0.8598020076751709,37,503.48800000006156,500.73599999999954,2.7520000000620257,826,1134.5343979992322,1134.5343979992322,2272.853567999846,4197.888598000645,84,429.76,83,3.391998291015625,347,168.52804700101842,16000.0,0.064
507.78,running,693.109375,0.0,138.43646736444526,25,63.9,1.864668369293213,37,503.48800000006156,500.73599999999954,2.7520000000620257,826,1134.5343979992322,1134.5343979992322,2272.853567999846,4197.888598000645,84,429.76,83,3.391998291015625,347,168.52804700101842,16000.0,0.064
508.78,running,697.109375,0.0,345.51188775482996,25,66.1,0.8618481159210205,37,505.4720000000622,502.9119999999995,2.5600000000627006,827,1138.7955800000782,1138.7955800000782,2190.746655000112,4197.888598000645,84,431.936,83,3.391998291015625,347,168.52804700101842,16000.0,0.064
509.78,running,757.65625,0.0,99.9394591741475,25,63.35,1.8624763488769531,37,505.4720000000622,502.9119999999995,2.5600000000627006,827,1138.7955800000782,1138.7955800000782,2190.746655000112,4197.888598000645,84,431.936,83,3.391998291015625,347,168.52804700101842,16000.0,0.064
510.78,running,699.625,0.0,323.7681046567154,25,64.45,0.8474264144897461,37,507.4560000000629,502.9119999999995,4.544000000063363,827,1145.0901219996013,1145.0901219996013,2190.746655000112,4197.888598000645,84,434.176,83,3.391998291015625,347,168.52804700101842,16000.0,0.064
511.79,running,699.875,0.0,203.91084508959258,25,64.45,1.852696418762207,37,507.4560000000629,502.9119999999995,4.544000000063363,827,1145.0901219996013,1145.0901219996013,2190.746655000112,4197.888598000645,84,434.176,83,3.391998291015625,347,168.52804700101842,16000.0,0.064
512.79,running,698.75,0.0,189.30154223955228,25,64.45,0.8475258350372314,38,509.44000000006355,505.15199999999953,4.288000000064017,828,1145.0901219996013,1145.0901219996013,2329.575444000511,4197.888598000645,84,434.176,83,3.391998291015625,347,168.52804700101842,16000.0,0.064
513.8,running,698.734375,0.0,309.11983690599425,25,63.9,1.848383903503418,38,509.44000000006355,505.15199999999953,4.288000000064017,828,1145.0901219996013,1145.0901219996013,2329.575444000511,4197.888598000645,84,434.176,83,3.391998291015625,347,168.52804700101842,16000.0,0.064
514.8,running,701.984375,0.0,99.93845110591933,25,65.0,0.7330303192138672,39,511.48800000006423,507.4559999999995,4.032000000064727,829,1151.8699059997743,1151.8699059997743,2511.755131999962,4197.888598000645,84,436.48,83,3.391998291015625,347,168.52804700101842,16000.0,0.064
515.8,running,698.078125,0.0,341.3840609376881,25,65.0,1.737208366394043,39,511.48800000006423,507.4559999999995,4.032000000064727,829,1151.8699059997743,1151.8699059997743,2511.755131999962,4197.888598000645,84,436.48,83,3.391998291015625,347,168.52804700101842,16000.0,0.064
516.8,running,711.390625,0.0,133.916421555891,25,63.35,0.6381492614746094,40,513.4720000000635,509.8239999999995,3.6480000000640302,830,1160.4390850006894,1160.4390850006894,2390.892391000307,4197.888598000645,85,439.04,84,9.727996826171875,710,168.52804700101842,16000.0,0.064
517.8,running,699.15625,0.0,248.82989316697825,25,63.9,1.640510082244873,40,513.4720000000635,509.8239999999995,3.6480000000640302,830,1160.4390850006894,1160.4390850006894,2390.892391000307,4197.888598000645,85,439.04,84,9.727996826171875,710,168.52804700101842,16000.0,0.064
518.8,running,699.15625,0.0,290.3277345172266,25,63.9,0.5440475940704346,40,515.5840000000624,512.1919999999996,3.392000000062808,831,1166.1073279992706,1166.1073279992706,2357.3462679996737,4197.888598000645,85,441.408,84,9.727996826171875,710,168.52804700101842,16000.0,0.064
519.8,running,702.3125,0.0,99.93936299077893,25,63.35,1.545226812362671,40,515.5840000000624,512.1919999999996,3.392000000062808,831,1166.1073279992706,1166.1073279992706,2357.3462679996737,4197.888598000645,85,441.408,84,9.727996826171875,710,168.52804700101842,16000.0,0.064
520.81,running,699.40625,0.0,354.6620540703915,25,64.45,0.547156572341919,40,517.5680000000613,514.4959999999995,3.0720000000617347,832,1172.921982999469,1172.921982999469,2608.8607120000233,4197.888598000645,86,443.776,85,4.32000732421875,552,168.52804700101842,16000.0,0.064
521.81,running,725.03125,0.0,119.93236294453204,25,63.35,1.5477612018585205,40,517.5680000000613,514.4959999999995,3.0720000000617347,832,1172.921982999469,1172.921982999469,2608.8607120000233,4197.888598000645,86,443.776,85,4.32000732421875,552,168.52804700101842,16000.0,0.064
522.81,running,699.65625,0.0,254.12527083130692,25,65.0,0.550971508026123,41,519.4880000000602,517.0559999999995,2.432000000060725,833,1179.232951000813,1179.232951000813,2353.1410109990247,4197.888598000645,86,446.336,85,4.32000732421875,552,168.52804700101842,16000.0,0.064
523.81,running,699.5625,0.0,245.77352019266422,25,63.35,1.5516166687011719,41,519.4880000000602,517.0559999999995,2.432000000060725,833,1179.232951000813,1179.232951000813,2353.1410109990247,4197.888598000645,86,446.336,85,4.32000732421875,552,168.52804700101842,16000.0,0.064
524.82,running,699.71875,0.0,120.62609853924462,25,63.35,0.5385980606079102,41,521.4720000000591,517.0559999999995,4.416000000059626,833,1179.232951000813,1179.232951000813,2353.1410109990247,4197.888598000645,86,446.336,85,4.32000732421875,552,168.52804700101842,16000.0,0.064
525.82,running,699.8125,0.0,373.26649624737365,25,65.0,1.5397396087646484,41,521.4720000000591,517.0559999999995,4.416000000059626,833,1179.232951000813,1179.232951000813,2353.1410109990247,4197.888598000645,86,446.336,85,4.32000732421875,552,168.52804700101842,16000.0,0.064
526.82,running,699.71875,0.0,225.75536922455373,25,64.45,0.46047353744506836,42,523.456000000058,519.4239999999995,4.032000000058474,834,1186.1777909998636,1186.1777909998636,2534.155195000494,4197.888598000645,86,448.704,85,4.32000732421875,552,168.52804700101842,16000.0,0.064
527.82,running,699.921875,0.0,144.90885001481115,25,63.9,1.4612829685211182,42,523.456000000058,519.4239999999995,4.032000000058474,834,1186.1777909998636,1186.1777909998636,2534.155195000494,4197.888598000645,86,448.704,85,4.32000732421875,552,168.52804700101842,16000.0,0.064
528.82,running,699.921875,0.0,367.4137078496139,25,64.45,0.37020373344421387,42,525.5680000000568,521.8559999999995,3.7120000000572873,835,1189.3769880007312,1189.3769880007312,2921.9185109996033,4197.888598000645,86,451.136,85,4.32000732421875,552,168.52804700101842,16000.0,0.064
529.83,running,699.921875,0.0,326.7806223651053,25,65.55,1.3708765506744385,42,525.5680000000568,521.8559999999995,3.7120000000572873,835,1189.3769880007312,1189.3769880007312,2921.9185109996033,4197.888598000645,86,451.136,85,4.32000732421875,552,168.52804700101842,16000.0,0.064
530.83,running,760.109375,0.0,99.93241081387251,25,64.45,0.3388369083404541,42,527.5520000000557,521.8559999999995,5.696000000056188,835,1189.3769880007312,1189.3769880007312,2921.9185109996033,4197.888598000645,86,451.136,85,4.32000732421875,552,168.52804700101842,16000.0,0.064
531.83,running,701.359375,0.0,310.1829424583468,25,63.35,1.341602087020874,42,527.5520000000557,521.8559999999995,5.696000000056188,835,1189.3769880007312,1189.3769880007312,2921.9185109996033,4197.888598000645,86,451.136,85,4.32000732421875,552,168.52804700101842,16000.0,0.064
532.83,running,701.265625,0.0,279.80130553822056,25,65.55,0.28116846084594727,43,529.6000000000546,524.6719999999996,4.928000000055022,836,1200.4542699996819,1200.4542699996819,3423.8136719995964,4197.888598000645,87,454.432,86,10.04803466796875,973,168.52804700101842,16000.0,0.064
533.83,running,705.96875,0.0,100.9380431188147,25,63.35,1.2817881107330322,43,529.6000000000546,524.6719999999996,4.928000000055022,836,1200.4542699996819,1200.4542699996819,3423.8136719995964,4197.888598000645,87,454.432,86,10.04803466796875,973,168.52804700101842,16000.0,0.064
534.83,running,702.96875,0.0,345.0694611912476,25,65.55,0.2817988395690918,44,531.5200000000535,528.1279999999996,3.3920000000539403,837,1209.6706369993626,1209.6706369993626,2837.19321800163,4197.888598000645,87,457.888,86,10.04803466796875,973,168.52804700101842,16000.0,0.064
535.83,running,703.609375,0.0,237.5267756425345,25,64.45,1.2824511528015137,44,531.5200000000535,528.1279999999996,3.3920000000539403,837,1209.6706369993626,1209.6706369993626,2837.19321800163,4197.888598000645,87,457.888,86,10.04803466796875,973,168.52804700101842,16000.0,0.064
536.84,running,704.375,0.0,127.91064776125287,25,64.45,0.2685427665710449,45,533.4400000000525,528.1279999999996,5.312000000052876,837,1209.6706369993626,1209.6706369993626,2837.19321800163,4197.888598000645,87,457.888,86,10.04803466796875,973,168.52804700101842,16000.0,0.064
537.84,running,704.609375,0.0,279.58436680448926,25,65.0,1.2691378593444824,45,533.4400000000525,528.1279999999996,5.312000000052876,837,1209.6706369993626,1209.6706369993626,2837.19321800163,4197.888598000645,87,457.888,86,10.04803466796875,973,168.52804700101842,16000.0,0.064
538.84,running,702.6875,0.0,99.93881006504122,25,63.9,0.12934374809265137,46,535.4880000000513,530.8159999999996,4.672000000051753,838,1217.231738000919,1217.231738000919,2808.3583890002046,4197.888598000645,88,460.768,87,7.42401123046875,839,168.52804700101842,16000.0,0.064
539.84,running,702.78125,0.0,364.8383590431073,25,64.45,1.132397174835205,46,535.4880000000513,530.8159999999996,4.672000000051753,838,1217.231738000919,1217.231738000919,2808.3583890002046,4197.888598000645,88,460.768,87,7.42401123046875,839,168.52804700101842,16000.0,0.064
540.84,running,725.5,0.0,119.9355750465434,25,62.8,2.132964611053467,46,535.4880000000513,530.8159999999996,4.672000000051753,838,1217.231738000919,1217.231738000919,2808.3583890002046,4197.888598000645,88,460.768,87,7.42401123046875,839,168.52804700101842,16000.0,0.064
541.85,running,766.8125,0.0,260.4184503653686,25,65.0,1.0115563869476318,47,537.5360000000502,533.5039999999996,4.03200000005063,839,1222.9402220000338,1222.9402220000338,2128.0602750011894,4197.888598000645,88,463.456,87,7.42401123046875,839,168.52804700101842,16000.0,0.064
542.85,running,701.609375,0.0,254.83337745105425,25,63.9,2.012155294418335,47,537.5360000000502,533.5039999999996,4.03200000005063,839,1222.9402220000338,1222.9402220000338,2128.0602750011894,4197.888598000645,88,463.456,87,7.42401123046875,839,168.52804700101842,16000.0,0.064
543.85,running,703.84375,0.0,101.93801261586526,25,63.9,0.9309465885162354,48,539.5840000000491,535.4879999999996,4.096000000049457,840,1228.9011330012727,1228.9011330012727,2431.1913159999676,4197.888598000645,88,465.44,87,7.42401123046875,839,168.52804700101842,16000.0,0.064
544.85,running,703.9375,0.0,373.6018430446296,25,65.0,1.9316623210906982,48,539.5840000000491,535.4879999999996,4.096000000049457,840,1228.9011330012727,1228.9011330012727,2431.1913159999676,4197.888598000645,88,465.44,87,7.42401123046875,839,168.52804700101842,16000.0,0.064
545.86,running,703.84375,0.0,226.87327108653162,25,63.9,0.8964235782623291,48,541.568000000048,537.8559999999997,3.712000000048306,841,1236.3131969996175,1236.3131969996175,2552.1102790007717,4197.888598000645,88,467.808,87,7.42401123046875,839,168.52804700101842,16000.0,0.064
546.86,running,706.1875,0.0,121.91712159413801,25,62.8,1.897439956665039,48,541.568000000048,537.8559999999997,3.712000000048306,841,1236.3131969996175,1236.3131969996175,2552.1102790007717,4197.888598000645,88,467.808,87,7.42401123046875,839,168.52804700101842,16000.0,0.064
547.86,running,751.875,0.0,368.64569830593433,25,65.55,0.8975021839141846,50,543.4240000000469,540.4159999999996,3.008000000047332,842,1243.6781870001141,1243.6781870001141,2930.843227999503,4197.888598000645,89,470.56,88,8.800048828125,500,168.52804700101842,16000.0,0.064
548.86,running,709.828125,0.0,136.836713434038,25,63.35,1.89817214012146,50,543.4240000000469,540.4159999999996,3.008000000047332,842,1243.6781870001141,1243.6781870001141,2930.843227999503,4197.888598000645,89,470.56,88,8.800048828125,500,168.52804700101842,16000.0,0.064
549.86,running,708.859375,0.0,225.8533425833856,25,66.1,0.8919782638549805,50,545.4080000000458,540.4159999999996,4.992000000046232,842,1243.6781870001141,1243.6781870001141,2930.843227999503,4197.888598000645,89,470.56,88,8.800048828125,500,168.52804700101842,16000.0,0.064
550.86,running,709.609375,0.0,171.85311696935284,25,63.35,1.892592191696167,50,545.4080000000458,540.4159999999996,4.992000000046232,842,1243.6781870001141,1243.6781870001141,2930.843227999503,4197.888598000645,89,470.56,88,8.800048828125,500,168.52804700101842,16000.0,0.064
551.86,running,707.90625,0.0,197.87936027546994,25,64.45,0.7446916103363037,51,547.5200000000447,543.2319999999996,4.288000000045031,843,1252.7049609998357,1252.7049609998357,2627.206462999311,4197.888598000645,90,473.76,89,3.6800537109375,650,168.52804700101842,16000.0,0.064
552.86,running,707.8125,0.0,206.85790847509625,25,63.9,1.7452783584594727,51,547.5200000000447,543.2319999999996,4.288000000045031,843,1252.7049609998357,1252.7049609998357,2627.206462999311,4197.888598000645,90,473.76,89,3.6800537109375,650,168.52804700101842,16000.0,0.064
553.86,running,706.8125,0.0,126.55293442142684,25,62.8,0.6144518852233887,52,549.5680000000435,545.7279999999996,3.840000000043915,844,1257.8923319997557,1257.8923319997557,2127.6433100010763,4197.888598000645,91,475.904,90,3.52001953125,591,168.52804700101842,16000.0,0.064
554.87,running,706.8125,0.0,342.34976960525444,25,63.9,1.6150786876678467,52,549.5680000000435,545.7279999999996,3.840000000043915,844,1257.8923319997557,1257.8923319997557,2127.6433100010763,4197.888598000645,91,475.904,90,3.52001953125,591,168.52804700101842,16000.0,0.064
555.87,running,762.546875,0.0,98.93863459804665,25,63.35,0.48278355598449707,53,551.6160000000424,547.7759999999996,3.840000000042778,845,1323.0763680003292,1323.0763680003292,2247.3685839995596,4197.888598000645,91,477.952,90,3.52001953125,591,168.52804700101842,16000.0,0.064
556.87,running,746.8125,0.0,266.8291908942755,25,64.45,1.484053611755371,53,551.6160000000424,547.7759999999996,3.840000000042778,845,1323.0763680003292,1323.0763680003292,2247.3685839995596,4197.888598000645,91,477.952,90,3.52001953125,591,168.52804700101842,16000.0,0.064
557.87,running,735.875,0.0,103.86052310707186,25,62.8,0.3605692386627197,54,553.6640000000413,550.0159999999996,3.648000000041634,846,1269.883506000042,1323.0763680003292,2441.8543920000957,4197.888598000645,91,479.488,91,4.1600341796875,1029,168.52804700101842,16000.0,0.064
558.87,running,773.4375,0.0,256.8352222262666,25,65.55,1.3617689609527588,54,553.6640000000413,550.0159999999996,3.648000000041634,846,1269.883506000042,1323.0763680003292,2441.8543920000957,4197.888598000645,91,479.488,91,4.1600341796875,1029,168.52804700101842,16000.0,0.064
559.87,running,709.796875,0.0,204.75371935999306,25,63.35,0.18704843521118164,55,555.7120000000401,552.3199999999996,3.3920000000405253,847,1272.5996629997098,1323.0763680003292,2080.8370819995616,4197.888598000645,92,481.088,91,4.1600341796875,1029,168.52804700101842,16000.0,0.064
560.87,running,711.328125,0.0,142.90041227398254,25,63.35,1.1897099018096924,55,555.7120000000401,552.3199999999996,3.3920000000405253,847,1272.5996629997098,1323.0763680003292,2080.8370819995616,4197.888598000645,92,481.088,91,4.1600341796875,1029,168.52804700101842,16000.0,0.064
561.87,running,711.328125,0.0,331.13487834158303,25,63.9,2.1902964115142822,55,555.7120000000401,552.3199999999996,3.3920000000405253,847,1272.5996629997098,1323.0763680003292,2080.8370819995616,4197.888598000645,92,481.088,91,4.1600341796875,1029,168.52804700101842,16000.0,0.064
562.87,running,779.78125,0.0,100.945870906005,25,63.35,1.0788156986236572,55,557.8880000000389,554.3039999999996,3.584000000039282,848,1278.9227789999131,1323.0763680003292,2421.7220389982685,4197.888598000645,92,483.072,91,4.1600341796875,1029,168.52804700101842,16000.0,0.064
563.88,running,720.109375,0.0,281.8131015509274,25,64.45,2.080065965652466,55,557.8880000000389,554.3039999999996,3.584000000039282,848,1278.9227789999131,1323.0763680003292,2421.7220389982685,4197.888598000645,92,483.072,91,4.1600341796875,1029,168.52804700101842,16000.0,0.064
564.88,running,715.5,0.0,198.94719472223053,25,62.25,0.9950990676879883,56,559.8720000000378,556.6719999999997,3.2000000000381306,849,1283.6692040000344,1323.0763680003292,2447.3067079998145,4197.888598000645,93,485.568,92,5.4720458984375,783,168.52804700101842,16000.0,0.064
565.88,running,709.84375,0.0,156.39652243550992,25,64.45,1.9989933967590332,56,559.8720000000378,556.6719999999997,3.2000000000381306,849,1283.6692040000344,1323.0763680003292,2447.3067079998145,4197.888598000645,93,485.568,92,5.4720458984375,783,168.52804700101842,16000.0,0.064
566.89,running,709.84375,0.0,284.82288345976366,25,65.0,0.9887051582336426,57,561.7920000000368,559.1679999999997,2.6240000000370856,850,1290.0814869990427,1323.0763680003292,2521.892499999012,4197.888598000645,94,488.224,93,2.3680419921875,772,168.52804700101842,16000.0,0.064
567.89,running,811.671875,0.0,99.94191565745652,25,64.45,1.9892606735229492,57,561.7920000000368,559.1679999999997,2.6240000000370856,850,1290.0814869990427,1323.0763680003292,2521.892499999012,4197.888598000645,94,488.224,93,2.3680419921875,772,168.52804700101842,16000.0,0.064
568.89,running,740.25,0.0,329.69123887960444,25,64.45,0.984407901763916,57,563.7760000000357,559.1679999999997,4.608000000035986,850,1290.0814869990427,1323.0763680003292,2521.892499999012,4197.888598000645,94,488.224,93,2.3680419921875,772,168.52804700101842,16000.0,0.064
569.89,running,719.515625,0.0,176.76860035668903,25,65.0,1.9850897789001465,57,563.7760000000357,559.1679999999997,4.608000000035986,850,1290.0814869990427,1323.0763680003292,2521.892499999012,4197.888598000645,94,488.224,93,2.3680419921875,772,168.52804700101842,16000.0,0.064
570.89,running,713.171875,0.0,166.24152751935964,25,63.9,0.8532860279083252,57,565.9520000000344,561.5359999999997,4.416000000034728,851,1298.6240360005468,1323.0763680003292,2363.8259370000014,4197.888598000645,94,490.592,93,2.3680419921875,772,168.52804700101842,16000.0,0.064
571.89,running,713.171875,0.0,326.7837550982595,25,65.0,1.853926181793213,57,565.9520000000344,561.5359999999997,4.416000000034728,851,1298.6240360005468,1323.0763680003292,2363.8259370000014,4197.888598000645,94,490.592,93,2.3680419921875,772,168.52804700101842,16000.0,0.064
572.89,running,781.25,0.0,98.94066538188197,25,63.35,0.757936954498291,58,567.9360000000333,563.9039999999998,4.032000000033577,852,1305.8098220008105,1323.0763680003292,2605.7534749998013,4197.888598000645,94,492.96,93,2.3680419921875,772,168.52804700101842,16000.0,0.064
573.89,running,769.328125,0.0,284.8153089497294,25,65.0,1.7591314315795898,58,567.9360000000333,563.9039999999998,4.032000000033577,852,1305.8098220008105,1323.0763680003292,2605.7534749998013,4197.888598000645,94,492.96,93,2.3680419921875,772,168.52804700101842,16000.0,0.064
574.9,running,725.296875,0.0,146.81862203600468,25,63.9,0.6363165378570557,58,570.0480000000322,566.3999999999997,3.6480000000324253,853,1311.286176000067,1323.0763680003292,2546.565479000492,4197.888598000645,94,495.136,94,7.80804443359375,1080,168.52804700101842,16000.0,0.064
575.9,running,714.609375,0.0,199.86715949170707,25,62.8,1.6380484104156494,58,570.0480000000322,566.3999999999997,3.6480000000324253,853,1311.286176000067,1323.0763680003292,2546.565479000492,4197.888598000645,94,495.136,94,7.80804443359375,1080,168.52804700101842,16000.0,0.064
576.9,running,714.609375,0.0,222.6308204384062,25,63.9,0.5032885074615479,59,572.096000000031,568.8959999999997,3.2000000000313094,854,1319.4940769990353,1323.0763680003292,2343.960103999052,4197.888598000645,96,497.92,95,0.83203125,254,168.52804700101842,16000.0,0.064
577.9,running,713.796875,0.0,113.92340177795911,25,63.9,1.5056629180908203,59,572.096000000031,568.8959999999997,3.2000000000313094,854,1319.4940769990353,1323.0763680003292,2343.960103999052,4197.888598000645,96,497.92,95,0.83203125,254,168.52804700101842,16000.0,0.064
578.9,running,713.796875,0.0,280.3330817116647,25,63.9,0.40978336334228516,61,574.0800000000299,571.2639999999998,2.816000000030158,855,1326.8376590003754,1326.8376590003754,2298.318917999495,4197.888598000645,97,500.352,96,2.30401611328125,188,168.52804700101842,16000.0,0.064
579.9,running,814.796875,0.0,99.9388082671716,25,63.35,1.4107906818389893,61,574.0800000000299,571.2639999999998,2.816000000030158,855,1326.8376590003754,1326.8376590003754,2298.318917999495,4197.888598000645,97,500.352,96,2.30401611328125,188,168.52804700101842,16000.0,0.064
580.9,running,712.890625,0.0,335.64255410591016,25,64.45,0.40675926208496094,61,576.0640000000288,573.3119999999998,2.7520000000290565,856,1330.073782000909,1330.073782000909,2190.377614000681,4197.888598000645,97,502.4,96,2.30401611328125,188,168.52804700101842,16000.0,0.064
581.9,running,722.015625,0.0,157.88920614415932,25,62.25,1.4073753356933594,61,576.0640000000288,573.3119999999998,2.7520000000290565,856,1330.073782000909,1330.073782000909,2190.377614000681,4197.888598000645,97,502.4,96,2.30401611328125,188,168.52804700101842,16000.0,0.064
582.9,running,778.890625,0.0,179.8857333440967,25,65.55,0.3227367401123047,61,578.1120000000277,573.3119999999998,4.8000000000279215,856,1336.733694999566,1336.733694999566,2190.377614000681,4197.888598000645,97,504.64,96,2.30401611328125,188,168.52804700101842,16000.0,0.064
583.91,running,715.0,0.0,366.8504478713125,25,65.55,1.328584909439087,61,578.1120000000277,573.3119999999998,4.8000000000279215,856,1336.733694999566,1336.733694999566,2190.377614000681,4197.888598000645,97,504.64,96,2.30401611328125,188,168.52804700101842,16000.0,0.064
584.91,running,741.140625,0.0,108.93071853801402,25,63.9,0.29509496688842773,62,580.0960000000266,575.5519999999998,4.544000000026813,857,1336.733694999566,1336.733694999566,2579.799990000538,4197.888598000645,97,504.64,96,2.30401611328125,188,168.52804700101842,16000.0,0.064
585.91,running,712.640625,0.0,232.85943579894897,25,65.55,1.29597806930542,62,580.0960000000266,575.5519999999998,4.544000000026813,857,1336.733694999566,1336.733694999566,2579.799990000538,4197.888598000645,97,504.64,96,2.30401611328125,188,168.52804700101842,16000.0,0.064
586.91,running,712.609375,0.0,209.81896211442364,25,63.9,0.18178653717041016,62,582.2080000000254,578.1119999999997,4.096000000025697,858,1345.7255429984798,1345.7255429984798,2813.967481000873,4197.888598000645,100,508.064,99,1.0240478515625,232,168.52804700101842,16000.0,0.064
587.92,running,711.890625,0.0,112.4931069600392,25,63.9,1.1868772506713867,62,582.2080000000254,578.1119999999997,4.096000000025697,858,1345.7255429984798,1345.7255429984798,2813.967481000873,4197.888598000645,100,508.064,99,1.0240478515625,232,168.52804700101842,16000.0,0.064
588.92,running,711.890625,0.0,360.55352188677153,25,65.55,0.05133533477783203,63,584.3200000000243,580.7999999999997,3.520000000024538,859,1352.7103099986562,1352.7103099986562,2435.967683000854,4197.888598000645,100,510.752,99,1.0240478515625,232,168.52804700101842,16000.0,0.064
589.92,running,725.921875,0.0,142.84740768493035,25,64.45,1.0519280433654785,63,584.3200000000243,580.7999999999997,3.520000000024538,859,1352.7103099986562,1352.7103099986562,2435.967683000854,4197.888598000645,100,510.752,99,1.0240478515625,232,168.52804700101842,16000.0,0.064
590.92,running,778.328125,0.0,187.88229249542073,25,65.0,0.05225801467895508,64,586.2400000000232,583.1679999999998,3.072000000023422,860,1360.3600970000116,1360.3600970000116,2699.7530789994926,4197.888598000645,102,513.472,101,1.91998291015625,530,168.52804700101842,16000.0,0.064
591.92,running,718.0625,0.0,203.77398876700528,25,64.45,1.052934169769287,64,586.2400000000232,583.1679999999998,3.072000000023422,860,1360.3600970000116,1360.3600970000116,2699.7530789994926,4197.888598000645,102,513.472,101,1.91998291015625,530,168.52804700101842,16000.0,0.064
592.93,running,713.25,0.0,132.41779616365466,25,62.8,0.060649871826171875,65,588.1600000000221,585.8559999999998,2.30400000002237,861,1365.630541999053,1365.630541999053,2246.9826549986465,4197.888598000645,103,515.552,102,1.66400146484375,390,168.52804700101842,16000.0,0.064
593.93,running,717.203125,0.0,215.82279437827083,25,62.8,1.061234474182129,65,588.1600000000221,585.8559999999998,2.30400000002237,861,1365.630541999053,1365.630541999053,2246.9826549986465,4197.888598000645,103,515.552,102,1.66400146484375,390,168.52804700101842,16000.0,0.064
594.94,running,714.34375,0.0,118.62362645031145,25,63.9,0.06363511085510254,65,590.0800000000211,588.0959999999998,1.9840000000212967,862,1371.5267480001785,1371.5267480001785,2058.7534620008228,4197.888598000645,103,517.792,102,1.66400146484375,390,168.52804700101842,16000.0,0.064
595.94,running,714.34375,0.0,343.53189382269375,25,65.0,1.0642168521881104,65,590.0800000000211,588.0959999999998,1.9840000000212967,862,1371.5267480001785,1371.5267480001785,2058.7534620008228,4197.888598000645,103,517.792,102,1.66400146484375,390,168.52804700101842,16000.0,0.064
596.94,running,772.390625,0.0,99.94211172992958,25,63.35,2.0647811889648438,65,590.0800000000211,588.0959999999998,1.9840000000212967,862,1371.5267480001785,1371.5267480001785,2058.7534620008228,4197.888598000645,103,517.792,102,1.66400146484375,390,168.52804700101842,16000.0,0.064
597.94,running,713.3125,0.0,249.48684697046335,25,64.45,1.0486912727355957,66,592.06400000002,588.0959999999998,3.968000000020197,862,1371.5267480001785,1371.5267480001785,2058.7534620008228,4197.888598000645,103,517.792,102,1.66400146484375,390,168.52804700101842,16000.0,0.064
598.94,running,720.0625,0.0,178.59972141132678,25,63.9,2.0493710041046143,66,592.06400000002,588.0959999999998,3.968000000020197,862,1371.5267480001785,1371.5267480001785,2058.7534620008228,4197.888598000645,103,517.792,102,1.66400146484375,390,168.52804700101842,16000.0,0.064
599.94,running,725.578125,0.0,144.9034815299244,25,65.55,0.9229779243469238,67,594.1120000000188,590.0799999999998,4.032000000019025,863,1378.3455140001024,1378.3455140001024,2504.6776210001553,4197.888598000645,103,519.776,102,1.66400146484375,390,168.52804700101842,16000.0,0.064
600.94,running,729.84375,0.0,136.8228400079849,25,63.9,1.9236407279968262,67,594.1120000000188,590.0799999999998,4.032000000019025,863,1378.3455140001024,1378.3455140001024,2504.6776210001553,4197.888598000645,103,519.776,102,1.66400146484375,390,168.52804700101842,16000.0,0.064
601.95,running,713.609375,0.0,99.93754872605498,25,62.8,0.8320302963256836,68,596.0960000000177,592.4479999999999,3.6480000000178734,864,1379.4018700009474,1379.4018700009474,2395.298958999774,4197.888598000645,104,520.736,104,0.6400146484375,321,168.52804700101842,16000.0,0.064
602.95,running,824.1875,0.0,100.94097809396938,25,62.25,1.8326129913330078,68,596.0960000000177,592.4479999999999,3.6480000000178734,864,1379.4018700009474,1379.4018700009474,2395.298958999774,4197.888598000645,104,520.736,104,0.6400146484375,321,168.52804700101842,16000.0,0.064
603.95,running,715.609375,0.0,278.8376972208357,25,63.9,0.7224156856536865,69,598.1440000000166,596.5439999999999,1.6000000000167347,866,1381.7300449991308,1381.7300449991308,1522.4851920011133,4197.888598000645,105,521.376,105,0.6400146484375,318,168.52804700101842,16000.0,0.064
604.95,running,776.09375,0.0,99.94129238607617,25,62.8,1.7229747772216797,69,598.1440000000166,596.5439999999999,1.6000000000167347,866,1381.7300449991308,1381.7300449991308,1522.4851920011133,4197.888598000645,105,521.376,105,0.6400146484375,318,168.52804700101842,16000.0,0.064
605.95,running,716.09375,0.0,260.8476370688795,25,64.45,0.6195299625396729,69,600.1280000000155,596.5439999999999,3.584000000015635,866,1386.4524889995664,1386.4524889995664,1522.4851920011133,4197.888598000645,106,523.2,105,0.6400146484375,318,168.52804700101842,16000.0,0.064
606.95,running,716.09375,0.0,340.79783906267767,25,64.45,1.624293327331543,69,600.1280000000155,596.5439999999999,3.584000000015635,866,1386.4524889995664,1386.4524889995664,1522.4851920011133,4197.888598000645,106,523.2,105,0.6400146484375,318,168.52804700101842,16000.0,0.064
607.95,running,745.421875,0.0,108.48609021663768,25,63.9,0.6047580242156982,70,602.1760000000144,598.0159999999998,4.16000000001452,867,1386.4524889995664,1386.4524889995664,2215.145852000205,4197.888598000645,106,523.2,105,0.6400146484375,318,168.52804700101842,16000.0,0.064
608.96,running,715.03125,0.0,220.22611200863264,25,63.9,1.608271598815918,70,602.1760000000144,598.0159999999998,4.16000000001452,867,1386.4524889995664,1386.4524889995664,2215.145852000205,4197.888598000645,106,523.2,105,0.6400146484375,318,168.52804700101842,16000.0,0.064
609.96,running,781.765625,0.0,353.7639690338176,25,65.55,0.5056416988372803,71,604.1600000000133,600.1279999999998,4.032000000013454,868,1393.938220000564,1393.938220000564,3165.3082170014386,4197.888598000645,106,525.312,105,0.6400146484375,318,168.52804700101842,16000.0,0.064
610.96,running,731.203125,0.0,154.81609612675751,25,64.45,1.506310224533081,71,604.1600000000133,600.1279999999998,4.032000000013454,868,1393.938220000564,1393.938220000564,3165.3082170014386,4197.888598000645,106,525.312,105,0.6400146484375,318,168.52804700101842,16000.0,0.064
611.96,running,715.5625,0.0,161.8914885062082,25,64.45,0.5024843215942383,71,606.1440000000122,600.1279999999998,6.016000000012355,868,1393.938220000564,1393.938220000564,3165.3082170014386,4197.888598000645,106,525.312,105,0.6400146484375,318,168.52804700101842,16000.0,0.064
612.96,running,778.78125,0.0,368.45190789059666,25,66.1,1.5037143230438232,71,606.1440000000122,600.1279999999998,6.016000000012355,868,1393.938220000564,1393.938220000564,3165.3082170014386,4197.888598000645,106,525.312,105,0.6400146484375,318,168.52804700101842,16000.0,0.064
613.96,running,715.609375,0.0,345.63087660308344,25,66.1,0.4535858631134033,71,608.256000000011,603.2639999999998,4.992000000011217,869,1400.4152430006798,1400.4152430006798,3190.312716000335,4197.888598000645,106,528.448,105,0.6400146484375,318,168.52804700101842,16000.0,0.064
614.97,running,715.671875,0.0,345.7360384862463,25,66.65,1.4542150497436523,71,608.256000000011,603.2639999999998,4.992000000011217,869,1400.4152430006798,1400.4152430006798,3190.312716000335,4197.888598000645,106,528.448,105,0.6400146484375,318,168.52804700101842,16000.0,0.064
615.97,running,729.140625,0.0,169.90102398862106,25,66.1,0.4372384548187256,71,610.2400000000099,603.2639999999998,6.976000000010117,869,1400.4152430006798,1400.4152430006798,3190.312716000335,4197.888598000645,106,528.448,105,0.6400146484375,318,168.52804700101842,16000.0,0.064
616.97,running,717.390625,0.0,135.6364212830692,25,65.0,1.4414799213409424,71,610.2400000000099,603.2639999999998,6.976000000010117,869,1400.4152430006798,1400.4152430006798,3190.312716000335,4197.888598000645,106,528.448,105,0.6400146484375,318,168.52804700101842,16000.0,0.064
617.97,running,717.4375,0.0,368.1345219968112,25,65.55,0.32555627822875977,72,612.2880000000088,606.3359999999998,5.952000000008979,870,1410.3180390011403,1410.3180390011403,5070.524186001421,5070.524186001421,107,532.0,106,10.04803466796875,3262,168.52804700101842,16000.0,0.064
618.97,running,717.390625,0.0,313.81618091675523,25,66.65,1.326172113418579,72,612.2880000000088,606.3359999999998,5.952000000008979,870,1410.3180390011403,1410.3180390011403,5070.524186001421,5070.524186001421,107,532.0,106,10.04803466796875,3262,168.52804700101842,16000.0,0.064
619.97,running,784.125,0.0,100.93793487882459,25,65.0,0.31609606742858887,72,614.2720000000077,606.3359999999998,7.93600000000788,870,1410.3180390011403,1410.3180390011403,5070.524186001421,5070.524186001421,107,532.0,106,10.04803466796875,3262,168.52804700101842,16000.0,0.064
620.98,running,716.96875,0.0,259.85774486983286,25,65.55,1.3204560279846191,72,614.2720000000077,606.3359999999998,7.93600000000788,870,1410.3180390011403,1410.3180390011403,5070.524186001421,5070.524186001421,107,532.0,106,10.04803466796875,3262,168.52804700101842,16000.0,0.064
621.98,running,716.96875,0.0,307.8195223359867,25,66.1,0.23071646690368652,73,616.3200000000065,611.4559999999998,4.86400000000674,871,1424.4813869991049,1424.4813869991049,3609.1377369994007,5070.524186001421,108,537.216,107,4.96002197265625,1761,168.52804700101842,16000.0,0.064
622.98,running,782.34375,0.0,99.94012706915994,25,63.35,1.231299877166748,73,616.3200000000065,611.4559999999998,4.86400000000674,871,1424.4813869991049,1424.4813869991049,3609.1377369994007,5070.524186001421,108,537.216,107,4.96002197265625,1761,168.52804700101842,16000.0,0.064
623.98,running,717.65625,0.0,258.26045620449935,25,66.1,0.23357272148132324,74,618.2400000000055,614.9119999999998,3.328000000005659,872,1434.1535530002147,1434.1535530002147,3026.509798000916,5070.524186001421,108,540.672,107,4.96002197265625,1761,168.52804700101842,16000.0,0.064
624.98,running,753.90625,0.0,347.76833620937424,25,67.2,1.2347984313964844,74,618.2400000000055,614.9119999999998,3.328000000005659,872,1434.1535530002147,1434.1535530002147,3026.509798000916,5070.524186001421,108,540.672,107,4.96002197265625,1761,168.52804700101842,16000.0,0.064
625.98,running,735.015625,0.0,116.85104121408156,25,63.9,0.22346019744873047,74,620.2240000000044,614.9119999999998,5.312000000004559,872,1434.1535530002147,1434.1535530002147,3026.509798000916,5070.524186001421,108,540.672,107,4.96002197265625,1761,168.52804700101842,16000.0,0.064
626.98,running,738.484375,0.0,192.8683218531898,25,66.1,1.2247085571289062,74,620.2240000000044,614.9119999999998,5.312000000004559,872,1434.1535530002147,1434.1535530002147,3026.509798000916,5070.524186001421,108,540.672,107,4.96002197265625,1761,168.52804700101842,16000.0,0.064
627.98,running,778.15625,0.0,361.56543956018373,25,65.55,0.12489843368530273,75,622.2720000000032,617.9199999999998,4.352000000003386,873,1442.3636570008966,1442.3636570008966,3215.262324998548,5070.524186001421,108,543.68,107,4.96002197265625,1761,168.52804700101842,16000.0,0.064
628.99,running,716.109375,0.0,338.5491912825226,25,66.65,1.1255829334259033,75,622.2720000000032,617.9199999999998,4.352000000003386,873,1442.3636570008966,1442.3636570008966,3215.262324998548,5070.524186001421,108,543.68,107,4.96002197265625,1761,168.52804700101842,16000.0,0.064
629.99,running,762.671875,0.0,99.9395982058294,25,65.0,2.126168727874756,75,622.2720000000032,617.9199999999998,4.352000000003386,873,1442.3636570008966,1442.3636570008966,3215.262324998548,5070.524186001421,108,543.68,107,4.96002197265625,1761,168.52804700101842,16000.0,0.064
630.99,running,719.0,0.0,205.87514146172865,25,65.0,1.1109371185302734,76,624.1920000000022,617.9199999999998,6.272000000002322,873,1442.3636570008966,1442.3636570008966,3215.262324998548,5070.524186001421,108,543.68,107,4.96002197265625,1761,168.52804700101842,16000.0,0.064
631.99,running,718.90625,0.0,337.76162979639963,25,66.1,2.11159348487854,76,624.1920000000022,617.9199999999998,6.272000000002322,873,1442.3636570008966,1442.3636570008966,3215.262324998548,5070.524186001421,108,543.68,107,4.96002197265625,1761,168.52804700101842,16000.0,0.064
632.99,running,776.203125,0.0,99.93837000604074,25,64.45,0.9351456165313721,77,626.304000000001,621.0559999999998,5.248000000001184,874,1451.360986000509,1451.360986000509,3893.539505001172,5070.524186001421,109,547.296,108,10.04803466796875,1877,168.52804700101842,16000.0,0.064
633.99,running,754.390625,0.0,237.842672542268,25,67.2,1.936398983001709,77,626.304000000001,621.0559999999998,5.248000000001184,874,1451.360986000509,1451.360986000509,3893.539505001172,5070.524186001421,109,547.296,108,10.04803466796875,1877,168.52804700101842,16000.0,0.064
634.99,running,718.703125,0.0,327.57654769317713,25,66.1,0.7860918045043945,78,628.3519999999999,624.7679999999998,3.58400000000006,875,1460.8064099993499,1460.8064099993499,2956.974059999993,5070.524186001421,110,550.944,109,1.4400634765625,595,168.52804700101842,16000.0,0.064
635.99,running,769.84375,0.0,100.93742676944062,25,65.55,1.786679983139038,78,628.3519999999999,624.7679999999998,3.58400000000006,875,1460.8064099993499,1460.8064099993499,2956.974059999993,5070.524186001421,110,550.944,109,1.4400634765625,595,168.52804700101842,16000.0,0.064
636.99,running,722.234375,0.0,221.85480135705,25,67.2,0.7818944454193115,79,630.2719999999988,624.7679999999998,5.503999999998996,875,1460.8064099993499,1460.8064099993499,2956.974059999993,5070.524186001421,110,550.944,109,1.4400634765625,595,168.52804700101842,16000.0,0.064
637.99,running,722.6875,0.0,273.46424307524137,25,66.1,1.782477617263794,79,630.2719999999988,624.7679999999998,5.503999999998996,875,1460.8064099993499,1460.8064099993499,2956.974059999993,5070.524186001421,110,550.944,109,1.4400634765625,595,168.52804700101842,16000.0,0.064
638.99,running,826.859375,0.0,99.94102240407933,25,64.45,0.7027380466461182,80,632.2559999999977,627.6479999999998,4.607999999997901,876,1469.4552370001475,1469.4552370001475,3025.0301800006127,5070.524186001421,111,554.08,110,4.89599609375,938,168.52804700101842,16000.0,0.064
639.99,running,785.6875,0.0,286.809023909314,25,65.55,1.7038424015045166,80,632.2559999999977,627.6479999999998,4.607999999997901,876,1469.4552370001475,1469.4552370001475,3025.0301800006127,5070.524186001421,111,554.08,110,4.89599609375,938,168.52804700101842,16000.0,0.064
641.0,running,725.15625,0.0,212.7647617473175,25,65.0,0.6076993942260742,81,634.3039999999966,630.4639999999998,3.839999999996735,877,1475.8973900006822,1475.8973900006822,2775.4579669999657,5070.524186001421,112,556.864,111,1.72802734375,371,168.52804700101842,16000.0,0.064
642.0,running,725.0625,0.0,99.93937987034128,25,64.45,1.6087374687194824,81,634.3039999999966,630.4639999999998,3.839999999996735,877,1475.8973900006822,1475.8973900006822,2775.4579669999657,5070.524186001421,112,556.864,111,1.72802734375,371,168.52804700101842,16000.0,0.064
643.0,running,722.0625,0.0,320.655100808604,25,65.55,0.6088719367980957,82,636.2239999999955,633.2159999999998,3.007999999995718,878,1483.6147160003748,1483.6147160003748,2767.607437999686,5070.524186001421,113,559.872,112,4.384033203125,882,168.52804700101842,16000.0,0.064
644.0,running,781.765625,0.0,98.93986899782628,25,64.45,1.6094789505004883,82,636.2239999999955,633.2159999999998,3.007999999995718,878,1483.6147160003748,1483.6147160003748,2767.607437999686,5070.524186001421,113,559.872,112,4.384033203125,882,168.52804700101842,16000.0,0.064
645.0,running,725.5625,0.0,229.85893166595994,25,65.55,0.49031805992126465,82,638.2719999999944,633.2159999999998,5.055999999994583,878,1492.2464699993725,1492.2464699993725,2767.607437999686,5070.524186001421,113,562.496,112,4.384033203125,882,168.52804700101842,16000.0,0.064
646.0,running,725.453125,0.0,348.74341691308933,25,66.1,1.4912047386169434,82,638.2719999999944,633.2159999999998,5.055999999994583,878,1492.2464699993725,1492.2464699993725,2767.607437999686,5070.524186001421,113,562.496,112,4.384033203125,882,168.52804700101842,16000.0,0.064
647.0,running,742.359375,0.0,119.89681608069738,25,65.55,0.46466875076293945,83,640.2559999999933,635.8399999999998,4.41599999999346,879,1492.2464699993725,1492.2464699993725,2479.259488000025,5070.524186001421,113,562.496,112,4.384033203125,882,168.52804700101842,16000.0,0.064
648.0,running,787.171875,0.0,173.27071810230103,25,65.55,1.4689128398895264,83,640.2559999999933,635.8399999999998,4.41599999999346,879,1492.2464699993725,1492.2464699993725,2479.259488000025,5070.524186001421,113,562.496,112,4.384033203125,882,168.52804700101842,16000.0,0.064
649.01,running,786.765625,0.0,354.7496868472453,25,67.2,0.43371152877807617,84,642.1759999999922,638.2719999999998,3.9039999999923793,880,1497.3851740014652,1497.3851740014652,3183.5995220008044,5070.524186001421,114,565.184,113,5.1199951171875,1137,168.88215799917816,16000.0,0.064
650.01,running,736.53125,0.0,145.85251656070858,25,63.9,1.4343626499176025,84,642.1759999999922,638.2719999999998,3.9039999999923793,880,1497.3851740014652,1497.3851740014652,3183.5995220008044,5070.524186001421,114,565.184,113,5.1199951171875,1137,168.88215799917816,16000.0,0.064
651.01,running,722.40625,0.0,139.9131536668372,25,63.9,0.40773916244506836,84,644.2239999999911,638.2719999999998,5.951999999991244,880,1497.3851740014652,1497.3851740014652,3183.5995220008044,5070.524186001421,114,565.184,113,5.1199951171875,1137,168.88215799917816,16000.0,0.064
652.01,running,722.40625,0.0,350.70204774830273,25,66.1,1.4083383083343506,84,644.2239999999911,638.2719999999998,5.951999999991244,880,1497.3851740014652,1497.3851740014652,3183.5995220008044,5070.524186001421,114,565.184,113,5.1199951171875,1137,168.88215799917816,16000.0,0.064
653.01,running,722.40625,0.0,259.8563441370122,25,66.1,0.3220498561859131,85,646.20799999999,641.3439999999998,4.863999999990142,881,1507.1222459991986,1507.1222459991986,3125.781773000199,5070.524186001421,115,568.736,114,2.3680419921875,455,179.29288200139126,16000.0,0.064
654.01,running,835.71875,0.0,99.93531277155665,25,64.45,1.322657823562622,85,646.20799999999,641.3439999999998,4.863999999990142,881,1507.1222459991986,1507.1222459991986,3125.781773000199,5070.524186001421,115,568.736,114,2.3680419921875,455,179.29288200139126,16000.0,0.064
655.01,running,724.015625,0.0,284.9630076464501,25,65.55,0.23650479316711426,86,648.1279999999889,644.3519999999999,3.7759999999890397,882,1515.69018400005,1515.69018400005,3450.3446139988228,5070.524186001421,117,571.808,116,1.15203857421875,336,179.29288200139126,16000.0,0.064
656.01,running,723.921875,0.0,343.7815158456219,25,66.65,1.2370941638946533,86,648.1279999999889,644.3519999999999,3.7759999999890397,882,1515.69018400005,1515.69018400005,3450.3446139988228,5070.524186001421,117,571.808,116,1.15203857421875,336,179.29288200139126,16000.0,0.064
657.01,running,737.90625,0.0,132.92258322909856,25,65.55,0.22077679634094238,86,650.1759999999878,644.3519999999999,5.823999999987905,882,1515.69018400005,1515.69018400005,3450.3446139988228,5070.524186001421,117,571.808,116,1.15203857421875,336,179.29288200139126,16000.0,0.064
658.02,running,725.59375,0.0,147.58691205526932,25,65.0,1.2242400646209717,86,650.1759999999878,644.3519999999999,5.823999999987905,882,1515.69018400005,1515.69018400005,3450.3446139988228,5070.524186001421,117,571.808,116,1.15203857421875,336,179.29288200139126,16000.0,0.064
659.02,running,725.59375,0.0,338.577932473917,25,66.1,0.12172889709472656,87,652.2239999999866,647.6159999999999,4.60799999998676,883,1526.3188349999837,1526.3188349999837,3524.1850330003217,5070.524186001421,118,575.2,117,3.58404541015625,1485,179.29288200139126,16000.0,0.064
660.02,running,769.328125,0.0,99.9373342945485,25,64.45,1.1223204135894775,87,652.2239999999866,647.6159999999999,4.60799999998676,883,1526.3188349999837,1526.3188349999837,3524.1850330003217,5070.524186001421,118,575.2,117,3.58404541015625,1485,179.29288200139126,16000.0,0.064
661.02,running,725.90625,0.0,212.87036322605329,25,65.55,0.12243366241455078,88,654.0799999999856,651.0719999999999,3.0079999999857137,884,1535.4139609989943,1535.4139609989943,2791.5660979997483,5070.524186001421,118,578.656,117,3.58404541015625,1485,179.29288200139126,16000.0,0.064
662.02,running,725.90625,0.0,332.10191038702834,25,66.1,1.1281025409698486,88,654.0799999999856,651.0719999999999,3.0079999999857137,884,1535.4139609989943,1535.4139609989943,2791.5660979997483,5070.524186001421,118,578.656,117,3.58404541015625,1485,179.29288200139126,16000.0,0.064
663.03,running,770.0,0.0,99.94318659592186,25,64.45,0.12242555618286133,88,656.0639999999845,651.0719999999999,4.991999999984614,884,1535.4139609989943,1535.4139609989943,2791.5660979997483,5070.524186001421,118,578.656,117,3.58404541015625,1485,179.29288200139126,16000.0,0.064
664.03,running,750.265625,0.0,207.3283703182985,25,65.0,1.126070261001587,88,656.0639999999845,651.0719999999999,4.991999999984614,884,1535.4139609989943,1535.4139609989943,2791.5660979997483,5070.524186001421,118,578.656,117,3.58404541015625,1485,179.29288200139126,16000.0,0.064
665.03,running,790.296875,0.0,358.64113471409337,25,66.1,0.009511947631835938,89,658.1759999999833,653.7599999999999,4.415999999983455,885,1541.3044270007958,1541.3044270007958,3018.2364140000573,5070.524186001421,118,581.344,117,3.58404541015625,1485,179.29288200139126,16000.0,0.064
666.03,running,726.296875,0.0,346.65850428117375,25,66.65,1.010127305984497,89,658.1759999999833,653.7599999999999,4.415999999983455,885,1541.3044270007958,1541.3044270007958,3018.2364140000573,5070.524186001421,118,581.344,117,3.58404541015625,1485,179.29288200139126,16000.0,0.064
667.03,running,726.203125,0.0,230.87157283946814,25,65.55,2.010716438293457,89,658.1759999999833,653.7599999999999,4.415999999983455,885,1541.3044270007958,1541.3044270007958,3018.2364140000573,5070.524186001421,118,581.344,117,3.58404541015625,1485,179.29288200139126,16000.0,0.064
668.03,running,861.890625,0.0,99.94043609964403,25,64.45,0.9981553554534912,89,660.1599999999822,653.7599999999999,6.399999999982356,885,1541.3044270007958,1541.3044270007958,3018.2364140000573,5070.524186001421,118,581.344,117,3.58404541015625,1485,179.29288200139126,16000.0,0.064
669.03,running,735.9375,0.0,290.82474203042636,25,66.65,1.9988572597503662,89,660.1599999999822,653.7599999999999,6.399999999982356,885,1541.3044270007958,1541.3044270007958,3018.2364140000573,5070.524186001421,118,581.344,117,3.58404541015625,1485,179.29288200139126,16000.0,0.064
670.03,running,797.625,0.0,344.7516274827552,25,67.75,0.9420425891876221,90,662.1439999999811,656.7679999999999,5.375999999981218,886,1548.782879999635,1548.782879999635,4624.417799999719,5070.524186001421,118,584.352,117,3.58404541015625,1485,179.29288200139126,16000.0,0.064
671.04,running,735.84375,0.0,370.68771544394906,25,67.2,1.9449546337127686,90,662.1439999999811,656.7679999999999,5.375999999981218,886,1548.782879999635,1548.782879999635,4624.417799999719,5070.524186001421,118,584.352,117,3.58404541015625,1485,179.29288200139126,16000.0,0.064
672.04,running,735.84375,0.0,332.81748255979517,25,67.2,0.9410409927368164,90,664.12799999998,656.7679999999999,7.3599999999801184,886,1548.782879999635,1548.782879999635,4624.417799999719,5070.524186001421,118,584.352,117,3.58404541015625,1485,179.29288200139126,16000.0,0.064
673.04,running,779.671875,0.0,99.93444170722613,25,65.0,1.9416542053222656,90,664.12799999998,656.7679999999999,7.3599999999801184,886,1548.782879999635,1548.782879999635,4624.417799999719,5070.524186001421,118,584.352,117,3.58404541015625,1485,179.29288200139126,16000.0,0.064
674.04,running,734.421875,0.0,185.48331526572272,25,65.55,0.9227123260498047,91,666.1119999999789,656.7679999999999,9.343999999979019,886,1548.782879999635,1548.782879999635,4624.417799999719,5070.524186001421,118,584.352,117,3.58404541015625,1485,179.29288200139126,16000.0,0.064
675.04,running,753.390625,0.0,369.6745104656975,25,66.65,1.9239082336425781,91,666.1119999999789,656.7679999999999,9.343999999979019,886,1548.782879999635,1548.782879999635,4624.417799999719,5070.524186001421,118,584.352,117,3.58404541015625,1485,179.29288200139126,16000.0,0.064
676.04,running,734.421875,0.0,326.5964427383266,25,67.75,0.8305583000183105,92,668.0959999999778,661.2479999999999,6.847999999977901,887,1564.8050870004226,1564.8050870004226,5417.245104999893,5417.245104999893,120,589.44,119,3.6800537109375,1003,179.29288200139126,16000.0,0.064
677.04,running,776.46875,0.0,99.94165695901705,25,65.0,1.8311288356781006,92,668.0959999999778,661.2479999999999,6.847999999977901,887,1564.8050870004226,1564.8050870004226,5417.245104999893,5417.245104999893,120,589.44,119,3.6800537109375,1003,179.29288200139126,16000.0,0.064
678.04,running,735.03125,0.0,186.88820030137308,25,65.55,0.8280506134033203,92,670.0799999999767,661.2479999999999,8.831999999976802,887,1564.8050870004226,1564.8050870004226,5417.245104999893,5417.245104999893,120,589.44,119,3.6800537109375,1003,179.29288200139126,16000.0,0.064
679.05,running,735.125,0.0,365.28724627342064,25,67.2,1.8322007656097412,92,670.0799999999767,661.2479999999999,8.831999999976802,887,1564.8050870004226,1564.8050870004226,5417.245104999893,5417.245104999893,120,589.44,119,3.6800537109375,1003,179.29288200139126,16000.0,0.064
680.05,running,737.671875,0.0,214.87253009469407,25,65.0,0.7730607986450195,93,671.9999999999757,666.56,5.439999999975726,888,1577.1632070009218,1577.1632070009218,4031.703787000879,5417.245104999893,120,594.752,119,3.6800537109375,1003,179.5209750016511,16000.0,0.064
681.05,running,885.4375,0.0,100.93891943733611,25,63.9,1.7736515998840332,93,671.9999999999757,666.56,5.439999999975726,888,1577.1632070009218,1577.1632070009218,4031.703787000879,5417.245104999893,120,594.752,119,3.6800537109375,1003,179.5209750016511,16000.0,0.064
682.05,running,749.125,0.0,313.122335003893,25,65.55,0.776252269744873,93,673.9199999999746,670.4,3.5199999999746296,889,1588.7067490002664,1588.7067490002664,3545.8531309996033,5417.245104999893,122,598.88,121,1.82403564453125,596,179.5209750016511,16000.0,0.064
683.05,running,737.0625,0.0,323.5811193868936,25,66.65,1.7769420146942139,93,673.9199999999746,670.4,3.5199999999746296,889,1588.7067490002664,1588.7067490002664,3545.8531309996033,5417.245104999893,122,598.88,121,1.82403564453125,596,179.5209750016511,16000.0,0.064
684.05,running,775.171875,0.0,99.93925971633792,25,63.9,0.7689416408538818,95,675.9039999999735,670.4,5.50399999997353,889,1588.7067490002664,1588.7067490002664,3545.8531309996033,5417.245104999893,122,598.88,121,1.82403564453125,596,179.5209750016511,16000.0,0.064
685.05,running,735.765625,0.0,186.8754071757507,25,65.0,1.7702076435089111,95,675.9039999999735,670.4,5.50399999997353,889,1588.7067490002664,1588.7067490002664,3545.8531309996033,5417.245104999893,122,598.88,121,1.82403564453125,596,179.5209750016511,16000.0,0.064
686.06,running,735.765625,0.0,310.6288916636236,25,65.0,0.629040002822876,97,677.8239999999724,673.92,3.903999999972484,890,1586.2920730014594,1588.7067490002664,3481.4328369993746,5417.245104999893,122,602.336,122,4.1920166015625,1702,179.5209750016511,16000.0,0.064
687.06,running,800.453125,0.0,98.93833094678686,25,63.9,1.6296203136444092,97,677.8239999999724,673.92,3.903999999972484,890,1586.2920730014594,1588.7067490002664,3481.4328369993746,5417.245104999893,122,602.336,122,4.1920166015625,1702,179.5209750016511,16000.0,0.064
688.06,running,736.40625,0.0,215.2187072380582,25,65.0,0.6226372718811035,97,679.8079999999713,673.92,5.887999999971385,890,1586.2920730014594,1588.7067490002664,3481.4328369993746,5417.245104999893,122,602.336,122,4.1920166015625,1702,179.5209750016511,16000.0,0.064
689.06,running,744.328125,0.0,351.49333641496145,25,65.0,1.6234302520751953,97,679.8079999999713,673.92,5.887999999971385,890,1586.2920730014594,1588.7067490002664,3481.4328369993746,5417.245104999893,122,602.336,122,4.1920166015625,1702,179.5209750016511,16000.0,0.064
690.06,running,753.015625,0.0,125.92048197116513,25,63.9,0.42822909355163574,98,681.9199999999702,677.0559999999999,4.863999999970247,891,1595.8045710012811,1595.8045710012811,2915.016643999479,5417.245104999893,123,605.728,122,4.1920166015625,1702,179.5209750016511,16000.0,0.064
691.06,running,735.78125,0.0,128.91860066676796,25,63.9,1.4290707111358643,98,681.9199999999702,677.0559999999999,4.863999999970247,891,1595.8045710012811,1595.8045710012811,2915.016643999479,5417.245104999893,123,605.728,122,4.1920166015625,1702,179.5209750016511,16000.0,0.064
692.06,running,735.875,0.0,376.68272353158824,25,65.55,0.3494594097137451,99,683.8399999999691,679.872,3.9679999999691518,892,1603.9401569996699,1603.9401569996699,3271.204452999882,5417.245104999893,123,608.544,122,4.1920166015625,1702,182.6298569994833,16000.0,0.064
693.07,running,735.875,0.0,345.46703219220507,25,66.65,1.3540716171264648,99,683.8399999999691,679.872,3.9679999999691518,892,1603.9401569996699,1603.9401569996699,3271.204452999882,5417.245104999893,123,608.544,122,4.1920166015625,1702,182.6298569994833,16000.0,0.064
694.07,running,743.8125,0.0,245.79519017456278,25,65.0,0.33296799659729004,99,685.887999999968,679.872,6.015999999968017,892,1603.9401569996699,1603.9401569996699,3271.204452999882,5417.245104999893,123,608.544,122,4.1920166015625,1702,182.6298569994833,16000.0,0.064
695.07,running,869.078125,0.0,99.94275558800221,25,64.45,1.3335187435150146,99,685.887999999968,679.872,6.015999999968017,892,1603.9401569996699,1603.9401569996699,3271.204452999882,5417.245104999893,123,608.544,122,4.1920166015625,1702,182.6298569994833,16000.0,0.064
696.07,running,831.34375,0.0,260.8445384808886,25,65.0,0.24414491653442383,100,687.8719999999669,683.072,4.799999999966872,893,1611.1110350011586,1611.1110350011586,4503.242056998715,5417.245104999893,123,611.744,122,4.1920166015625,1702,182.6298569994833,16000.0,0.064
697.07,running,768.0,0.0,344.6117263124245,25,66.1,1.2447199821472168,100,687.8719999999669,683.072,4.799999999966872,893,1611.1110350011586,1611.1110350011586,4503.242056998715,5417.245104999893,123,611.744,122,4.1920166015625,1702,182.6298569994833,16000.0,0.064
698.07,running,768.0,0.0,347.80017141143475,25,66.65,0.24493718147277832,100,689.8559999999658,683.072,6.783999999965772,893,1611.1110350011586,1611.1110350011586,4503.242056998715,5417.245104999893,123,611.744,122,4.1920166015625,1702,182.6298569994833,16000.0,0.064
699.08,running,768.0,0.0,370.4127786504618,25,66.1,1.2489311695098877,100,689.8559999999658,683.072,6.783999999965772,893,1611.1110350011586,1611.1110350011586,4503.242056998715,5417.245104999893,123,611.744,122,4.1920166015625,1702,182.6298569994833,16000.0,0.064
700.08,running,767.90625,0.0,282.84127032785887,25,66.1,0.2482595443725586,100,691.9039999999646,683.072,8.831999999964637,893,1611.1110350011586,1611.1110350011586,4503.242056998715,5417.245104999893,123,611.744,122,4.1920166015625,1702,182.6298569994833,16000.0,0.064
701.08,running,833.28125,0.0,100.94142470070378,25,65.0,1.2488329410552979,100,691.9039999999646,683.072,8.831999999964637,893,1611.1110350011586,1611.1110350011586,4503.242056998715,5417.245104999893,123,611.744,122,4.1920166015625,1702,182.6298569994833,16000.0,0.064
702.08,running,753.265625,0.0,208.8533592525729,25,65.55,0.24645161628723145,101,693.7599999999636,687.424,6.335999999963633,894,1619.1604159994313,1619.1604159994313,6194.893146999675,6194.893146999675,124,616.576,123,10.0479736328125,2618,182.6298569994833,16000.0,0.064
703.08,running,753.609375,0.0,346.6811576861346,25,66.1,1.2471342086791992,101,693.7599999999636,687.424,6.335999999963633,894,1619.1604159994313,1619.1604159994313,6194.893146999675,6194.893146999675,124,616.576,123,10.0479736328125,2618,182.6298569994833,16000.0,0.064
704.08,running,817.6875,0.0,351.77648087221166,25,66.65,0.24982762336730957,101,695.7439999999625,687.424,8.319999999962533,894,1619.1604159994313,1619.1604159994313,6194.893146999675,6194.893146999675,124,616.576,123,10.0479736328125,2618,182.6298569994833,16000.0,0.064
705.08,running,753.59375,0.0,342.5510450475544,25,66.65,1.2504427433013916,101,695.7439999999625,687.424,8.319999999962533,894,1619.1604159994313,1619.1604159994313,6194.893146999675,6194.893146999675,124,616.576,123,10.0479736328125,2618,182.6298569994833,16000.0,0.064
706.08,running,800.140625,0.0,100.93808256127596,25,65.55,0.24198126792907715,101,697.7919999999614,687.424,10.367999999961398,894,1619.1604159994313,1619.1604159994313,6194.893146999675,6194.893146999675,124,616.576,123,10.0479736328125,2618,182.6298569994833,16000.0,0.064
707.09,running,750.625,0.0,166.3751742067779,25,65.0,1.2456848621368408,101,697.7919999999614,687.424,10.367999999961398,894,1619.1604159994313,1619.1604159994313,6194.893146999675,6194.893146999675,124,616.576,123,10.0479736328125,2618,182.6298569994833,16000.0,0.064
708.09,running,765.4375,0.0,376.7721459142456,25,67.2,0.17368125915527344,103,699.6479999999603,693.568,6.079999999960364,895,1651.469107999219,1651.469107999219,5173.107851998793,6194.893146999675,126,623.296,125,1.343994140625,447,182.6298569994833,16000.0,0.064
709.09,running,750.625,0.0,287.622916864396,25,65.55,1.1743507385253906,103,699.6479999999603,693.568,6.079999999960364,895,1651.469107999219,1651.469107999219,5173.107851998793,6194.893146999675,126,623.296,125,1.343994140625,447,182.6298569994833,16000.0,0.064
710.09,running,826.578125,0.0,99.93975541605266,25,64.45,0.14547252655029297,103,701.6959999999592,693.568,8.12799999995923,895,1651.469107999219,1651.469107999219,5173.107851998793,6194.893146999675,126,623.296,125,1.343994140625,447,182.6298569994833,16000.0,0.064
711.09,running,761.6875,0.0,199.8801288884767,25,66.1,1.1460695266723633,103,701.6959999999592,693.568,8.12799999995923,895,1651.469107999219,1651.469107999219,5173.107851998793,6194.893146999675,126,623.296,125,1.343994140625,447,182.6298569994833,16000.0,0.064
712.09,running,761.78125,0.0,359.7819476742963,25,65.0,0.08139467239379883,104,703.6159999999581,698.496,5.119999999958168,896,1666.722571999344,1666.722571999344,3909.3534280000313,6194.893146999675,127,628.416,126,4.384033203125,530,182.6298569994833,16000.0,0.064
713.09,running,761.6875,0.0,327.79422651911676,25,66.1,1.0819919109344482,104,703.6159999999581,698.496,5.119999999958168,896,1666.722571999344,1666.722571999344,3909.3534280000313,6194.893146999675,127,628.416,126,4.384033203125,530,182.6298569994833,16000.0,0.064
714.09,running,797.34375,0.0,100.94031500099413,25,63.9,2.082573175430298,104,703.6159999999581,698.496,5.119999999958168,896,1666.722571999344,1666.722571999344,3909.3534280000313,6194.893146999675,127,628.416,126,4.384033203125,530,182.6298569994833,16000.0,0.064
715.1,running,751.59375,0.0,160.50475919507568,25,63.35,1.0766758918762207,104,705.599999999957,698.496,7.103999999957068,896,1666.722571999344,1666.722571999344,3909.3534280000313,6194.893146999675,127,628.416,126,4.384033203125,530,182.6298569994833,16000.0,0.064
716.1,running,754.65625,0.0,361.36063992233085,25,65.55,2.077545166015625,104,705.599999999957,698.496,7.103999999957068,896,1666.722571999344,1666.722571999344,3909.3534280000313,6194.893146999675,127,628.416,126,4.384033203125,530,182.6298569994833,16000.0,0.064
717.1,running,754.59375,0.0,248.79319463728837,25,64.45,0.9670560359954834,106,707.583999999956,702.336,5.247999999955937,897,1674.171896000189,1674.171896000189,4137.183951001134,6194.893146999675,128,632.416,127,7.16802978515625,1985,182.6298569994833,16000.0,0.064
718.1,running,866.359375,0.0,98.94260656017981,25,62.25,1.9676361083984375,106,707.583999999956,702.336,5.247999999955937,897,1674.171896000189,1674.171896000189,4137.183951001134,6194.893146999675,128,632.416,127,7.16802978515625,1985,182.6298569994833,16000.0,0.064
719.1,running,763.71875,0.0,246.83393728503123,25,65.55,0.9618861675262451,107,709.5039999999549,702.336,7.167999999954873,897,1674.171896000189,1674.171896000189,4137.183951001134,6194.893146999675,128,632.416,127,7.16802978515625,1985,182.6298569994833,16000.0,0.064
720.1,running,763.8125,0.0,354.53333282853055,25,65.55,1.9651098251342773,107,709.5039999999549,702.336,7.167999999954873,897,1674.171896000189,1674.171896000189,4137.183951001134,6194.893146999675,128,632.416,127,7.16802978515625,1985,182.6298569994833,16000.0,0.064
721.1,running,763.71875,0.0,255.85200087454774,25,66.65,0.8729913234710693,108,711.4879999999538,706.304,5.183999999953812,898,1688.2434660001309,1688.2434660001309,3724.5792480007367,6194.893146999675,128,636.384,127,7.16802978515625,1985,182.6298569994833,16000.0,0.064
722.11,running,865.296875,0.0,99.93826283837075,25,63.9,1.8736178874969482,108,711.4879999999538,706.304,5.183999999953812,898,1688.2434660001309,1688.2434660001309,3724.5792480007367,6194.893146999675,128,636.384,127,7.16802978515625,1985,182.6298569994833,16000.0,0.064
723.11,running,856.4375,0.0,235.34716837149676,25,65.55,0.8640532493591309,108,713.4719999999527,706.304,7.167999999952713,898,1688.2434660001309,1688.2434660001309,3724.5792480007367,6194.893146999675,128,636.384,127,7.16802978515625,1985,182.6298569994833,16000.0,0.064
724.11,running,804.59375,0.0,364.73484032450637,25,66.65,1.8652043342590332,108,713.4719999999527,706.304,7.167999999952713,898,1688.2434660001309,1688.2434660001309,3724.5792480007367,6194.893146999675,128,636.384,127,7.16802978515625,1985,182.6298569994833,16000.0,0.064
725.11,running,772.140625,0.0,158.81407350546348,25,63.9,0.736290454864502,109,715.4559999999516,709.824,5.631999999951631,899,1695.9802159999526,1695.9802159999526,4027.132156001244,6194.893146999675,128,639.904,127,7.16802978515625,1985,182.6298569994833,16000.0,0.064
726.11,running,831.078125,0.0,99.94099853220251,25,62.25,1.7372715473175049,109,715.4559999999516,709.824,5.631999999951631,899,1695.9802159999526,1695.9802159999526,4027.132156001244,6194.893146999675,128,639.904,127,7.16802978515625,1985,182.6298569994833,16000.0,0.064
727.11,running,756.0,0.0,329.6329612794199,25,63.9,0.6744732856750488,110,717.4399999999505,713.728,3.7119999999505353,900,1705.8469189996686,1705.8469189996686,3632.3447980012133,6194.893146999675,129,644.288,128,10.04803466796875,814,182.6298569994833,16000.0,0.064
728.11,running,759.4375,0.0,237.67031704559054,25,63.9,1.6750679016113281,110,717.4399999999505,713.728,3.7119999999505353,900,1705.8469189996686,1705.8469189996686,3632.3447980012133,6194.893146999675,129,644.288,128,10.04803466796875,814,182.6298569994833,16000.0,0.064
729.11,running,887.125,0.0,99.94130177503482,25,63.35,0.6631217002868652,111,719.4239999999494,713.728,5.695999999949436,900,1705.8469189996686,1705.8469189996686,3632.3447980012133,6194.893146999675,129,644.288,128,10.04803466796875,814,182.6298569994833,16000.0,0.064
730.11,running,758.625,0.0,260.84059457441003,25,65.0,1.6639082431793213,111,719.4239999999494,713.728,5.695999999949436,900,1705.8469189996686,1705.8469189996686,3632.3447980012133,6194.893146999675,129,644.288,128,10.04803466796875,814,182.6298569994833,16000.0,0.064
731.12,running,762.734375,0.0,217.8349913008792,25,63.9,0.5913553237915039,112,721.3439999999483,717.2479999999999,4.09599999994839,901,1719.2610980000609,1719.2610980000609,3301.8194530013716,6194.893146999675,130,648.0,129,4.6080322265625,767,182.6298569994833,16000.0,0.064
732.12,running,898.0625,0.0,99.94178091441195,25,63.9,1.5920028686523438,112,721.3439999999483,717.2479999999999,4.09599999994839,901,1719.2610980000609,1719.2610980000609,3301.8194530013716,6194.893146999675,130,648.0,129,4.6080322265625,767,182.6298569994833,16000.0,0.064
733.12,running,757.859375,0.0,266.7951461832512,25,63.9,0.5971310138702393,112,723.2639999999473,720.3199999999999,2.943999999947323,902,1727.6636289989256,1727.6636289989256,2964.7692140006257,6194.893146999675,130,651.072,129,4.6080322265625,767,182.6298569994833,16000.0,0.064
734.12,running,757.859375,0.0,275.49742712424387,25,65.0,1.5977084636688232,112,723.2639999999473,720.3199999999999,2.943999999947323,902,1727.6636289989256,1727.6636289989256,2964.7692140006257,6194.893146999675,130,651.072,129,4.6080322265625,767,182.6298569994833,16000.0,0.064
735.12,running,853.046875,0.0,99.94239869832316,25,62.8,0.5965321063995361,113,725.3119999999461,720.3199999999999,4.991999999946188,902,1727.6636289989256,1727.6636289989256,2964.7692140006257,6194.893146999675,130,651.072,129,4.6080322265625,767,182.6298569994833,16000.0,0.064
736.12,running,762.015625,0.0,213.86813596498416,25,63.9,1.5971832275390625,113,725.3119999999461,720.3199999999999,4.991999999946188,902,1727.6636289989256,1727.6636289989256,2964.7692140006257,6194.893146999675,130,651.072,129,4.6080322265625,767,182.6298569994833,16000.0,0.064
737.12,running,762.015625,0.0,324.80392886007485,25,64.45,0.5201051235198975,114,727.2319999999451,723.2639999999999,3.967999999945164,903,1731.8411440010095,1731.8411440010095,3211.4647310008877,6194.893146999675,131,653.984,130,5.31201171875,454,182.6298569994833,16000.0,0.064
738.12,running,808.890625,0.0,99.93772840180134,25,64.45,1.520686149597168,114,727.2319999999451,723.2639999999999,3.967999999945164,903,1731.8411440010095,1731.8411440010095,3211.4647310008877,6194.893146999675,131,653.984,130,5.31201171875,454,182.6298569994833,16000.0,0.064
739.13,running,754.96875,0.0,154.41994356398996,25,63.35,0.5037491321563721,114,729.215999999944,723.2639999999999,5.951999999944064,903,1731.8411440010095,1731.8411440010095,3211.4647310008877,6194.893146999675,131,653.984,130,5.31201171875,454,182.6298569994833,16000.0,0.064
740.13,running,797.21875,0.0,369.2983545453706,25,63.35,1.5049827098846436,114,729.215999999944,723.2639999999999,5.951999999944064,903,1731.8411440010095,1731.8411440010095,3211.4647310008877,6194.893146999675,131,653.984,130,5.31201171875,454,182.6298569994833,16000.0,0.064
741.13,running,776.578125,0.0,142.81846245271484,25,63.35,0.4106571674346924,115,731.1999999999429,726.3359999999999,4.863999999942962,904,1740.5504349990224,1740.5504349990224,3203.8016469996364,6194.893146999675,131,657.056,130,5.31201171875,454,182.6298569994833,16000.0,0.064
742.13,running,808.6875,0.0,101.9399373967401,25,62.25,1.4117121696472168,115,731.1999999999429,726.3359999999999,4.863999999942962,904,1740.5504349990224,1740.5504349990224,3203.8016469996364,6194.893146999675,131,657.056,130,5.31201171875,454,182.6298569994833,16000.0,0.064
743.13,running,801.09375,0.0,336.41026137353447,25,63.9,0.32785916328430176,116,733.1839999999418,729.3439999999999,3.839999999941824,905,1746.732642999632,1746.732642999632,3313.4596059990145,6194.893146999675,131,660.064,130,5.31201171875,454,182.6298569994833,16000.0,0.064
744.14,running,774.03125,0.0,306.59894711550373,25,65.55,1.328563928604126,116,733.1839999999418,729.3439999999999,3.839999999941824,905,1746.732642999632,1746.732642999632,3313.4596059990145,6194.893146999675,131,660.064,130,5.31201171875,454,182.6298569994833,16000.0,0.064
745.14,running,827.390625,0.0,99.94004776429374,25,63.35,0.3192751407623291,116,735.1679999999407,729.3439999999999,5.823999999940725,905,1746.732642999632,1746.732642999632,3313.4596059990145,6194.893146999675,131,660.064,130,5.31201171875,454,182.6298569994833,16000.0,0.064
746.14,running,808.59375,0.0,171.21584921703777,25,63.35,1.3249969482421875,116,735.1679999999407,729.3439999999999,5.823999999940725,905,1746.732642999632,1746.732642999632,3313.4596059990145,6194.893146999675,131,660.064,130,5.31201171875,454,182.6298569994833,16000.0,0.064
747.14,running,808.6875,0.0,361.3671600972984,25,65.55,0.24243831634521484,117,737.1519999999396,732.608,4.543999999939615,906,1757.2219410012622,1757.2219410012622,3636.873368999659,6194.893146999675,132,663.36,131,9.88800048828125,1002,182.6298569994833,16000.0,0.064
748.14,running,808.59375,0.0,195.8384381842839,25,63.9,1.2430362701416016,117,737.1519999999396,732.608,4.543999999939615,906,1757.2219410012622,1757.2219410012622,3636.873368999659,6194.893146999675,132,663.36,131,9.88800048828125,1002,182.6298569994833,16000.0,0.064
749.14,running,923.4375,0.0,99.9399441886646,25,63.9,0.23564457893371582,117,739.1359999999385,732.608,6.527999999938515,906,1757.2219410012622,1757.2219410012622,3636.873368999659,6194.893146999675,132,663.36,131,9.88800048828125,1002,182.6298569994833,16000.0,0.064
750.14,running,813.015625,0.0,290.82303098663374,25,65.55,1.2365069389343262,117,739.1359999999385,732.608,6.527999999938515,906,1757.2219410012622,1757.2219410012622,3636.873368999659,6194.893146999675,132,663.36,131,9.88800048828125,1002,182.6298569994833,16000.0,0.064
751.15,running,838.671875,0.0,346.88809426888196,25,65.0,0.12008786201477051,118,741.1199999999374,736.1279999999999,4.991999999937434,907,1759.549837999657,1759.549837999657,3602.270112000042,6194.893146999675,132,666.88,131,9.88800048828125,1002,195.19871800002875,16000.0,0.064
752.15,running,811.328125,0.0,297.55797316742047,25,65.55,1.1208832263946533,118,741.1199999999374,736.1279999999999,4.991999999937434,907,1759.549837999657,1759.549837999657,3602.270112000042,6194.893146999675,132,666.88,131,9.88800048828125,1002,195.19871800002875,16000.0,0.064
753.15,running,838.453125,0.0,99.94033821639545,25,63.35,0.11496520042419434,118,743.1039999999363,736.1279999999999,6.9759999999363345,907,1759.549837999657,1759.549837999657,3602.270112000042,6194.893146999675,132,666.88,131,9.88800048828125,1002,195.19871800002875,16000.0,0.064
754.15,running,809.984375,0.0,156.53979882056257,25,62.8,1.1185710430145264,118,743.1039999999363,736.1279999999999,6.9759999999363345,907,1759.549837999657,1759.549837999657,3602.270112000042,6194.893146999675,132,666.88,131,9.88800048828125,1002,195.19871800002875,16000.0,0.064
755.15,running,874.078125,0.0,378.5167760207433,25,64.45,0.026114702224731445,119,745.1519999999351,739.52,5.631999999935147,908,1771.916642999713,1771.916642999713,4435.307970001304,6194.893146999675,132,670.272,131,9.88800048828125,1002,195.19871800002875,16000.0,0.064
756.15,running,809.984375,0.0,236.75949331426338,25,62.8,1.0267744064331055,119,745.1519999999351,739.52,5.631999999935147,908,1771.916642999713,1771.916642999713,4435.307970001304,6194.893146999675,132,670.272,131,9.88800048828125,1002,195.19871800002875,16000.0,0.064
757.16,running,885.171875,0.0,98.9412955568789,25,62.8,2.0273468494415283,119,745.1519999999351,739.52,5.631999999935147,908,1771.916642999713,1771.916642999713,4435.307970001304,6194.893146999675,132,670.272,131,9.88800048828125,1002,195.19871800002875,16000.0,0.064
758.16,running,811.390625,0.0,231.84596571366097,25,63.9,1.0222156047821045,119,747.135999999934,739.52,7.615999999934047,908,1771.916642999713,1771.916642999713,4435.307970001304,6194.893146999675,132,670.272,131,9.88800048828125,1002,195.19871800002875,16000.0,0.064
759.16,running,811.40625,0.0,356.41568345825283,25,65.55,2.0264084339141846,119,747.135999999934,739.52,7.615999999934047,908,1771.916642999713,1771.916642999713,4435.307970001304,6194.893146999675,132,670.272,131,9.88800048828125,1002,195.19871800002875,16000.0,0.064
760.16,running,811.484375,0.0,342.74317773847736,25,66.1,0.9377985000610352,120,749.1199999999329,743.936,5.183999999932894,909,1783.7272599990683,1783.7272599990683,3771.943032001218,6194.893146999675,133,675.168,132,10.0479736328125,623,195.19871800002875,16000.0,0.064
761.16,running,811.390625,0.0,111.93381040375604,25,63.9,1.9383680820465088,120,749.1199999999329,743.936,5.183999999932894,909,1783.7272599990683,1783.7272599990683,3771.943032001218,6194.893146999675,133,675.168,132,10.0479736328125,623,195.19871800002875,16000.0,0.064
762.16,running,812.125,0.0,99.94113097609598,25,62.8,0.9268834590911865,120,751.1679999999318,743.936,7.231999999931759,909,1783.7272599990683,1783.7272599990683,3771.943032001218,6194.893146999675,133,675.168,132,10.0479736328125,623,195.19871800002875,16000.0,0.064
763.16,running,876.21875,0.0,354.74067853326767,25,63.35,1.9278671741485596,120,751.1679999999318,743.936,7.231999999931759,909,1783.7272599990683,1783.7272599990683,3771.943032001218,6194.893146999675,133,675.168,132,10.0479736328125,623,195.19871800002875,16000.0,0.064
764.16,running,876.21875,0.0,343.6420335920315,25,65.0,0.8333652019500732,121,753.0879999999307,747.5840000000001,5.50399999993067,910,1792.8214880012092,1792.8214880012092,4493.400383000335,6194.893146999675,133,678.72,133,7.3599853515625,2484,195.19871800002875,16000.0,0.064
765.17,running,812.125,0.0,102.87587285231461,25,62.8,1.833991527557373,121,753.0879999999307,747.5840000000001,5.50399999993067,910,1792.8214880012092,1792.8214880012092,4493.400383000335,6194.893146999675,133,678.72,133,7.3599853515625,2484,195.19871800002875,16000.0,0.064
766.17,running,813.359375,0.0,100.94238874664207,25,62.8,0.805647611618042,121,755.0719999999296,747.5840000000001,7.4879999999295705,910,1792.8214880012092,1792.8214880012092,4493.400383000335,6194.893146999675,133,678.72,133,7.3599853515625,2484,195.19871800002875,16000.0,0.064
767.17,running,813.453125,0.0,363.7419749017144,25,63.9,1.8062608242034912,121,755.0719999999296,747.5840000000001,7.4879999999295705,910,1792.8214880012092,1792.8214880012092,4493.400383000335,6194.893146999675,133,678.72,133,7.3599853515625,2484,195.19871800002875,16000.0,0.064
768.17,running,813.4375,0.0,272.36730535479563,25,63.9,0.7206583023071289,122,757.0559999999285,751.936,5.1199999999284955,911,1804.815948000396,1804.815948000396,3979.1380440001376,6194.893146999675,135,683.264,134,3.968017578125,1768,195.19871800002875,16000.0,0.064
769.17,running,856.125,0.0,99.94012587060915,25,62.8,1.7212567329406738,122,757.0559999999285,751.936,5.1199999999284955,911,1804.815948000396,1804.815948000396,3979.1380440001376,6194.893146999675,135,683.264,134,3.968017578125,1768,195.19871800002875,16000.0,0.064
770.18,running,812.234375,0.0,175.44308522493708,25,63.9,0.7128133773803711,122,759.1039999999274,751.936,7.1679999999273605,911,1804.815948000396,1804.815948000396,3979.1380440001376,6194.893146999675,135,683.264,134,3.968017578125,1768,195.19871800002875,16000.0,0.064
771.18,running,812.328125,0.0,369.72908951359574,25,65.0,1.7134218215942383,122,759.1039999999274,751.936,7.1679999999273605,911,1804.815948000396,1804.815948000396,3979.1380440001376,6194.893146999675,135,683.264,134,3.968017578125,1768,195.19871800002875,16000.0,0.064
772.18,running,812.234375,0.0,189.89131134027767,25,62.8,0.6390178203582764,123,761.0239999999263,755.7760000000001,5.2479999999262645,912,1817.3869570000534,1817.3869570000534,3730.3092239999387,6194.893146999675,135,687.104,134,3.968017578125,1768,195.19871800002875,16000.0,0.064
773.18,running,933.53125,0.0,100.93873745406583,25,63.35,1.6396284103393555,123,761.0239999999263,755.7760000000001,5.2479999999262645,912,1817.3869570000534,1817.3869570000534,3730.3092239999387,6194.893146999675,135,687.104,134,3.968017578125,1768,195.19871800002875,16000.0,0.064
774.18,running,813.078125,0.0,270.8261247531014,25,65.0,0.6398272514343262,123,762.8799999999253,759.36,3.5199999999252896,913,1824.6065729999827,1824.6065729999827,3661.0997779989702,6194.893146999675,135,690.688,134,3.968017578125,1768,196.80392900045263,16000.0,0.064
775.18,running,877.109375,0.0,359.6840244186273,25,66.1,1.6406610012054443,123,762.8799999999253,759.36,3.5199999999252896,913,1824.6065729999827,1824.6065729999827,3661.0997779989702,6194.893146999675,135,690.688,134,3.968017578125,1768,196.80392900045263,16000.0,0.064
776.18,running,813.4375,0.0,197.84148900318507,25,63.9,0.6366615295410156,124,764.8639999999242,759.36,5.50399999992419,913,1824.6065729999827,1824.6065729999827,3661.0997779989702,6194.893146999675,135,690.688,134,3.968017578125,1768,196.80392900045263,16000.0,0.064
777.18,running,923.015625,0.0,99.94262783449776,25,63.35,1.6372268199920654,124,764.8639999999242,759.36,5.50399999992419,913,1824.6065729999827,1824.6065729999827,3661.0997779989702,6194.893146999675,135,690.688,134,3.968017578125,1768,196.80392900045263,16000.0,0.064
778.18,running,814.984375,0.0,259.1715565646985,25,65.0,0.6122307777404785,124,766.8479999999231,759.36,7.48799999992309,913,1835.264258999814,1835.264258999814,3661.0997779989702,6194.893146999675,136,694.688,135,10.04803466796875,1250,196.80392900045263,16000.0,0.064
779.19,running,815.0,0.0,346.7299767492402,25,63.9,1.6129062175750732,124,766.8479999999231,759.36,7.48799999992309,913,1835.264258999814,1835.264258999814,3661.0997779989702,6194.893146999675,136,694.688,135,10.04803466796875,1250,196.80392900045263,16000.0,0.064
780.19,running,814.984375,0.0,172.89534869286396,25,64.45,0.5899443626403809,125,768.831999999922,762.88,5.951999999922009,914,1835.264258999814,1835.264258999814,4059.86554500123,6194.893146999675,136,694.688,135,10.04803466796875,1250,196.80392900045263,16000.0,0.064
781.19,running,949.671875,0.0,99.9429447716693,25,62.8,1.5905165672302246,125,768.831999999922,762.88,5.951999999922009,914,1835.264258999814,1835.264258999814,4059.86554500123,6194.893146999675,136,694.688,135,10.04803466796875,1250,196.80392900045263,16000.0,0.064
782.2,running,811.9375,0.0,289.93719274989314,25,65.0,0.49277162551879883,126,770.8159999999209,766.848,3.9679999999209485,915,1846.183371000734,1846.183371000734,3904.945394000606,6194.893146999675,136,698.656,135,10.04803466796875,1250,196.80392900045263,16000.0,0.064
783.2,running,811.9375,0.0,349.7958402585219,25,65.55,1.4933297634124756,126,770.8159999999209,766.848,3.9679999999209485,915,1846.183371000734,1846.183371000734,3904.945394000606,6194.893146999675,136,698.656,135,10.04803466796875,1250,196.80392900045263,16000.0,0.064
784.2,running,812.4375,0.0,100.9445942378795,25,64.45,0.45328426361083984,126,772.8639999999198,766.848,6.0159999999198135,915,1846.183371000734,1846.183371000734,3904.945394000606,6194.893146999675,136,698.656,135,10.04803466796875,1250,196.80392900045263,16000.0,0.064
785.2,running,814.796875,0.0,99.94112887836287,25,63.9,1.4541122913360596,126,772.8639999999198,766.848,6.0159999999198135,915,1846.183371000734,1846.183371000734,3904.945394000606,6194.893146999675,136,698.656,135,10.04803466796875,1250,196.80392900045263,16000.0,0.064
786.2,running,814.796875,0.0,360.6812908306736,25,65.55,0.42089414596557617,127,774.7199999999187,770.6239999999999,4.095999999918831,916,1855.825275000825,1855.825275000825,3723.619885999142,6194.893146999675,136,702.432,135,10.04803466796875,1250,196.80392900045263,16000.0,0.064
787.2,running,814.796875,0.0,316.6617052337588,25,65.0,1.4215455055236816,127,774.7199999999187,770.6239999999999,4.095999999918831,916,1855.825275000825,1855.825275000825,3723.619885999142,6194.893146999675,136,702.432,135,10.04803466796875,1250,196.80392900045263,16000.0,0.064
788.2,running,828.9375,0.0,99.93585796832474,25,63.35,0.39435338973999023,127,776.7679999999176,770.6239999999999,6.143999999917696,916,1855.825275000825,1855.825275000825,3723.619885999142,6194.893146999675,136,702.432,135,10.04803466796875,1250,196.80392900045263,16000.0,0.064
789.21,running,817.765625,0.0,113.57763725042182,25,63.35,1.3980286121368408,127,776.7679999999176,770.6239999999999,6.143999999917696,916,1855.825275000825,1855.825275000825,3723.619885999142,6194.893146999675,136,702.432,135,10.04803466796875,1250,196.80392900045263,16000.0,0.064
790.21,running,817.859375,0.0,377.7863920177337,25,63.35,0.28223657608032227,128,778.8159999999165,774.1439999999999,4.671999999916579,917,1868.136319999394,1868.136319999394,3882.255618000272,6194.893146999675,137,706.432,136,10.04803466796875,628,196.80392900045263,16000.0,0.064
791.21,running,856.21875,0.0,342.75593446716687,25,65.55,1.2835092544555664,128,778.8159999999165,774.1439999999999,4.671999999916579,917,1868.136319999394,1868.136319999394,3882.255618000272,6194.893146999675,137,706.432,136,10.04803466796875,628,196.80392900045263,16000.0,0.064
792.21,running,818.4375,0.0,129.83211564922658,25,64.45,0.2566361427307129,128,780.7999999999154,774.1439999999999,6.65599999991548,917,1868.136319999394,1868.136319999394,3882.255618000272,6194.893146999675,137,706.432,136,10.04803466796875,628,196.80392900045263,16000.0,0.064
793.21,running,986.328125,0.0,98.94358118271431,25,62.8,1.2575790882110596,128,780.7999999999154,774.1439999999999,6.65599999991548,917,1868.136319999394,1868.136319999394,3882.255618000272,6194.893146999675,137,706.432,136,10.04803466796875,628,196.80392900045263,16000.0,0.064
794.22,running,816.625,0.0,319.4334246960919,25,65.0,0.14243602752685547,129,782.8479999999142,777.9199999999998,4.927999999914391,918,1877.351553999688,1877.351553999688,4273.396026001137,6194.893146999675,137,710.208,136,10.04803466796875,628,196.80392900045263,16000.0,0.064
795.22,running,821.515625,0.0,345.7464502984918,25,66.1,1.1436622142791748,129,782.8479999999142,777.9199999999998,4.927999999914391,918,1877.351553999688,1877.351553999688,4273.396026001137,6194.893146999675,137,710.208,136,10.04803466796875,628,196.80392900045263,16000.0,0.064
796.22,running,816.609375,0.0,346.5407922121838,25,65.55,0.14446806907653809,129,784.8319999999131,777.9199999999998,6.9119999999132915,918,1877.351553999688,1877.351553999688,4273.396026001137,6194.893146999675,137,710.208,136,10.04803466796875,628,196.80392900045263,16000.0,0.064
797.22,running,816.609375,0.0,235.65160065528596,25,64.45,1.1451876163482666,129,784.8319999999131,777.9199999999998,6.9119999999132915,918,1877.351553999688,1877.351553999688,4273.396026001137,6194.893146999675,137,710.208,136,10.04803466796875,628,196.80392900045263,16000.0,0.064
798.22,running,903.40625,0.0,99.9367324530988,25,65.0,0.13797760009765625,129,786.815999999912,777.9199999999998,8.895999999912192,918,1877.351553999688,1877.351553999688,4273.396026001137,6194.893146999675,137,710.208,136,10.04803466796875,628,196.80392900045263,16000.0,0.064
799.22,running,818.890625,0.0,204.22335451230435,25,64.45,1.1427719593048096,129,786.815999999912,777.9199999999998,8.895999999912192,918,1877.351553999688,1877.351553999688,4273.396026001137,6194.893146999675,137,710.208,136,10.04803466796875,628,196.80392900045263,16000.0,0.064
800.23,running,818.984375,0.0,369.40389035641783,25,66.1,0.022304296493530273,130,788.8639999999109,782.0799999999998,6.783999999911089,919,1890.3598380002222,1890.3598380002222,5407.617360000586,6194.893146999675,138,714.848,137,10.04803466796875,2735,196.80392900045263,16000.0,0.064
801.23,running,882.984375,0.0,339.69819717447194,25,66.65,1.0230567455291748,130,788.8639999999109,782.0799999999998,6.783999999911089,919,1890.3598380002222,1890.3598380002222,5407.617360000586,6194.893146999675,138,714.848,137,10.04803466796875,2735,196.80392900045263,16000.0,0.064
802.23,running,819.4375,0.0,116.9157561181492,25,63.9,2.023622989654541,130,788.8639999999109,782.0799999999998,6.783999999911089,919,1890.3598380002222,1890.3598380002222,5407.617360000586,6194.893146999675,138,714.848,137,10.04803466796875,2735,196.80392900045263,16000.0,0.064
803.23,running,923.71875,0.0,99.9425669045173,25,62.8,1.0182340145111084,130,790.8479999999098,782.0799999999998,8.76799999990999,919,1890.3598380002222,1890.3598380002222,5407.617360000586,6194.893146999675,138,714.848,137,10.04803466796875,2735,196.80392900045263,16000.0,0.064
804.23,running,816.578125,0.0,324.63893018417536,25,66.1,2.0220134258270264,130,790.8479999999098,782.0799999999998,8.76799999990999,919,1890.3598380002222,1890.3598380002222,5407.617360000586,6194.893146999675,138,714.848,137,10.04803466796875,2735,196.80392900045263,16000.0,0.064
805.23,running,835.53125,0.0,347.78536773814506,25,65.0,0.8824505805969238,131,792.8959999999087,787.4559999999998,5.439999999908878,920,1904.2572769994877,1904.2572769994877,4578.962023000713,6194.893146999675,138,720.224,137,10.04803466796875,2735,196.80392900045263,16000.0,0.064
806.23,running,880.609375,0.0,342.5456980826111,25,65.55,1.8836569786071777,131,792.8959999999087,787.4559999999998,5.439999999908878,920,1904.2572769994877,1904.2572769994877,4578.962023000713,6194.893146999675,138,720.224,137,10.04803466796875,2735,196.80392900045263,16000.0,0.064
807.24,running,816.515625,0.0,330.61255547658993,25,65.55,0.8837482929229736,131,794.8799999999076,787.4559999999998,7.423999999907778,920,1904.2572769994877,1904.2572769994877,4578.962023000713,6194.893146999675,138,720.224,137,10.04803466796875,2735,196.80392900045263,16000.0,0.064
808.24,running,825.15625,0.0,99.9411303767177,25,64.45,1.8843512535095215,131,794.8799999999076,787.4559999999998,7.423999999907778,920,1904.2572769994877,1904.2572769994877,4578.962023000713,6194.893146999675,138,720.224,137,10.04803466796875,2735,196.80392900045263,16000.0,0.064
809.24,running,816.921875,0.0,100.93741456366334,25,63.9,0.883415699005127,131,796.9279999999064,787.4559999999998,9.471999999906643,920,1904.2572769994877,1904.2572769994877,4578.962023000713,6194.893146999675,138,720.224,137,10.04803466796875,2735,196.80392900045263,16000.0,0.064
810.24,running,881.8125,0.0,372.6405870158921,25,66.1,1.8869941234588623,131,796.9279999999064,787.4559999999998,9.471999999906643,920,1904.2572769994877,1904.2572769994877,4578.962023000713,6194.893146999675,138,720.224,137,10.04803466796875,2735,196.80392900045263,16000.0,0.064
811.24,running,857.421875,0.0,345.7661908270975,25,66.1,0.8431148529052734,132,798.7839999999054,791.8719999999998,6.911999999905561,921,1917.594859000019,1917.594859000019,5843.637719999606,6194.893146999675,139,725.12,138,10.04803466796875,2973,196.80392900045263,16000.0,0.064
812.24,running,816.921875,0.0,271.659057017388,25,65.55,1.8438658714294434,132,798.7839999999054,791.8719999999998,6.911999999905561,921,1917.594859000019,1917.594859000019,5843.637719999606,6194.893146999675,139,725.12,138,10.04803466796875,2973,196.80392900045263,16000.0,0.064
813.24,running,860.15625,0.0,99.9386969036629,25,64.45,0.8351304531097412,132,800.7679999999043,791.8719999999998,8.895999999904461,921,1917.594859000019,1917.594859000019,5843.637719999606,6194.893146999675,139,725.12,138,10.04803466796875,2973,196.80392900045263,16000.0,0.064
814.24,running,817.75,0.0,131.9132941832136,25,63.35,1.8358869552612305,132,800.7679999999043,791.8719999999998,8.895999999904461,921,1917.594859000019,1917.594859000019,5843.637719999606,6194.893146999675,139,725.12,138,10.04803466796875,2973,196.80392900045263,16000.0,0.064
815.24,running,817.75,0.0,370.71643047614225,25,66.1,0.8020858764648438,133,802.7519999999032,797.6319999999998,5.119999999903371,922,1934.33251299939,1934.33251299939,4846.059891999175,6194.893146999675,139,730.88,138,10.04803466796875,2973,196.80392900045263,16000.0,0.064
816.25,running,866.875,0.0,359.1686366662898,25,66.65,1.8034605979919434,133,802.7519999999032,797.6319999999998,5.119999999903371,922,1934.33251299939,1934.33251299939,4846.059891999175,6194.893146999675,139,730.88,138,10.04803466796875,2973,196.80392900045263,16000.0,0.064
817.25,running,818.4375,0.0,126.83497640741055,25,65.0,0.7949917316436768,133,804.7359999999021,797.6319999999998,7.103999999902271,922,1934.33251299939,1934.33251299939,4846.059891999175,6194.893146999675,139,730.88,138,10.04803466796875,2973,196.80392900045263,16000.0,0.064
818.25,running,998.203125,0.0,99.93806328541586,25,65.0,1.7955682277679443,133,804.7359999999021,797.6319999999998,7.103999999902271,922,1934.33251299939,1934.33251299939,4846.059891999175,6194.893146999675,139,730.88,138,10.04803466796875,2973,196.80392900045263,16000.0,0.064
819.25,running,843.421875,0.0,307.82864765935363,25,66.1,0.7015237808227539,134,806.719999999901,802.3679999999998,4.351999999901182,923,1945.0597159993777,1945.0597159993777,4417.991743001039,6194.893146999675,140,736.0,140,3.072021484375,1142,196.80392900045263,16000.0,0.064
820.25,running,817.25,0.0,288.6096787868676,25,65.55,1.7022428512573242,134,806.719999999901,802.3679999999998,4.351999999901182,923,1945.0597159993777,1945.0597159993777,4417.991743001039,6194.893146999675,140,736.0,140,3.072021484375,1142,196.80392900045263,16000.0,0.064
821.25,running,842.359375,0.0,99.94019998187132,25,64.45,0.676027774810791,134,808.7679999998999,802.3679999999998,6.3999999999000465,923,1945.0597159993777,1945.0597159993777,4417.991743001039,6194.893146999675,140,736.0,140,3.072021484375,1142,196.80392900045263,16000.0,0.064
822.26,running,815.515625,0.0,108.77439461759988,25,63.9,1.67838454246521,134,808.7679999998999,802.3679999999998,6.3999999999000465,923,1945.0597159993777,1945.0597159993777,4417.991743001039,6194.893146999675,140,736.0,140,3.072021484375,1142,196.80392900045263,16000.0,0.064
823.26,running,879.609375,0.0,375.50356946064295,25,66.1,0.6487753391265869,135,810.6879999998988,806.5919999999999,4.095999999898936,924,1958.6332850012695,1958.6332850012695,3703.9974730014364,6194.893146999675,141,740.608,140,3.072021484375,1142,196.80392900045263,16000.0,0.064
824.26,running,815.515625,0.0,213.79052398251727,25,65.0,1.6494131088256836,135,810.6879999998988,806.5919999999999,4.095999999898936,924,1958.6332850012695,1958.6332850012695,3703.9974730014364,6194.893146999675,141,740.608,140,3.072021484375,1142,196.80392900045263,16000.0,0.064
825.26,running,914.5,0.0,99.94052599249956,25,63.9,0.6242160797119141,135,812.6719999998977,806.5919999999999,6.0799999998978365,924,1958.6332850012695,1958.6332850012695,3703.9974730014364,6194.893146999675,141,740.608,140,3.072021484375,1142,196.80392900045263,16000.0,0.064
826.26,running,817.234375,0.0,199.86337499587881,25,65.55,1.626540184020996,135,812.6719999998977,806.5919999999999,6.0799999998978365,924,1958.6332850012695,1958.6332850012695,3703.9974730014364,6194.893146999675,141,740.608,140,3.072021484375,1142,196.80392900045263,16000.0,0.064
827.27,running,817.328125,0.0,350.984729219479,25,66.1,0.5978782176971436,136,814.5919999998966,810.2399999999999,4.351999999896748,925,1968.7489309999364,1968.7489309999364,3699.548823000441,6194.893146999675,142,744.128,142,3.26397705078125,1117,196.80392900045263,16000.0,0.064
828.27,running,817.234375,0.0,109.91680748561208,25,64.45,1.598451852798462,136,814.5919999998966,810.2399999999999,4.351999999896748,925,1968.7489309999364,1968.7489309999364,3699.548823000441,6194.893146999675,142,744.128,142,3.26397705078125,1117,196.80392900045263,16000.0,0.064
829.27,running,1015.15625,0.0,98.9432344854042,25,63.9,0.5913667678833008,136,816.5759999998955,810.2399999999999,6.335999999895648,925,1968.7489309999364,1968.7489309999364,3699.548823000441,6194.893146999675,142,744.128,142,3.26397705078125,1117,196.80392900045263,16000.0,0.064
830.27,running,883.71875,0.0,321.14931016172096,25,66.65,1.594071865081787,136,816.5759999998955,810.2399999999999,6.335999999895648,925,1968.7489309999364,1968.7489309999364,3699.548823000441,6194.893146999675,142,744.128,142,3.26397705078125,1117,196.80392900045263,16000.0,0.064
831.27,running,818.21875,0.0,319.79351604245016,25,66.1,0.4774317741394043,137,818.6239999998944,813.8239999999998,4.799999999894567,926,1979.4448579996242,1979.4448579996242,3583.4542699994927,6194.893146999675,143,748.16,142,3.26397705078125,1117,196.80392900045263,16000.0,0.064
832.27,running,822.921875,0.0,99.93976120891463,25,64.45,1.47800612449646,137,818.6239999998944,813.8239999999998,4.799999999894567,926,1979.4448579996242,1979.4448579996242,3583.4542699994927,6194.893146999675,143,748.16,142,3.26397705078125,1117,196.80392900045263,16000.0,0.064
833.27,running,821.90625,0.0,99.942732015087,25,64.45,0.470747709274292,137,820.6079999998933,813.8239999999998,6.783999999893467,926,1979.4448579996242,1979.4448579996242,3583.4542699994927,6194.893146999675,143,748.16,142,3.26397705078125,1117,196.80392900045263,16000.0,0.064
834.28,running,816.90625,0.0,326.6534416043731,25,67.2,1.4713878631591797,137,820.6079999998933,813.8239999999998,6.783999999893467,926,1979.4448579996242,1979.4448579996242,3583.4542699994927,6194.893146999675,143,748.16,142,3.26397705078125,1117,196.80392900045263,16000.0,0.064
835.28,running,819.984375,0.0,99.94101021832346,25,64.45,0.38271355628967285,138,822.5279999998922,817.2799999999999,5.247999999892386,927,1988.4961110001314,1988.4961110001314,3872.6780760007387,6194.893146999675,143,751.616,142,3.26397705078125,1117,208.88007800022024,16000.0,0.064
836.28,running,821.109375,0.0,100.93499917274526,25,65.0,1.3837523460388184,138,822.5279999998922,817.2799999999999,5.247999999892386,927,1988.4961110001314,1988.4961110001314,3872.6780760007387,6194.893146999675,143,751.616,142,3.26397705078125,1117,208.88007800022024,16000.0,0.064
837.28,running,818.109375,0.0,99.89515953067935,25,63.9,0.2879011631011963,140,824.3839999998912,820.9919999999998,3.391999999891368,928,1995.5815779994737,1995.5815779994737,3024.7646379993967,6194.893146999675,143,754.08,143,9.9520263671875,793,208.88007800022024,16000.0,0.064
838.28,running,998.375,0.0,99.94021146795585,25,62.25,1.2885596752166748,140,824.3839999998912,820.9919999999998,3.391999999891368,928,1995.5815779994737,1995.5815779994737,3024.7646379993967,6194.893146999675,143,754.08,143,9.9520263671875,793,208.88007800022024,16000.0,0.064
839.28,running,822.609375,0.0,281.809256559234,25,66.1,0.17021560668945312,142,826.3039999998902,823.8719999999998,2.4319999998903086,929,1995.6394439996075,1995.6394439996075,2205.6417839994538,6194.893146999675,143,754.08,143,9.9520263671875,793,208.88007800022024,16000.0,0.064
840.28,running,814.09375,0.0,125.84379965569246,25,62.8,1.1709284782409668,142,826.3039999998902,823.8719999999998,2.4319999998903086,929,1995.6394439996075,1995.6394439996075,2205.6417839994538,6194.893146999675,143,754.08,143,9.9520263671875,793,208.88007800022024,16000.0,0.064
841.28,running,998.578125,0.0,99.93691592116771,25,62.25,0.14168405532836914,142,828.287999999889,823.8719999999998,4.415999999889209,929,1995.6394439996075,1995.6394439996075,2205.6417839994538,6194.893146999675,143,754.08,143,9.9520263671875,793,208.88007800022024,16000.0,0.064
842.28,running,842.28125,0.0,288.58963073955465,25,64.45,1.1437435150146484,142,828.287999999889,823.8719999999998,4.415999999889209,929,1995.6394439996075,1995.6394439996075,2205.6417839994538,6194.893146999675,143,754.08,143,9.9520263671875,793,208.88007800022024,16000.0,0.064
843.28,running,815.4375,0.0,236.6929611807078,25,63.9,2.1443874835968018,142,828.287999999889,823.8719999999998,4.415999999889209,929,1995.6394439996075,1995.6394439996075,2205.6417839994538,6194.893146999675,143,754.08,143,9.9520263671875,793,208.88007800022024,16000.0,0.064
844.28,running,891.4375,0.0,99.9450401224576,25,63.35,1.0095300674438477,143,830.3359999998879,825.7279999999998,4.607999999888079,930,1999.48943399977,1999.48943399977,3002.338778000194,6194.893146999675,145,755.936,144,1.31201171875,584,208.88007800022024,16000.0,0.064
845.29,running,814.453125,0.0,156.30287884430803,25,65.55,2.014082431793213,143,830.3359999998879,825.7279999999998,4.607999999888079,930,1999.48943399977,1999.48943399977,3002.338778000194,6194.893146999675,145,755.936,144,1.31201171875,584,208.88007800022024,16000.0,0.064
846.29,running,878.546875,0.0,367.7264688729126,25,64.45,0.9307811260223389,144,832.3199999998868,828.6719999999998,3.64799999988702,931,2008.2094270001107,2008.2094270001107,3480.8661469996878,6194.893146999675,145,758.88,144,1.31201171875,584,208.88007800022024,16000.0,0.064
847.29,running,814.453125,0.0,236.77015087725957,25,64.45,1.9313991069793701,144,832.3199999998868,828.6719999999998,3.64799999988702,931,2008.2094270001107,2008.2094270001107,3480.8661469996878,6194.893146999675,145,758.88,144,1.31201171875,584,208.88007800022024,16000.0,0.064
848.29,running,896.53125,0.0,100.94178202912458,25,63.9,0.9058146476745605,144,834.3039999998857,828.6719999999998,5.63199999988592,931,2008.2094270001107,2008.2094270001107,3480.8661469996878,6194.893146999675,145,758.88,144,1.31201171875,584,208.88007800022024,16000.0,0.064
849.29,running,818.09375,0.0,153.89532440160437,25,64.45,1.9076309204101562,144,834.3039999998857,828.6719999999998,5.63199999988592,931,2008.2094270001107,2008.2094270001107,3480.8661469996878,6194.893146999675,145,758.88,144,1.31201171875,584,208.88007800022024,16000.0,0.064
850.3,running,818.1875,0.0,370.1430246474666,25,65.55,0.8566458225250244,145,836.2239999998847,831.9999999999998,4.223999999884882,932,2015.7308939997165,2015.7308939997165,3996.841583000787,6194.893146999675,145,762.208,144,1.31201171875,584,209.20383399970888,16000.0,0.064
851.3,running,818.09375,0.0,288.74410717649357,25,65.55,1.8573052883148193,145,836.2239999998847,831.9999999999998,4.223999999884882,932,2015.7308939997165,2015.7308939997165,3996.841583000787,6194.893146999675,145,762.208,144,1.31201171875,584,209.20383399970888,16000.0,0.064
852.3,running,854.984375,0.0,99.93624597172787,25,65.55,0.8203470706939697,145,838.2719999998835,831.9999999999998,6.271999999883747,932,2015.7308939997165,2015.7308939997165,3996.841583000787,6194.893146999675,145,762.208,144,1.31201171875,584,209.20383399970888,16000.0,0.064
853.3,running,820.21875,0.0,99.93962157741903,25,65.55,1.8211324214935303,145,838.2719999998835,831.9999999999998,6.271999999883747,932,2015.7308939997165,2015.7308939997165,3996.841583000787,6194.893146999675,145,762.208,144,1.31201171875,584,209.20383399970888,16000.0,0.064
854.3,running,820.3125,0.0,372.6603059700726,25,65.55,0.751427412033081,146,840.1919999998825,835.8399999999998,4.351999999882651,933,2028.4968659998412,2028.4968659998412,4201.696524998624,6194.893146999675,146,766.528,145,10.04803466796875,1604,209.20383399970888,16000.0,0.064
855.3,running,820.4375,0.0,252.85060776972176,25,65.0,1.7520205974578857,146,840.1919999998825,835.8399999999998,4.351999999882651,933,2028.4968659998412,2028.4968659998412,4201.696524998624,6194.893146999675,146,766.528,145,10.04803466796875,1604,209.20383399970888,16000.0,0.064
856.3,running,881.546875,0.0,99.9405374790224,25,64.45,0.7462663650512695,146,842.2399999998813,835.8399999999998,6.399999999881516,933,2028.4968659998412,2028.4968659998412,4201.696524998624,6194.893146999675,146,766.528,145,10.04803466796875,1604,209.20383399970888,16000.0,0.064
857.3,running,818.234375,0.0,127.5154048645197,25,65.0,1.7514729499816895,146,842.2399999998813,835.8399999999998,6.399999999881516,933,2028.4968659998412,2028.4968659998412,4201.696524998624,6194.893146999675,146,766.528,145,10.04803466796875,1604,209.20383399970888,16000.0,0.064
858.31,running,826.359375,0.0,377.2114108777472,25,66.1,0.6328792572021484,147,844.2239999998802,839.9359999999998,4.287999999880412,934,2040.2072219985712,2040.2072219985712,3902.2480299991003,6194.893146999675,146,770.624,145,10.04803466796875,1604,209.20383399970888,16000.0,0.064
859.31,running,847.546875,0.0,344.5442712923847,25,65.55,1.6342065334320068,147,844.2239999998802,839.9359999999998,4.287999999880412,934,2040.2072219985712,2040.2072219985712,3902.2480299991003,6194.893146999675,146,770.624,145,10.04803466796875,1604,209.20383399970888,16000.0,0.064
860.31,running,818.4375,0.0,194.75113064598395,25,64.45,0.6337745189666748,147,846.2079999998791,839.9359999999998,6.271999999879313,934,2040.2072219985712,2040.2072219985712,3902.2480299991003,6194.893146999675,146,770.624,145,10.04803466796875,1604,209.20383399970888,16000.0,0.064
861.31,running,937.921875,0.0,99.9383537261645,25,64.45,1.6344153881072998,147,846.2079999998791,839.9359999999998,6.271999999879313,934,2040.2072219985712,2040.2072219985712,3902.2480299991003,6194.893146999675,146,770.624,145,10.04803466796875,1604,209.20383399970888,16000.0,0.064
862.31,running,826.828125,0.0,190.59876215944283,25,66.1,0.6166636943817139,147,848.255999999878,839.9359999999998,8.319999999878178,934,2040.2072219985712,2040.2072219985712,3902.2480299991003,6194.893146999675,146,770.624,145,10.04803466796875,1604,209.20383399970888,16000.0,0.064
863.31,running,881.171875,0.0,347.75207606894037,25,65.55,1.6176416873931885,147,848.255999999878,839.9359999999998,8.319999999878178,934,2040.2072219985712,2040.2072219985712,3902.2480299991003,6194.893146999675,146,770.624,145,10.04803466796875,1604,209.20383399970888,16000.0,0.064
864.31,running,817.171875,0.0,346.65171520889595,25,67.2,0.3775308132171631,148,850.3679999998768,843.7119999999998,6.655999999877054,935,2050.0460120001662,2050.0460120001662,4778.597747999811,6194.893146999675,146,774.4,145,10.04803466796875,1604,209.20383399970888,16000.0,0.064
865.32,running,817.171875,0.0,370.9348143138865,25,66.65,1.380394458770752,148,850.3679999998768,843.7119999999998,6.655999999877054,935,2050.0460120001662,2050.0460120001662,4778.597747999811,6194.893146999675,146,774.4,145,10.04803466796875,1604,209.20383399970888,16000.0,0.064
866.32,running,817.078125,0.0,197.8908295660003,25,66.1,0.3632636070251465,148,852.4159999998757,843.7119999999998,8.703999999875919,935,2050.0460120001662,2050.0460120001662,4778.597747999811,6194.893146999675,146,774.4,145,10.04803466796875,1604,209.20383399970888,16000.0,0.064
867.32,running,932.25,0.0,99.93678059209645,25,64.45,1.3638756275177002,148,852.4159999998757,843.7119999999998,8.703999999875919,935,2050.0460120001662,2050.0460120001662,4778.597747999811,6194.893146999675,146,774.4,145,10.04803466796875,1604,209.20383399970888,16000.0,0.064
868.32,running,819.609375,0.0,173.50930735035294,25,66.1,0.24060988426208496,149,854.3359999998746,848.3839999999998,5.951999999874829,936,2064.8042840002745,2064.8042840002745,6045.9740630012675,6194.893146999675,147,779.552,146,10.04803466796875,2343,209.20383399970888,16000.0,0.064
869.32,running,831.6875,0.0,355.70771354913126,25,65.55,1.2418363094329834,149,854.3359999998746,848.3839999999998,5.951999999874829,936,2064.8042840002745,2064.8042840002745,6045.9740630012675,6194.893146999675,147,779.552,146,10.04803466796875,2343,209.20383399970888,16000.0,0.064
870.32,running,819.609375,0.0,357.5289223946054,25,66.1,0.2432708740234375,149,856.3839999998735,848.3839999999998,7.999999999873694,936,2064.8042840002745,2064.8042840002745,6045.9740630012675,6194.893146999675,147,779.552,146,10.04803466796875,2343,209.20383399970888,16000.0,0.064
871.33,running,819.609375,0.0,338.13301241664414,25,67.75,1.243880033493042,149,856.3839999998735,848.3839999999998,7.999999999873694,936,2064.8042840002745,2064.8042840002745,6045.9740630012675,6194.893146999675,147,779.552,146,10.04803466796875,2343,209.20383399970888,16000.0,0.064
872.33,running,820.4375,0.0,100.09054805388394,25,66.1,0.23557090759277344,149,858.3679999998724,848.3839999999998,9.983999999872594,936,2064.8042840002745,2064.8042840002745,6045.9740630012675,6194.893146999675,147,779.552,146,10.04803466796875,2343,209.20383399970888,16000.0,0.064
873.33,running,1042.8125,0.0,100.93996565252975,25,65.0,1.236198902130127,149,858.3679999998724,848.3839999999998,9.983999999872594,936,2064.8042840002745,2064.8042840002745,6045.9740630012675,6194.893146999675,147,779.552,146,10.04803466796875,2343,209.20383399970888,16000.0,0.064
874.34,running,818.6875,0.0,307.8099236784837,25,66.65,0.14359688758850098,150,860.3519999998713,854.2719999999998,6.079999999871461,937,2080.217893000736,2080.217893000736,5558.262705999368,6194.893146999675,149,785.824,148,1.15203857421875,483,209.20383399970888,16000.0,0.064
875.34,running,834.203125,0.0,354.7410418774352,25,67.2,1.1448755264282227,150,860.3519999998713,854.2719999999998,6.079999999871461,937,2080.217893000736,2080.217893000736,5558.262705999368,6194.893146999675,149,785.824,148,1.15203857421875,483,209.20383399970888,16000.0,0.064
876.34,running,818.78125,0.0,344.3261420332324,25,68.3,0.1455824375152588,150,862.3359999998702,854.2719999999998,8.063999999870362,937,2080.217893000736,2080.217893000736,5558.262705999368,6194.893146999675,149,785.824,148,1.15203857421875,483,209.20383399970888,16000.0,0.064
877.34,running,818.6875,0.0,224.88185202234365,25,66.1,1.1461677551269531,150,862.3359999998702,854.2719999999998,8.063999999870362,937,2080.217893000736,2080.217893000736,5558.262705999368,6194.893146999675,149,785.824,148,1.15203857421875,483,209.20383399970888,16000.0,0.064
878.34,running,912.359375,0.0,99.94155018382581,25,65.0,0.136199951171875,150,864.3199999998691,854.2719999999998,10.047999999869262,937,2080.217893000736,2080.217893000736,5558.262705999368,6194.893146999675,149,785.824,148,1.15203857421875,483,209.20383399970888,16000.0,0.064
879.34,running,819.328125,0.0,135.90480805926978,25,65.0,1.13700270652771,150,864.3199999998691,854.2719999999998,10.047999999869262,937,2080.217893000736,2080.217893000736,5558.262705999368,6194.893146999675,149,785.824,148,1.15203857421875,483,209.20383399970888,16000.0,0.064
880.34,running,847.421875,0.0,367.6603614556919,25,66.65,0.05122542381286621,151,866.303999999868,859.6479999999998,6.655999999868186,938,2092.848786000104,2092.848786000104,5593.15076600069,6194.893146999675,149,791.2,148,1.15203857421875,483,209.4896050002717,16000.0,0.064
881.34,running,819.34375,0.0,373.51167270684215,25,66.65,1.0519225597381592,151,866.303999999868,859.6479999999998,6.655999999868186,938,2092.848786000104,2092.848786000104,5593.15076600069,6194.893146999675,149,791.2,148,1.15203857421875,483,209.4896050002717,16000.0,0.064
882.35,running,819.328125,0.0,307.8161364964531,25,68.3,2.0524942874908447,151,866.303999999868,859.6479999999998,6.655999999868186,938,2092.848786000104,2092.848786000104,5593.15076600069,6194.893146999675,149,791.2,148,1.15203857421875,483,209.4896050002717,16000.0,0.064
883.35,running,831.234375,0.0,99.94205389709022,25,66.1,1.037240982055664,151,868.2879999998669,859.6479999999998,8.639999999867086,938,2092.848786000104,2092.848786000104,5593.15076600069,6194.893146999675,149,791.2,148,1.15203857421875,483,209.4896050002717,16000.0,0.064
884.35,running,1000.28125,0.0,99.93355168306525,25,64.45,2.0383284091949463,151,868.2879999998669,859.6479999999998,8.639999999867086,938,2092.848786000104,2092.848786000104,5593.15076600069,6194.893146999675,149,791.2,148,1.15203857421875,483,209.4896050002717,16000.0,0.064
885.35,running,819.234375,0.0,320.63382398902843,25,66.65,0.8581621646881104,151,870.3359999998657,859.6479999999998,10.687999999865951,938,2109.59697600083,2109.59697600083,5593.15076600069,6194.893146999675,150,797.12,149,10.04803466796875,1416,209.4896050002717,16000.0,0.064
886.35,running,861.328125,0.0,353.6462886404117,25,67.2,1.8597772121429443,151,870.3359999998657,859.6479999999998,10.687999999865951,938,2109.59697600083,2109.59697600083,5593.15076600069,6194.893146999675,150,797.12,149,10.04803466796875,1416,209.4896050002717,16000.0,0.064
887.35,running,819.328125,0.0,344.78721442101994,25,67.2,0.8408374786376953,152,872.3839999998646,865.0879999999999,7.295999999864762,939,2109.59697600083,2109.59697600083,5376.856278999185,6194.893146999675,150,797.12,149,10.04803466796875,1416,209.4896050002717,16000.0,0.064
888.35,running,819.234375,0.0,187.83517895079424,25,66.1,1.841479778289795,152,872.3839999998646,865.0879999999999,7.295999999864762,939,2109.59697600083,2109.59697600083,5376.856278999185,6194.893146999675,150,797.12,149,10.04803466796875,1416,209.4896050002717,16000.0,0.064
889.35,running,948.5625,0.0,99.93603973532929,25,65.55,0.8158972263336182,152,874.3679999998635,865.0879999999999,9.279999999863662,939,2109.59697600083,2109.59697600083,5376.856278999185,6194.893146999675,150,797.12,149,10.04803466796875,1416,209.4896050002717,16000.0,0.064
890.35,running,838.40625,0.0,172.8921711293061,25,66.65,1.8165287971496582,152,874.3679999998635,865.0879999999999,9.279999999863662,939,2109.59697600083,2109.59697600083,5376.856278999185,6194.893146999675,150,797.12,149,10.04803466796875,1416,209.4896050002717,16000.0,0.064
891.36,running,816.796875,0.0,383.7626178763002,25,67.75,0.7202725410461426,153,876.3519999998624,870.3359999999999,6.015999999862515,940,2124.740342998848,2124.740342998848,5516.526097000678,6194.893146999675,150,802.368,149,10.04803466796875,1416,209.4896050002717,16000.0,0.064
892.36,running,851.234375,0.0,347.7676303635486,25,67.75,1.7215657234191895,153,876.3519999998624,870.3359999999999,6.015999999862515,940,2124.740342998848,2124.740342998848,5516.526097000678,6194.893146999675,150,802.368,149,10.04803466796875,1416,209.4896050002717,16000.0,0.064
893.36,running,816.796875,0.0,139.81995971023204,25,66.1,0.7165374755859375,153,878.3999999998613,870.3359999999999,8.06399999986138,940,2124.740342998848,2124.740342998848,5516.526097000678,6194.893146999675,150,802.368,149,10.04803466796875,1416,209.4896050002717,16000.0,0.064
894.36,running,992.09375,0.0,100.93924890567055,25,65.0,1.7171719074249268,153,878.3999999998613,870.3359999999999,8.06399999986138,940,2124.740342998848,2124.740342998848,5516.526097000678,6194.893146999675,150,802.368,149,10.04803466796875,1416,209.4896050002717,16000.0,0.064
895.36,running,818.671875,0.0,226.38976322373753,25,66.1,0.5216326713562012,153,880.3839999998602,870.3359999999999,10.04799999986028,940,2142.179184998895,2142.179184998895,5516.526097000678,6194.893146999675,151,808.224,150,10.0479736328125,609,209.4896050002717,16000.0,0.064
896.36,running,818.6875,0.0,362.7163608837491,25,66.1,1.5223300457000732,153,880.3839999998602,870.3359999999999,10.04799999986028,940,2142.179184998895,2142.179184998895,5516.526097000678,6194.893146999675,151,808.224,150,10.0479736328125,609,209.4896050002717,16000.0,0.064
897.36,running,832.46875,0.0,346.7699365261895,25,67.2,0.5038511753082275,154,882.431999999859,875.7119999999999,6.719999999859169,941,2142.179184998895,2142.179184998895,4831.3273419989855,6194.893146999675,151,808.224,150,10.0479736328125,609,212.50250400044024,16000.0,0.064
898.36,running,818.671875,0.0,226.71991203419566,25,65.55,1.504551887512207,154,882.431999999859,875.7119999999999,6.719999999859169,941,2142.179184998895,2142.179184998895,4831.3273419989855,6194.893146999675,151,808.224,150,10.0479736328125,609,212.50250400044024,16000.0,0.064
899.36,running,914.59375,0.0,99.94204280993274,25,65.0,0.4779937267303467,154,884.4799999998579,875.7119999999999,8.767999999858034,941,2142.179184998895,2142.179184998895,4831.3273419989855,6194.893146999675,151,808.224,150,10.0479736328125,609,212.50250400044024,16000.0,0.064
900.36,running,817.96875,0.0,118.91218347138087,25,63.35,1.4790749549865723,154,884.4799999998579,875.7119999999999,8.767999999858034,941,2142.179184998895,2142.179184998895,4831.3273419989855,6194.893146999675,151,808.224,150,10.0479736328125,609,212.50250400044024,16000.0,0.064
