elapsed_s,state,rss_mb,swap_mb,cpu_percent,threads,temperature_c,heartbeat_age_s,overflows,captured_s,processed_s,backlog_s,processing_calls,parse_last_ms,parse_max_ms,process_last_ms,process_max_ms,returned_lines,returned_audio_s,completed_lines,last_line_duration_s,last_decode_ms,callback_gap_max_ms,actual_rate,actual_latency_s
0.0,,0.609375,0.0,,1,63.35,,,,,,,,,,,,,,,,,,
0.0,running,405.265625,0.0,88.93801909444431,25,62.25,0.49904537200927734,0,0.0,0.0,0.0,0,,0.0,,0.0,,,0,,,0.0,16000.0,0.064
1.0,running,411.265625,0.0,124.92697655934968,25,61.7,1.4995968341827393,0,0.0,0.0,0.0,0,,0.0,,0.0,,,0,,,0.0,16000.0,0.064
2.0,running,424.578125,0.0,299.9342215351694,25,65.0,0.8968479633331299,0,1.600000000000001,1.4720000000000006,0.12800000000000034,19,0.06598199979634956,0.06598199979634956,0.26246400011586957,360.1717000001372,1,0.0,0,,,68.34461300059047,16000.0,0.064
3.01,running,482.859375,0.0,349.62223597092196,25,66.1,1.8980743885040283,0,1.600000000000001,1.4720000000000006,0.12800000000000034,19,0.06598199979634956,0.06598199979634956,0.26246400011586957,360.1717000001372,1,0.0,0,,,68.34461300059047,16000.0,0.064
4.01,running,432.203125,0.0,336.6049099872398,25,66.1,0.898404598236084,0,3.5840000000000027,3.200000000000001,0.3840000000000017,26,0.05237000004854053,0.06598199979634956,2.441140000883024,626.2564690005092,1,0.0,0,,,68.34461300059047,16000.0,0.064
5.01,running,438.84375,0.0,339.72428622418,25,66.65,1.8992993831634521,0,3.5840000000000027,3.200000000000001,0.3840000000000017,26,0.05237000004854053,0.06598199979634956,2.441140000883024,626.2564690005092,1,0.0,0,,,68.34461300059047,16000.0,0.064
6.01,running,445.71875,0.0,348.30535096572225,25,67.2,0.9051811695098877,0,5.568000000000004,5.312000000000001,0.2560000000000029,30,0.053555999329546466,0.06598199979634956,4.22481500027061,1054.6012960003281,1,0.0,0,,,68.34461300059047,16000.0,0.064
7.01,running,458.03125,0.0,351.0628009908635,25,67.2,1.9069077968597412,0,5.568000000000004,5.312000000000001,0.2560000000000029,30,0.053555999329546466,0.06598199979634956,4.22481500027061,1054.6012960003281,1,0.0,0,,,68.34461300059047,16000.0,0.064
8.02,running,468.609375,0.0,363.2541756081141,25,67.75,0.9077787399291992,0,7.552000000000006,7.360000000000002,0.19200000000000372,36,0.0516479994985275,0.06598199979634956,3.7069610007165466,1054.6012960003281,1,0.0,0,,,68.34461300059047,16000.0,0.064
9.02,running,464.21875,0.0,360.8003805877203,25,66.65,1.9107897281646729,0,7.552000000000006,7.360000000000002,0.19200000000000372,36,0.0516479994985275,0.06598199979634956,3.7069610007165466,1054.6012960003281,1,0.0,0,,,68.34461300059047,16000.0,0.064
10.02,running,484.15625,0.0,357.74228639205563,25,67.75,0.9108428955078125,0,9.600000000000007,8.576000000000002,1.0240000000000045,38,0.05298100040818099,0.06598199979634956,4.879391999565996,1213.4902439993311,1,0.0,0,,,71.32916199952888,16000.0,0.064
11.03,running,484.328125,0.0,341.5387169471116,25,68.3,1.9181315898895264,0,9.600000000000007,8.576000000000002,1.0240000000000045,38,0.05298100040818099,0.06598199979634956,4.879391999565996,1213.4902439993311,1,0.0,0,,,71.32916199952888,16000.0,0.064
12.03,running,485.140625,0.0,369.73943057302097,25,69.4,0.9183642864227295,0,11.584000000000009,11.392000000000001,0.19200000000000728,42,0.05431500176200643,0.06598199979634956,6.544861000293167,1651.8416090002574,1,0.0,0,,,71.32916199952888,16000.0,0.064
13.03,running,485.140625,0.0,339.7339197145799,25,68.85,1.9191932678222656,0,11.584000000000009,11.392000000000001,0.19200000000000728,42,0.05431500176200643,0.06598199979634956,6.544861000293167,1651.8416090002574,1,0.0,0,,,71.32916199952888,16000.0,0.064
14.03,running,485.140625,0.0,253.7946669170203,25,67.2,0.9195246696472168,0,13.56800000000001,13.376000000000001,0.19200000000000905,46,0.06359299914038274,0.06598199979634956,2.0782689989573555,1651.8416090002574,3,0.0,2,0.6400003433227539,153,71.32916199952888,16000.0,0.064
15.03,running,485.140625,0.0,320.70698221746335,25,68.3,1.9201383590698242,0,13.56800000000001,13.376000000000001,0.19200000000000905,46,0.06359299914038274,0.06598199979634956,2.0782689989573555,1651.8416090002574,3,0.0,2,0.6400003433227539,153,71.32916199952888,16000.0,0.064
16.03,running,485.15625,0.0,332.8025086676981,25,67.75,0.9161531925201416,0,15.552000000000012,15.488000000000003,0.06400000000000894,59,0.06324100104393438,0.06683299943688326,2.0666939999500755,1651.8416090002574,3,0.0,2,0.6400003433227539,153,71.32916199952888,16000.0,0.064
17.03,running,485.15625,0.0,313.82442935379527,25,68.85,1.916745901107788,0,15.552000000000012,15.488000000000003,0.06400000000000894,59,0.06324100104393438,0.06683299943688326,2.0666939999500755,1651.8416090002574,3,0.0,2,0.6400003433227539,153,71.32916199952888,16000.0,0.064
18.04,running,485.15625,0.0,341.73098676506305,25,68.85,0.9202742576599121,0,17.600000000000012,17.536000000000005,0.06400000000000716,70,0.06266699892876204,0.06683299943688326,0.284297999314731,1651.8416090002574,3,0.0,2,0.6400003433227539,153,71.32916199952888,16000.0,0.064
19.04,running,550.484375,0.0,347.63130119935613,25,69.4,1.9211962223052979,0,17.600000000000012,17.536000000000005,0.06400000000000716,70,0.06266699892876204,0.06683299943688326,0.284297999314731,1651.8416090002574,3,0.0,2,0.6400003433227539,153,71.32916199952888,16000.0,0.064
20.04,running,485.515625,0.0,22.97985838389614,25,63.9,0.9205143451690674,0,19.584000000000014,19.584000000000007,7.105427357601002e-15,76,0.05751899880124256,0.06683299943688326,2.330620998691302,1651.8416090002574,3,0.0,3,8.960000038146973,566,71.32916199952888,16000.0,0.064
21.04,running,485.59375,0.0,189.89353542981448,25,65.55,1.9211196899414062,0,19.584000000000014,19.584000000000007,7.105427357601002e-15,76,0.05751899880124256,0.06683299943688326,2.330620998691302,1651.8416090002574,3,0.0,3,8.960000038146973,566,71.32916199952888,16000.0,0.064
22.04,running,485.515625,0.0,316.8159635081278,25,67.2,0.9212169647216797,0,21.568000000000016,21.56800000000001,7.105427357601002e-15,101,0.06718599979649298,0.07268500121426769,1.6118040002766065,1651.8416090002574,4,0.0,3,8.960000038146973,566,71.32916199952888,16000.0,0.064
23.04,running,549.59375,0.0,251.85519182744912,25,67.2,1.9222402572631836,0,21.568000000000016,21.56800000000001,7.105427357601002e-15,101,0.06718599979649298,0.07268500121426769,1.6118040002766065,1651.8416090002574,4,0.0,3,8.960000038146973,566,71.32916199952888,16000.0,0.064
24.04,running,485.59375,0.0,290.75075680929535,25,67.75,0.9258601665496826,0,23.552000000000017,23.16800000000001,0.38400000000000745,112,0.07249999907799065,0.07268500121426769,0.2767240002867766,1651.8416090002574,5,0.0,4,2.1439990997314453,193,71.32916199952888,16000.0,0.064
25.04,running,549.59375,0.0,340.7230797023101,25,68.3,1.9269137382507324,0,23.552000000000017,23.16800000000001,0.38400000000000745,112,0.07249999907799065,0.07268500121426769,0.2767240002867766,1651.8416090002574,5,0.0,4,2.1439990997314453,193,71.32916199952888,16000.0,0.064
26.05,running,485.515625,0.0,325.6450882108655,25,67.2,0.9277393817901611,0,25.60000000000002,24.89600000000001,0.7040000000000077,120,0.07331500091822818,0.07331500091822818,2.62052899961418,1651.8416090002574,5,0.0,4,2.1439990997314453,193,71.32916199952888,16000.0,0.064
27.05,running,549.515625,0.0,358.4504080626118,25,69.95,1.9285714626312256,0,25.60000000000002,24.89600000000001,0.7040000000000077,120,0.07331500091822818,0.07331500091822818,2.62052899961418,1651.8416090002574,5,0.0,4,2.1439990997314453,193,71.32916199952888,16000.0,0.064
28.05,running,551.734375,0.0,334.32544091867766,25,68.3,0.9300169944763184,0,27.58400000000002,27.072000000000013,0.5120000000000076,126,0.07383299998764414,0.0758339992898982,2.332305999516393,1651.8416090002574,5,0.0,4,2.1439990997314453,193,71.32916199952888,16000.0,0.064
29.05,running,485.515625,0.0,338.78496031173574,25,68.85,1.93082857131958,0,27.58400000000002,27.072000000000013,0.5120000000000076,126,0.07383299998764414,0.0758339992898982,2.332305999516393,1651.8416090002574,5,0.0,4,2.1439990997314453,193,71.32916199952888,16000.0,0.064
30.05,running,531.359375,0.0,248.80889710192477,25,67.75,0.927762508392334,0,29.568000000000023,29.248000000000015,0.3200000000000074,135,0.06879700049466919,0.07787100003042724,2.114916998834815,1651.8416090002574,5,0.0,4,2.1439990997314453,193,71.32916199952888,16000.0,0.064
31.05,running,520.71875,0.0,246.6826844157983,25,68.3,1.9290175437927246,0,29.568000000000023,29.248000000000015,0.3200000000000074,135,0.06879700049466919,0.07787100003042724,2.114916998834815,1651.8416090002574,5,0.0,4,2.1439990997314453,193,71.32916199952888,16000.0,0.064
32.06,running,485.515625,0.0,293.86698789368705,25,68.3,0.9317231178283691,0,31.616000000000025,31.296000000000017,0.3200000000000074,151,0.07303700112970546,0.07864899998821784,0.2709640011744341,1651.8416090002574,6,0.0,5,7.104000091552734,477,71.32916199952888,16000.0,0.064
33.06,running,550.96875,0.0,335.77415091909035,25,68.85,1.9323549270629883,0,31.616000000000025,31.296000000000017,0.3200000000000074,151,0.07303700112970546,0.07864899998821784,0.2709640011744341,1651.8416090002574,6,0.0,5,7.104000091552734,477,71.32916199952888,16000.0,0.064
34.06,running,485.515625,0.0,333.76031303500145,25,69.4,0.9325296878814697,0,33.60000000000002,33.152000000000015,0.4480000000000075,159,0.07257499964907765,0.07905600068625063,3.1438470014109043,1651.8416090002574,6,0.0,5,7.104000091552734,477,71.32916199952888,16000.0,0.064
35.06,running,485.515625,0.0,348.7933626039733,25,68.85,1.9330856800079346,0,33.60000000000002,33.152000000000015,0.4480000000000075,159,0.07257499964907765,0.07905600068625063,3.1438470014109043,1651.8416090002574,6,0.0,5,7.104000091552734,477,71.32916199952888,16000.0,0.064
36.06,running,485.59375,0.0,348.7952997124393,25,68.85,0.9331226348876953,0,35.584000000000024,35.52000000000002,0.06400000000000716,165,0.07650000043213367,0.07905600068625063,4.45027800014941,1651.8416090002574,6,0.0,5,7.104000091552734,477,71.32916199952888,16000.0,0.064
37.06,running,485.59375,0.0,331.8000758551677,25,68.85,1.933774709701538,0,35.584000000000024,35.52000000000002,0.06400000000000716,165,0.07650000043213367,0.07905600068625063,4.45027800014941,1651.8416090002574,6,0.0,5,7.104000091552734,477,71.32916199952888,16000.0,0.064
38.06,running,485.671875,0.0,366.7632246300702,25,69.4,0.9381530284881592,0,37.568000000000026,37.31200000000002,0.25600000000000733,167,0.07798200022079982,0.07905600068625063,7.038530000500032,1748.973425999793,6,0.0,5,7.104000091552734,477,71.32916199952888,16000.0,0.064
39.07,running,521.90625,0.0,354.6795531079698,25,69.4,1.949267864227295,0,37.568000000000026,37.31200000000002,0.25600000000000733,167,0.07798200022079982,0.07905600068625063,7.038530000500032,1748.973425999793,6,0.0,5,7.104000091552734,477,71.32916199952888,16000.0,0.064
40.08,running,485.90625,0.0,331.29159517062,25,69.4,0.9534637928009033,0,39.61600000000003,38.72000000000002,0.8960000000000079,169,0.08029700074985158,0.08029700074985158,5.433875001472188,1748.973425999793,6,0.0,5,7.104000091552734,477,71.32916199952888,16000.0,0.064
41.08,running,487.0,0.0,347.5961495269213,25,69.4,1.9572925567626953,0,39.61600000000003,38.72000000000002,0.8960000000000079,169,0.08029700074985158,0.08029700074985158,5.433875001472188,1748.973425999793,6,0.0,5,7.104000091552734,477,71.32916199952888,16000.0,0.064
42.08,running,487.0,0.0,313.81742761115316,25,69.4,0.957298755645752,0,41.60000000000003,41.40800000000002,0.19200000000000728,173,0.08392700146941934,0.08392700146941934,4.1378139994776575,1748.973425999793,7,0.0,6,10.047998428344727,461,71.32916199952888,16000.0,0.064
43.09,running,538.953125,0.0,340.8077210548494,25,68.3,1.9584450721740723,0,41.60000000000003,41.40800000000002,0.19200000000000728,173,0.08392700146941934,0.08392700146941934,4.1378139994776575,1748.973425999793,7,0.0,6,10.047998428344727,461,71.32916199952888,16000.0,0.064
44.09,running,487.078125,0.0,306.6223314343592,25,68.85,0.9550979137420654,0,43.58400000000003,43.136000000000024,0.4480000000000075,181,0.08890800017979927,0.08999999954539817,2.1199720013100887,1748.973425999793,8,0.0,7,2.2080001831054688,337,73.97731899982318,16000.0,0.064
45.09,running,487.0,0.0,340.67851939669146,25,72.15,1.9564130306243896,0,43.58400000000003,43.136000000000024,0.4480000000000075,181,0.08890800017979927,0.08999999954539817,2.1199720013100887,1748.973425999793,8,0.0,7,2.2080001831054688,337,73.97731899982318,16000.0,0.064
46.09,running,487.0,0.0,350.3674254914074,25,69.95,0.9599084854125977,0,45.56800000000003,45.376000000000026,0.19200000000000728,190,0.0860010004544165,0.08999999954539817,2.1205089997238247,1748.973425999793,8,0.0,7,2.2080001831054688,337,73.97731899982318,16000.0,0.064
47.09,running,551.078125,0.0,351.7700932683954,25,69.95,1.9609172344207764,0,45.56800000000003,45.376000000000026,0.19200000000000728,190,0.0860010004544165,0.08999999954539817,2.1205089997238247,1748.973425999793,8,0.0,7,2.2080001831054688,337,73.97731899982318,16000.0,0.064
48.09,running,487.078125,0.0,337.6426936711204,25,69.4,0.961327075958252,0,47.616000000000035,46.40000000000003,1.2160000000000082,194,0.08583400085626636,0.08999999954539817,1.82878499981598,1748.973425999793,8,0.0,7,2.2080001831054688,337,73.97731899982318,16000.0,0.064
49.1,running,487.0,0.0,353.78381293410445,25,70.5,1.967461109161377,0,47.616000000000035,46.40000000000003,1.2160000000000082,194,0.08583400085626636,0.08999999954539817,1.82878499981598,1748.973425999793,8,0.0,7,2.2080001831054688,337,73.97731899982318,16000.0,0.064
50.1,running,516.46875,0.0,354.7325274173712,25,69.95,0.9681034088134766,0,49.60000000000004,47.87200000000003,1.7280000000000086,196,0.0884080000105314,0.08999999954539817,5.789729000753141,1748.973425999793,8,0.0,7,2.2080001831054688,337,73.97731899982318,16000.0,0.064
51.1,running,551.25,0.0,353.5691777250723,25,69.95,1.9691548347473145,0,49.60000000000004,47.87200000000003,1.7280000000000086,196,0.0884080000105314,0.08999999954539817,5.789729000753141,1748.973425999793,8,0.0,7,2.2080001831054688,337,73.97731899982318,16000.0,0.064
52.1,running,487.171875,0.0,360.6409246175719,25,71.05,0.9692888259887695,0,51.58400000000004,51.00800000000003,0.5760000000000076,200,0.09289000081480481,0.09289000081480481,4.020664999188739,2103.785653000159,9,0.0,8,6.239997863769531,1445,73.97731899982318,16000.0,0.064
53.1,running,501.984375,0.0,122.91900215473386,25,67.2,1.9703714847564697,0,51.58400000000004,51.00800000000003,0.5760000000000076,200,0.09289000081480481,0.09289000081480481,4.020664999188739,2103.785653000159,9,0.0,8,6.239997863769531,1445,73.97731899982318,16000.0,0.064
54.11,running,504.640625,0.0,233.9688114755495,25,68.3,0.9743087291717529,0,53.56800000000004,53.37600000000003,0.19200000000000728,216,0.08507399979862384,0.09289000081480481,0.25424199884582777,2103.785653000159,9,0.0,9,5.759998321533203,333,73.97731899982318,16000.0,0.064
55.11,running,487.265625,0.0,180.78685735734314,25,66.1,1.974973201751709,0,53.56800000000004,53.37600000000003,0.19200000000000728,216,0.08507399979862384,0.09289000081480481,0.25424199884582777,2103.785653000159,9,0.0,9,5.759998321533203,333,73.97731899982318,16000.0,0.064
56.11,running,487.171875,0.0,286.82101680181466,25,68.3,0.9749534130096436,0,55.61600000000004,55.424000000000035,0.19200000000000728,234,0.1023519998852862,0.1023519998852862,0.25494500005152076,2103.785653000159,11,0.0,10,1.6960029602050781,386,73.97731899982318,16000.0,0.064
57.11,running,487.171875,0.0,275.8464238825354,25,67.2,1.9755675792694092,0,55.61600000000004,55.424000000000035,0.19200000000000728,234,0.1023519998852862,0.1023519998852862,0.25494500005152076,2103.785653000159,11,0.0,10,1.6960029602050781,386,73.97731899982318,16000.0,0.064
58.11,running,552.53125,0.0,344.78277926408083,25,68.85,0.9756171703338623,0,57.600000000000044,57.47200000000004,0.12800000000000722,247,0.10064900016004685,0.1023519998852862,0.26627899933373556,2103.785653000159,11,0.0,10,1.6960029602050781,386,73.97731899982318,16000.0,0.064
59.11,running,487.171875,0.0,44.97082050322098,25,65.0,1.9761650562286377,0,57.600000000000044,57.47200000000004,0.12800000000000722,247,0.10064900016004685,0.1023519998852862,0.26627899933373556,2103.785653000159,11,0.0,10,1.6960029602050781,386,73.97731899982318,16000.0,0.064
60.11,running,534.484375,0.0,181.8971437133758,25,66.1,0.9771347045898438,0,59.584000000000046,59.58400000000004,7.105427357601002e-15,265,0.09392600077262614,0.1023519998852862,0.25576100051694084,2103.785653000159,11,0.0,11,3.4880027770996094,404,73.97731899982318,16000.0,0.064
61.12,running,487.953125,0.0,249.05296787103615,25,65.55,1.9803709983825684,0,59.584000000000046,59.58400000000004,7.105427357601002e-15,265,0.09392600077262614,0.1023519998852862,0.25576100051694084,2103.785653000159,11,0.0,11,3.4880027770996094,404,73.97731899982318,16000.0,0.064
62.12,running,487.171875,0.0,244.76306934880242,25,67.2,0.9777493476867676,0,61.63200000000005,61.37600000000004,0.25600000000000733,282,0.10983399988617748,0.10983399988617748,0.25679700047476217,2103.785653000159,12,0.0,11,3.4880027770996094,404,73.97731899982318,16000.0,0.064
63.12,running,487.171875,0.0,290.73160646614633,25,66.65,1.9783377647399902,0,61.63200000000005,61.37600000000004,0.25600000000000733,282,0.10983399988617748,0.10983399988617748,0.25679700047476217,2103.785653000159,12,0.0,11,3.4880027770996094,404,73.97731899982318,16000.0,0.064
64.12,running,487.171875,0.0,293.8242123191361,25,66.65,0.9791111946105957,0,63.61600000000005,63.42400000000004,0.19200000000000728,296,0.10546299927227665,0.10983399988617748,0.283704999674228,2103.785653000159,12,0.0,11,3.4880027770996094,404,73.97731899982318,16000.0,0.064
65.12,running,487.171875,0.0,218.67343942730426,25,65.0,1.9814178943634033,0,63.61600000000005,63.42400000000004,0.19200000000000728,296,0.10546299927227665,0.10983399988617748,0.283704999674228,2103.785653000159,12,0.0,11,3.4880027770996094,404,73.97731899982318,16000.0,0.064
66.12,running,487.171875,0.0,190.60676395037154,25,65.55,0.9812028408050537,0,65.59999999999987,65.53599999999996,0.06399999999990769,311,0.11014800111297518,0.11016700045729522,0.2575939997768728,2103.785653000159,13,0.0,12,4.1920013427734375,565,73.97731899982318,16000.0,0.064
67.12,running,487.171875,0.0,194.8948518885499,25,65.0,1.981738567352295,0,65.59999999999987,65.53599999999996,0.06399999999990769,311,0.11014800111297518,0.11016700045729522,0.2575939997768728,2103.785653000159,13,0.0,12,4.1920013427734375,565,73.97731899982318,16000.0,0.064
68.12,running,487.171875,0.0,208.8927079008409,25,64.45,0.9808611869812012,0,67.58399999999965,67.58399999999983,0.0,332,0.11487099982332438,0.11603699931583833,0.25601899869798217,2103.785653000159,14,0.0,13,2.687999725341797,182,73.97731899982318,16000.0,0.064
69.12,running,487.171875,0.0,249.87321458043647,25,66.1,1.9814107418060303,0,67.58399999999965,67.58399999999983,0.0,332,0.11487099982332438,0.11603699931583833,0.25601899869798217,2103.785653000159,14,0.0,13,2.687999725341797,182,73.97731899982318,16000.0,0.064
70.13,running,551.171875,0.0,288.735326565332,25,67.2,0.9854185581207275,0,69.63199999999942,69.63199999999973,0.0,350,0.11840799925266765,0.11885200001415797,0.28094600020267535,2103.785653000159,15,0.0,14,2.1760025024414062,178,73.97731899982318,16000.0,0.064
71.13,running,534.125,0.0,155.90600754217024,25,65.0,1.9865381717681885,0,69.63199999999942,69.63199999999973,0.0,350,0.11840799925266765,0.11885200001415797,0.28094600020267535,2103.785653000159,15,0.0,14,2.1760025024414062,178,73.97731899982318,16000.0,0.064
72.13,running,487.25,0.0,300.96929153508484,25,66.1,0.9890820980072021,0,71.6159999999992,71.16799999999965,0.44799999999955276,363,0.11379699935787357,0.11885200001415797,0.25340899992443155,2103.785653000159,15,0.0,15,2.4000015258789062,450,73.97731899982318,16000.0,0.064
73.13,running,487.21875,0.0,287.81581198322834,25,66.65,1.9898388385772705,0,71.6159999999992,71.16799999999965,0.44799999999955276,363,0.11379699935787357,0.11885200001415797,0.25340899992443155,2103.785653000159,15,0.0,15,2.4000015258789062,450,73.97731899982318,16000.0,0.064
74.13,running,487.25,0.0,337.7312824165493,25,66.1,0.9899475574493408,0,73.59999999999899,73.21599999999958,0.3839999999994035,375,0.12372300079732668,0.12387099923216738,0.2623899999889545,2103.785653000159,16,0.0,15,2.4000015258789062,450,73.97731899982318,16000.0,0.064
75.14,running,487.265625,0.0,332.8309860620183,25,67.75,1.9966325759887695,0,73.59999999999899,73.21599999999958,0.3839999999994035,375,0.12372300079732668,0.12387099923216738,0.2623899999889545,2103.785653000159,16,0.0,15,2.4000015258789062,450,73.97731899982318,16000.0,0.064
76.14,running,487.171875,0.0,227.81831808078476,25,66.1,0.9935014247894287,0,75.58399999999877,75.45599999999956,0.1279999999992043,381,0.12316799984546378,0.12387099923216738,3.159994999805349,2103.785653000159,16,0.0,16,3.8720016479492188,779,73.97731899982318,16000.0,0.064
77.14,running,487.171875,0.0,236.7567577643267,25,65.55,1.9958689212799072,0,75.58399999999877,75.45599999999956,0.1279999999992043,381,0.12316799984546378,0.12387099923216738,3.159994999805349,2103.785653000159,16,0.0,16,3.8720016479492188,779,73.97731899982318,16000.0,0.064
78.15,running,487.171875,0.0,194.75919133434888,25,65.55,1.0004873275756836,0,77.63199999999854,77.50399999999945,0.12799999999909062,399,0.12870499995187856,0.12994499957130756,0.2627970006869873,2103.785653000159,17,0.0,17,1.9840011596679688,305,73.97731899982318,16000.0,0.064
79.15,running,487.171875,0.0,216.8028535771498,25,64.45,2.0010457038879395,0,77.63199999999854,77.50399999999945,0.12799999999909062,399,0.12870499995187856,0.12994499957130756,0.2627970006869873,2103.785653000159,17,0.0,17,1.9840011596679688,305,73.97731899982318,16000.0,0.064
80.15,running,534.421875,0.0,288.83386189583047,25,66.65,1.0015676021575928,0,79.61599999999832,79.55199999999934,0.06399999999898398,418,0.1402970010531135,0.1402970010531135,0.26622399855114054,2103.785653000159,19,0.0,19,1.1840057373046875,297,73.97731899982318,16000.0,0.064
81.15,running,543.234375,0.0,326.62800075720196,25,67.75,0.0020749568939208984,0,81.5999999999981,81.2159999999993,0.38399999999880663,426,0.14014900079928339,0.1402970010531135,2.078064999295748,2103.785653000159,20,0.0,19,1.1840057373046875,297,73.97731899982318,16000.0,0.064
82.15,running,487.171875,0.0,288.693717617556,25,68.3,1.0030169486999512,0,81.5999999999981,81.2159999999993,0.38399999999880663,426,0.14014900079928339,0.1402970010531135,2.078064999295748,2103.785653000159,20,0.0,19,1.1840057373046875,297,73.97731899982318,16000.0,0.064
83.15,running,519.28125,0.0,348.6897313440991,25,67.75,0.0035245418548583984,0,83.58399999999789,83.26399999999926,0.31999999999862894,434,0.1397969990648562,0.1402970010531135,3.139513000860461,2103.785653000159,20,0.0,19,1.1840057373046875,297,73.97731899982318,16000.0,0.064
84.15,running,538.921875,0.0,343.62595764677974,25,68.85,1.0046255588531494,0,83.58399999999789,83.26399999999926,0.31999999999862894,434,0.1397969990648562,0.1402970010531135,3.139513000860461,2103.785653000159,20,0.0,19,1.1840057373046875,297,73.97731899982318,16000.0,0.064
85.15,running,553.296875,0.0,354.6145481710174,25,67.75,0.0047607421875,0,85.63199999999766,85.18399999999924,0.4479999999984159,438,0.14101999840931967,0.14129700139164925,4.719611999462359,2103.785653000159,20,0.0,19,1.1840057373046875,297,73.97731899982318,16000.0,0.064
86.16,running,535.09375,0.0,348.7823427277412,25,67.75,1.0058917999267578,0,85.63199999999766,85.18399999999924,0.4479999999984159,438,0.14101999840931967,0.14129700139164925,4.719611999462359,2103.785653000159,20,0.0,19,1.1840057373046875,297,73.97731899982318,16000.0,0.064
87.16,running,487.25,0.0,342.4731376265266,25,68.85,0.009458303451538086,0,87.61599999999744,86.78399999999924,0.8319999999982031,440,0.1417420007783221,0.1417420007783221,6.261878001168952,2103.785653000159,20,0.0,19,1.1840057373046875,297,73.97731899982318,16000.0,0.064
88.16,running,487.265625,0.0,354.6725149067024,25,68.85,1.0101797580718994,0,87.61599999999744,86.78399999999924,0.8319999999982031,440,0.1417420007783221,0.1417420007783221,6.261878001168952,2103.785653000159,20,0.0,19,1.1840057373046875,297,73.97731899982318,16000.0,0.064
89.16,running,487.28125,0.0,348.75972059545865,25,68.85,0.010369062423706055,0,89.59999999999722,88.95999999999923,0.6399999999979968,442,0.1444629997422453,0.1444629997422453,8.60955500138516,2155.213621999792,21,0.0,20,7.008003234863281,1620,73.97731899982318,16000.0,0.064
90.16,running,487.3125,0.0,355.750102273882,25,68.85,1.0109837055206299,0,89.59999999999722,88.95999999999923,0.6399999999979968,442,0.1444629997422453,0.1444629997422453,8.60955500138516,2155.213621999792,21,0.0,20,7.008003234863281,1620,73.97731899982318,16000.0,0.064
91.17,running,487.203125,0.0,334.11257633881297,25,67.75,0.012348413467407227,0,91.583999999997,91.45599999999921,0.12799999999779743,446,0.14492600166704506,0.14535199989040848,5.03668899909826,2155.213621999792,21,0.0,20,7.008003234863281,1620,73.97731899982318,16000.0,0.064
92.17,running,487.203125,0.0,355.77953302907963,25,69.4,1.0129802227020264,0,91.583999999997,91.45599999999921,0.12799999999779743,446,0.14492600166704506,0.14535199989040848,5.03668899909826,2155.213621999792,21,0.0,20,7.008003234863281,1620,73.97731899982318,16000.0,0.064
93.17,running,541.84375,0.0,351.77546769924845,25,68.85,0.012438297271728516,0,93.63199999999678,93.18399999999919,0.44799999999759166,450,0.1450199997634627,0.14550100058841053,2.884864999941783,2155.213621999792,21,0.0,20,7.008003234863281,1620,73.97731899982318,16000.0,0.064
94.17,running,487.21875,0.0,346.60868918829914,25,68.85,1.013155460357666,0,93.63199999999678,93.18399999999919,0.44799999999759166,450,0.1450199997634627,0.14550100058841053,2.884864999941783,2155.213621999792,21,0.0,20,7.008003234863281,1620,73.97731899982318,16000.0,0.064
95.19,running,487.203125,0.0,355.7875841641169,25,69.4,0.027251005172729492,0,95.61599999999656,94.71999999999917,0.895999999997386,452,0.14292600098997355,0.14550100058841053,6.0190259991941275,2155.213621999792,21,0.0,20,7.008003234863281,1620,73.97731899982318,16000.0,0.064
96.19,running,487.203125,0.0,247.8652019799284,25,67.2,1.027766466140747,0,95.61599999999656,94.71999999999917,0.895999999997386,452,0.14292600098997355,0.14550100058841053,6.0190259991941275,2155.213621999792,21,0.0,20,7.008003234863281,1620,73.97731899982318,16000.0,0.064
97.19,running,487.203125,0.0,272.8596238194919,25,67.75,0.027781248092651367,0,97.59999999999634,97.59999999999908,0.0,468,0.1498159999755444,0.15112999972188845,1.570247999552521,2155.213621999792,22,0.0,21,8.448005676269531,461,73.97731899982318,16000.0,0.064
98.19,running,551.28125,0.0,346.8146209955237,25,68.3,1.028846263885498,0,97.59999999999634,97.59999999999908,0.0,468,0.1498159999755444,0.15112999972188845,1.570247999552521,2155.213621999792,22,0.0,21,8.448005676269531,461,73.97731899982318,16000.0,0.064
99.19,running,528.09375,0.0,347.6078142644032,25,68.85,0.02944159507751465,0,99.64799999999612,99.13599999999906,0.5119999999970588,473,0.14907500008121133,0.15112999972188845,3.650792999906116,2155.213621999792,22,0.0,21,8.448005676269531,461,73.97731899982318,16000.0,0.064
100.19,running,487.25,0.0,348.50990200206627,25,69.4,1.0336873531341553,0,99.64799999999612,99.13599999999906,0.5119999999970588,473,0.14907500008121133,0.15112999972188845,3.650792999906116,2155.213621999792,22,0.0,21,8.448005676269531,461,73.97731899982318,16000.0,0.064
101.19,running,487.203125,0.0,345.625022771779,25,70.5,0.033782005310058594,0,101.6319999999959,101.37599999999904,0.25599999999685963,477,0.1507420001871651,0.15112999972188845,5.730414000936435,2155.213621999792,22,0.0,21,8.448005676269531,461,73.97731899982318,16000.0,0.064
102.19,running,487.28125,0.0,355.78855735082374,25,67.75,1.0345966815948486,0,101.6319999999959,101.37599999999904,0.25599999999685963,477,0.1507420001871651,0.15112999972188845,5.730414000936435,2155.213621999792,22,0.0,21,8.448005676269531,461,73.97731899982318,16000.0,0.064
103.19,running,490.34375,0.0,359.70739925344935,25,69.95,0.03078937530517578,0,103.61599999999568,103.16799999999903,0.44799999999665374,479,0.14807399929850362,0.15112999972188845,7.118641999113606,2155.213621999792,22,0.0,21,8.448005676269531,461,73.97731899982318,16000.0,0.064
104.2,running,492.421875,0.0,350.78179618370154,25,69.4,1.0318636894226074,0,103.61599999999568,103.16799999999903,0.44799999999665374,479,0.14807399929850362,0.15112999972188845,7.118641999113606,2155.213621999792,22,0.0,21,8.448005676269531,461,73.97731899982318,16000.0,0.064
105.2,running,489.921875,0.0,340.32420177094485,25,69.95,0.03589797019958496,0,105.59999999999546,105.40799999999902,0.19199999999644035,481,0.15101899953151587,0.15112999972188845,8.817371000986896,2200.90307800092,22,0.0,21,8.448005676269531,461,73.97731899982318,16000.0,0.064
106.2,running,487.421875,0.0,364.74554511867626,25,71.05,1.0366802215576172,0,105.59999999999546,105.40799999999902,0.19199999999644035,481,0.15101899953151587,0.15112999972188845,8.817371000986896,2200.90307800092,22,0.0,21,8.448005676269531,461,73.97731899982318,16000.0,0.064
107.2,running,487.40625,0.0,343.73212062099833,25,69.95,0.03703808784484863,0,107.64799999999524,107.391999999999,0.25599999999623435,485,0.1559270003781421,0.1559270003781421,2.3741210006846813,2200.90307800092,23,0.0,23,3.4560012817382812,614,73.97731899982318,16000.0,0.064
108.2,running,487.578125,0.0,237.7778864453221,25,68.85,1.0377898216247559,0,107.64799999999524,107.391999999999,0.25599999999623435,485,0.1559270003781421,0.1559270003781421,2.3741210006846813,2200.90307800092,23,0.0,23,3.4560012817382812,614,73.97731899982318,16000.0,0.064
109.2,running,487.34375,0.0,306.7515171605388,25,68.3,0.03923392295837402,0,109.63199999999502,109.56799999999893,0.06399999999608497,498,0.1547230003779987,0.2115379993483657,2.3144910010159947,2200.90307800092,24,0.0,23,3.4560012817382812,614,73.97731899982318,16000.0,0.064
110.21,running,487.421875,0.0,275.6929329125108,25,67.75,1.0424690246582031,0,109.63199999999502,109.56799999999893,0.06399999999608497,498,0.1547230003779987,0.2115379993483657,2.3144910010159947,2200.90307800092,24,0.0,23,3.4560012817382812,614,73.97731899982318,16000.0,0.064
111.21,running,487.421875,0.0,347.7765191567198,25,67.75,0.041799068450927734,0,111.6159999999948,110.9119999999989,0.7039999999959008,505,0.1611300012882566,0.2115379993483657,3.162273000270943,2200.90307800092,24,0.0,23,3.4560012817382812,614,73.97731899982318,16000.0,0.064
112.21,running,520.203125,0.0,344.66071702410045,25,70.5,1.0429553985595703,0,111.6159999999948,110.9119999999989,0.7039999999959008,505,0.1611300012882566,0.2115379993483657,3.162273000270943,2200.90307800092,24,0.0,23,3.4560012817382812,614,73.97731899982318,16000.0,0.064
113.21,running,551.421875,0.0,343.6083033708373,25,69.4,0.03945517539978027,0,113.59999999999458,112.19199999999888,1.4079999999956954,507,0.15877800069574732,0.2115379993483657,4.933686999720521,2200.90307800092,24,0.0,23,3.4560012817382812,614,73.97731899982318,16000.0,0.064
114.21,running,551.34375,0.0,346.69404077587967,25,68.85,1.0402283668518066,0,113.59999999999458,112.19199999999888,1.4079999999956954,507,0.15877800069574732,0.2115379993483657,4.933686999720521,2200.90307800092,24,0.0,23,3.4560012817382812,614,73.97731899982318,16000.0,0.064
115.21,running,530.0625,0.0,361.71870221670696,25,69.4,0.04072690010070801,0,115.64799999999435,114.94399999999887,0.7039999999954887,511,0.1604450008017011,0.2115379993483657,4.558407999866176,2200.90307800092,24,0.0,23,3.4560012817382812,614,73.97731899982318,16000.0,0.064
116.22,running,511.109375,0.0,356.73122724330597,25,69.4,1.0442326068878174,0,115.64799999999435,114.94399999999887,0.7039999999954887,511,0.1604450008017011,0.2115379993483657,4.558407999866176,2200.90307800092,24,0.0,23,3.4560012817382812,614,73.97731899982318,16000.0,0.064
117.22,running,555.8125,0.0,344.6210498685814,25,71.05,0.04440474510192871,0,117.63199999999414,115.77599999999886,1.8559999999952765,513,0.15850099953240715,0.2115379993483657,3.0914759990992025,2200.90307800092,24,0.0,23,3.4560012817382812,614,73.97731899982318,16000.0,0.064
118.22,running,552.640625,0.0,348.5649449384561,25,69.4,1.0456244945526123,0,117.63199999999414,115.77599999999886,1.8559999999952765,513,0.15850099953240715,0.2115379993483657,3.0914759990992025,2200.90307800092,24,0.0,23,3.4560012817382812,614,73.97731899982318,16000.0,0.064
119.22,running,547.53125,0.0,349.6408471734551,25,69.4,0.046280622482299805,0,119.61599999999392,117.88799999999885,1.7279999999950633,515,0.15914899995550513,0.2115379993483657,8.32010900012392,2200.90307800092,24,0.0,23,3.4560012817382812,614,73.97731899982318,16000.0,0.064
120.22,running,488.6875,0.0,361.32110270727156,25,70.5,1.0505526065826416,0,119.61599999999392,117.88799999999885,1.7279999999950633,515,0.15914899995550513,0.2115379993483657,8.32010900012392,2200.90307800092,24,0.0,23,3.4560012817382812,614,73.97731899982318,16000.0,0.064
121.22,running,519.640625,0.0,350.69642735340574,25,70.5,0.05083942413330078,0,121.66399999999369,121.02399999999885,0.639999999994842,517,0.16088900156319141,0.2115379993483657,12.649664999116794,3105.076026000461,25,0.0,24,10.047996520996094,2382,73.97731899982318,16000.0,0.064
122.23,running,510.265625,0.0,343.92871056035847,25,69.4,1.053966760635376,0,121.66399999999369,121.02399999999885,0.639999999994842,517,0.16088900156319141,0.2115379993483657,12.649664999116794,3105.076026000461,25,0.0,24,10.047996520996094,2382,73.97731899982318,16000.0,0.064
123.23,running,552.4375,0.0,358.60594585645237,25,69.4,0.054068803787231445,0,123.64799999999347,122.87999999999884,0.767999999994629,519,0.16503799997735769,0.2115379993483657,7.4246240001230035,3105.076026000461,25,0.0,24,10.047996520996094,2382,73.97731899982318,16000.0,0.064
124.23,running,488.515625,0.0,345.7453157023492,25,68.85,1.054781436920166,0,123.64799999999347,122.87999999999884,0.767999999994629,519,0.16503799997735769,0.2115379993483657,7.4246240001230035,3105.076026000461,25,0.0,24,10.047996520996094,2382,73.97731899982318,16000.0,0.064
125.23,running,488.609375,0.0,352.785867797977,25,70.5,0.05079221725463867,0,125.63199999999325,124.92799999999883,0.7039999999944229,521,0.1646489999984624,0.2115379993483657,8.136368000123184,3105.076026000461,25,0.0,24,10.047996520996094,2382,73.97731899982318,16000.0,0.064
126.23,running,552.609375,0.0,346.45571253277046,25,69.95,1.0528273582458496,0,125.63199999999325,124.92799999999883,0.7039999999944229,521,0.1646489999984624,0.2115379993483657,8.136368000123184,3105.076026000461,25,0.0,24,10.047996520996094,2382,73.97731899982318,16000.0,0.064
127.24,running,552.734375,0.0,347.61663838260847,25,68.85,0.055871009826660156,0,127.61599999999304,127.35999999999882,0.2559999999942164,523,0.1656300009926781,0.2115379993483657,9.812005000640056,3105.076026000461,25,0.0,24,10.047996520996094,2382,73.97731899982318,16000.0,0.064
128.24,running,555.453125,0.0,347.7585877273292,25,68.85,1.0570180416107178,0,127.61599999999304,127.35999999999882,0.2559999999942164,523,0.1656300009926781,0.2115379993483657,9.812005000640056,3105.076026000461,25,0.0,24,10.047996520996094,2382,73.97731899982318,16000.0,0.064
129.24,running,488.71875,0.0,357.5773000071114,25,69.4,0.0572206974029541,0,129.66399999999282,127.35999999999882,2.303999999994005,523,0.1656300009926781,0.2115379993483657,9.812005000640056,3105.076026000461,25,0.0,24,10.047996520996094,2382,73.97731899982318,16000.0,0.064
130.24,running,532.171875,0.0,350.5992700192314,25,70.5,1.061518669128418,0,129.66399999999282,127.35999999999882,2.303999999994005,523,0.1656300009926781,0.2115379993483657,9.812005000640056,3105.076026000461,25,0.0,24,10.047996520996094,2382,73.97731899982318,16000.0,0.064
131.24,running,488.953125,0.0,336.62373915231984,25,70.5,0.061980485916137695,0,131.6479999999926,131.2639999999988,0.3839999999938186,527,0.1605380002729362,0.2115379993483657,4.419889000928379,3105.076026000461,26,0.0,25,9.056007385253906,2114,73.97731899982318,16000.0,0.064
132.24,running,488.875,0.0,363.6663670198978,25,70.5,1.0625789165496826,0,131.6479999999926,131.2639999999988,0.3839999999938186,527,0.1605380002729362,0.2115379993483657,4.419889000928379,3105.076026000461,26,0.0,25,9.056007385253906,2114,73.97731899982318,16000.0,0.064
133.25,running,491.109375,0.0,358.48835355555786,25,71.05,0.06644344329833984,0,133.6319999999924,133.37599999999875,0.25599999999363376,533,0.16888900063349865,0.2115379993483657,3.382810999028152,3105.076026000461,26,0.0,25,9.056007385253906,2114,73.97731899982318,16000.0,0.064
134.25,running,488.875,0.0,361.72858816779757,25,70.5,1.06699800491333,0,133.6319999999924,133.37599999999875,0.25599999999363376,533,0.16888900063349865,0.2115379993483657,3.382810999028152,3105.076026000461,26,0.0,25,9.056007385253906,2114,73.97731899982318,16000.0,0.064
135.25,running,504.359375,0.0,332.95467813337984,25,70.5,0.07006359100341797,0,135.61599999999217,135.3599999999987,0.25599999999346323,539,0.16805599989311304,0.2115379993483657,2.3696019998169504,3105.076026000461,26,0.0,26,8.672004699707031,572,73.97731899982318,16000.0,0.064
136.25,running,552.953125,0.0,318.6409786060484,25,69.95,1.071195363998413,0,135.61599999999217,135.3599999999987,0.25599999999346323,539,0.16805599989311304,0.2115379993483657,2.3696019998169504,3105.076026000461,26,0.0,26,8.672004699707031,572,73.97731899982318,16000.0,0.064
137.25,running,532.390625,0.0,313.6473490349452,25,69.95,0.0714871883392334,0,137.59999999999195,136.89599999999865,0.7039999999933002,547,0.1735559999360703,0.2115379993483657,0.2820940007950412,3105.076026000461,27,0.0,26,8.672004699707031,572,73.97731899982318,16000.0,0.064
138.26,running,528.3125,0.0,318.6438730919196,25,69.95,1.0726754665374756,0,137.59999999999195,136.89599999999865,0.7039999999933002,547,0.1735559999360703,0.2115379993483657,0.2820940007950412,3105.076026000461,27,0.0,26,8.672004699707031,572,73.97731899982318,16000.0,0.064
139.26,running,552.953125,0.0,338.4278964929112,25,69.95,0.07277631759643555,0,139.64799999999173,139.00799999999862,0.6399999999931083,553,0.1782790004654089,0.2115379993483657,2.0664530002250103,3105.076026000461,28,0.0,27,2.5279998779296875,615,73.97731899982318,16000.0,0.064
140.26,running,488.875,0.0,340.63602393664576,25,71.05,1.0740480422973633,0,139.64799999999173,139.00799999999862,0.6399999999931083,553,0.1782790004654089,0.2115379993483657,2.0664530002250103,3105.076026000461,28,0.0,27,2.5279998779296875,615,73.97731899982318,16000.0,0.064
141.26,running,501.84375,0.0,353.52303167467795,25,69.95,0.07463312149047852,0,141.6319999999915,141.24799999999857,0.38399999999293755,559,0.17605599896342028,0.2115379993483657,2.390935998846544,3105.076026000461,28,0.0,27,2.5279998779296875,615,73.97731899982318,16000.0,0.064
142.26,running,488.875,0.0,346.6011715774488,25,70.5,1.075714349746704,0,141.6319999999915,141.24799999999857,0.38399999999293755,559,0.17605599896342028,0.2115379993483657,2.390935998846544,3105.076026000461,28,0.0,27,2.5279998779296875,615,73.97731899982318,16000.0,0.064
143.27,running,488.875,0.0,347.4736791254756,25,70.5,0.07918000221252441,0,143.6159999999913,143.16799999999856,0.44799999999273155,563,0.1806110012694262,0.2115379993483657,2.3636030000488972,3105.076026000461,29,0.0,28,5.1840057373046875,267,73.97731899982318,16000.0,0.064
144.27,running,488.953125,0.0,335.80990204366765,25,70.5,1.079866886138916,0,143.6159999999913,143.16799999999856,0.44799999999273155,563,0.1806110012694262,0.2115379993483657,2.3636030000488972,3105.076026000461,29,0.0,28,5.1840057373046875,267,73.97731899982318,16000.0,0.064
145.27,running,488.875,0.0,333.75986778594086,25,70.5,0.0803983211517334,0,145.66399999999106,145.53599999999852,0.12799999999253941,571,0.1791299982869532,0.2115379993483657,2.331121000679559,3105.076026000461,29,0.0,28,5.1840057373046875,267,73.97731899982318,16000.0,0.064
146.27,running,488.953125,0.0,347.5711500313328,25,69.95,1.0810751914978027,0,145.66399999999106,145.53599999999852,0.12799999999253941,571,0.1791299982869532,0.2115379993483657,2.331121000679559,3105.076026000461,29,0.0,28,5.1840057373046875,267,73.97731899982318,16000.0,0.064
147.27,running,488.875,0.0,352.7427940644463,25,69.95,0.08126497268676758,0,147.64799999999084,147.3919999999985,0.2559999999923548,575,0.17887100148072932,0.2115379993483657,4.501945000811247,3105.076026000461,29,0.0,28,5.1840057373046875,267,73.97731899982318,16000.0,0.064
148.27,running,488.875,0.0,352.7834005174369,25,70.5,1.0818674564361572,0,147.64799999999084,147.3919999999985,0.2559999999923548,575,0.17887100148072932,0.2115379993483657,4.501945000811247,3105.076026000461,29,0.0,28,5.1840057373046875,267,73.97731899982318,16000.0,0.064
149.27,running,488.953125,0.0,342.7941490277649,25,69.95,0.0818488597869873,0,149.63199999999063,149.24799999999846,0.38399999999217016,581,0.18898199959949125,0.2115379993483657,1.9609530008892762,3105.076026000461,30,0.0,29,5.88800048828125,248,73.97731899982318,16000.0,0.064
150.28,running,516.859375,0.0,332.86008303250355,25,70.5,1.085798978805542,0,149.63199999999063,149.24799999999846,0.38399999999217016,581,0.18898199959949125,0.2115379993483657,1.9609530008892762,3105.076026000461,30,0.0,29,5.88800048828125,248,73.97731899982318,16000.0,0.064
151.28,running,488.953125,0.0,348.5520938290095,25,70.5,0.08602499961853027,0,151.6799999999904,150.91199999999844,0.7679999999919573,585,0.18522299978940282,0.2115379993483657,3.393087999938871,3105.076026000461,30,0.0,29,5.88800048828125,248,73.97731899982318,16000.0,0.064
152.28,running,488.953125,0.0,337.8032711447439,25,71.05,1.0868291854858398,0,151.6799999999904,150.91199999999844,0.7679999999919573,585,0.18522299978940282,0.2115379993483657,3.393087999938871,3105.076026000461,30,0.0,29,5.88800048828125,248,73.97731899982318,16000.0,0.064
153.28,running,488.875,0.0,347.70193981357386,25,71.05,0.08697676658630371,0,153.66399999999018,153.4719999999984,0.1919999999917934,591,0.18311200074094813,0.2248900000267895,2.652547998877708,3105.076026000461,30,0.0,29,5.88800048828125,248,73.97731899982318,16000.0,0.064
154.28,running,552.953125,0.0,348.506621615599,25,69.4,1.0888299942016602,0,153.66399999999018,153.4719999999984,0.1919999999917934,591,0.18311200074094813,0.2248900000267895,2.652547998877708,3105.076026000461,30,0.0,29,5.88800048828125,248,73.97731899982318,16000.0,0.064
155.28,running,488.953125,0.0,351.594721604963,25,71.05,0.08857536315917969,0,155.64799999998996,155.13599999999838,0.5119999999915876,593,0.18616799934534356,0.2248900000267895,6.516194000141695,3105.076026000461,30,0.0,29,5.88800048828125,248,73.97731899982318,16000.0,0.064
156.28,running,488.953125,0.0,345.7236371673711,25,69.95,1.0891902446746826,0,155.64799999998996,155.13599999999838,0.5119999999915876,593,0.18616799934534356,0.2248900000267895,6.516194000141695,3105.076026000461,30,0.0,29,5.88800048828125,248,73.97731899982318,16000.0,0.064
157.29,running,488.875,0.0,348.78624495435935,25,71.6,0.08922958374023438,0,157.63199999998974,157.43999999999838,0.19199999999136708,595,0.19116800103802234,0.2248900000267895,9.124594000240904,3105.076026000461,31,0.0,30,7.23199462890625,1880,73.97731899982318,16000.0,0.064
158.29,running,536.546875,0.0,352.78258714782055,25,70.5,1.090301513671875,0,157.63199999998974,157.43999999999838,0.19199999999136708,595,0.19116800103802234,0.2248900000267895,9.124594000240904,3105.076026000461,31,0.0,30,7.23199462890625,1880,73.97731899982318,16000.0,0.064
159.29,running,488.875,0.0,296.4132153593252,25,71.6,0.09034037590026855,0,159.67999999998952,159.48799999999832,0.19199999999119655,604,0.1923709987750044,0.2248900000267895,0.25840899979812093,3105.076026000461,31,0.0,30,7.23199462890625,1880,73.97731899982318,16000.0,0.064
160.29,running,488.953125,0.0,327.7889828921553,25,69.95,1.090951681137085,0,159.67999999998952,159.48799999999832,0.19199999999119655,604,0.1923709987750044,0.2248900000267895,0.25840899979812093,3105.076026000461,31,0.0,30,7.23199462890625,1880,73.97731899982318,16000.0,0.064
161.29,running,553.671875,0.0,269.1037124117655,25,69.95,0.09377050399780273,0,161.6639999999893,161.53599999999827,0.12799999999103306,615,0.1947050004673656,0.22779699975217227,0.2712420009629568,3105.076026000461,32,0.0,31,5.4399871826171875,440,73.97731899982318,16000.0,0.064
162.29,running,488.875,0.0,286.81511094855864,25,69.95,1.094513177871704,0,161.6639999999893,161.53599999999827,0.12799999999103306,615,0.1947050004673656,0.22779699975217227,0.2712420009629568,3105.076026000461,32,0.0,31,5.4399871826171875,440,73.97731899982318,16000.0,0.064
163.29,running,545.484375,0.0,336.7485303410213,25,69.4,0.09467196464538574,0,163.64799999998908,163.0719999999982,0.57599999999087,624,0.19461200099613052,0.22779699975217227,0.28451999969547614,3105.076026000461,32,0.0,31,5.4399871826171875,440,73.97731899982318,16000.0,0.064
164.29,running,552.953125,0.0,344.6176153950629,25,69.95,1.0956664085388184,0,163.64799999998908,163.0719999999982,0.57599999999087,624,0.19461200099613052,0.22779699975217227,0.28451999969547614,3105.076026000461,32,0.0,31,5.4399871826171875,440,73.97731899982318,16000.0,0.064
165.3,running,488.875,0.0,342.0262934945181,25,71.05,0.09825277328491211,0,165.63199999998886,165.63199999999816,0.0,632,0.19931600036215968,0.22779699975217227,2.584769999884884,3105.076026000461,33,0.0,32,3.135986328125,502,73.97731899982318,16000.0,0.064
166.3,running,488.875,0.0,264.66585988099956,25,68.85,1.09889817237854,0,165.63199999998886,165.63199999999816,0.0,632,0.19931600036215968,0.22779699975217227,2.584769999884884,3105.076026000461,33,0.0,32,3.135986328125,502,73.97731899982318,16000.0,0.064
167.3,running,488.875,0.0,316.7980080059365,25,67.75,0.09930586814880371,0,167.67999999998864,167.16799999999807,0.5119999999905644,643,0.1880569998320425,0.22779699975217227,0.2683530001377221,3105.076026000461,33,0.0,32,3.135986328125,502,73.97731899982318,16000.0,0.064
168.3,running,488.96875,0.0,354.687607825577,25,69.95,1.1001250743865967,0,167.67999999998864,167.16799999999807,0.5119999999905644,643,0.1880569998320425,0.22779699975217227,0.2683530001377221,3105.076026000461,33,0.0,32,3.135986328125,502,73.97731899982318,16000.0,0.064
169.3,running,488.890625,0.0,328.7334238205909,25,69.95,0.09994697570800781,0,169.66399999998842,168.83199999999806,0.8319999999903587,650,0.19875999896612484,0.22779699975217227,0.2648530007718364,3105.076026000461,33,0.0,32,3.135986328125,502,73.97731899982318,16000.0,0.064
170.31,running,488.890625,0.0,355.50643605131364,25,71.6,1.104353904724121,0,169.66399999998842,168.83199999999806,0.8319999999903587,650,0.19875999896612484,0.22779699975217227,0.2648530007718364,3105.076026000461,33,0.0,32,3.135986328125,502,73.97731899982318,16000.0,0.064
171.31,running,553.265625,0.0,353.67585890497384,25,69.95,0.10498976707458496,0,171.6479999999882,170.49599999999805,1.151999999990153,654,0.20024199875479098,0.22779699975217227,2.8924750004080124,3105.076026000461,33,0.0,32,3.135986328125,502,73.97731899982318,16000.0,0.064
172.31,running,552.96875,0.0,357.5817052122266,25,72.15,1.1060576438903809,0,171.6479999999882,170.49599999999805,1.151999999990153,654,0.20024199875479098,0.22779699975217227,2.8924750004080124,3105.076026000461,33,0.0,32,3.135986328125,502,73.97731899982318,16000.0,0.064
173.31,running,498.734375,0.0,350.64141375254326,25,70.5,0.10571098327636719,0,173.63199999998798,173.24799999999803,0.38399999998995327,658,0.1997599993046606,0.22779699975217227,4.678852999859373,3105.076026000461,33,0.0,32,3.135986328125,502,73.97731899982318,16000.0,0.064
174.31,running,498.734375,0.0,349.79536096896175,25,70.5,1.1066608428955078,0,173.63199999998798,173.24799999999803,0.38399999998995327,658,0.1997599993046606,0.22779699975217227,4.678852999859373,3105.076026000461,33,0.0,32,3.135986328125,502,73.97731899982318,16000.0,0.064
175.32,running,562.734375,0.0,348.5126310372402,25,69.4,0.11034345626831055,0,175.67999999998776,173.24799999999803,2.4319999999897277,658,0.1997599993046606,0.22779699975217227,4.678852999859373,3105.076026000461,33,0.0,32,3.135986328125,502,73.97731899982318,16000.0,0.064
176.32,running,497.8125,0.0,347.66662421183446,25,71.05,1.111006736755371,0,175.67999999998776,173.24799999999803,2.4319999999897277,658,0.1997599993046606,0.22779699975217227,4.678852999859373,3105.076026000461,33,0.0,32,3.135986328125,502,73.97731899982318,16000.0,0.064
177.32,running,498.0,0.0,328.783677108433,25,69.4,0.1109013557434082,0,177.66399999998754,176.31999999999803,1.3439999999895065,660,0.20381499962240923,0.22779699975217227,12.398904000292532,3105.076026000461,34,0.0,33,10.048004150390625,2585,73.97731899982318,16000.0,0.064
178.33,running,498.0,0.0,358.28700938039464,25,71.05,1.121196985244751,0,177.66399999998754,176.31999999999803,1.3439999999895065,660,0.20381499962240923,0.22779699975217227,12.398904000292532,3105.076026000461,34,0.0,33,10.048004150390625,2585,73.97731899982318,16000.0,0.064
179.33,running,564.125,0.0,345.7773315005178,25,71.05,0.12110209465026855,0,179.64799999998732,179.327999999998,0.3199999999893066,666,0.2075930005958071,0.22779699975217227,3.150328000629088,3105.076026000461,34,0.0,33,10.048004150390625,2585,73.97731899982318,16000.0,0.064
180.33,running,553.203125,0.0,356.77340857031425,25,71.05,1.1220910549163818,0,179.64799999998732,179.327999999998,0.3199999999893066,666,0.2075930005958071,0.22779699975217227,3.150328000629088,3105.076026000461,34,0.0,33,10.048004150390625,2585,73.97731899982318,16000.0,0.064
181.33,running,498.015625,0.0,346.5967142737716,25,70.5,0.11895418167114258,0,181.6959999999871,180.287999999998,1.4079999999891015,668,0.20472300093388185,0.22779699975217227,3.643553000074462,3105.076026000461,34,0.0,33,10.048004150390625,2585,73.97731899982318,16000.0,0.064
182.33,running,498.375,0.0,342.749025111047,25,70.5,1.1197168827056885,0,181.6959999999871,180.287999999998,1.4079999999891015,668,0.20472300093388185,0.22779699975217227,3.643553000074462,3105.076026000461,34,0.0,33,10.048004150390625,2585,73.97731899982318,16000.0,0.064
183.33,running,498.375,0.0,343.7471231163636,25,72.15,0.1198115348815918,0,183.67999999998688,183.55199999999797,0.12799999998890144,672,0.20809300076507498,0.22779699975217227,4.179943000053754,3105.076026000461,35,0.0,34,8.12799072265625,2123,73.97731899982318,16000.0,0.064
184.33,running,498.375,0.0,340.7838677146557,25,71.05,1.1203587055206299,0,183.67999999998688,183.55199999999797,0.12799999998890144,672,0.20809300076507498,0.22779699975217227,4.179943000053754,3105.076026000461,35,0.0,34,8.12799072265625,2123,73.97731899982318,16000.0,0.064
185.34,running,498.453125,0.0,353.7744238619802,25,69.95,0.1228642463684082,0,185.66399999998666,184.76799999999795,0.8959999999887032,674,0.20816800133616198,0.22779699975217227,4.655871000068146,3105.076026000461,35,0.0,34,8.12799072265625,2123,73.97731899982318,16000.0,0.064
186.34,running,498.390625,0.0,355.7119202988491,25,71.6,1.1234948635101318,0,185.66399999998666,184.76799999999795,0.8959999999887032,674,0.20816800133616198,0.22779699975217227,4.655871000068146,3105.076026000461,35,0.0,34,8.12799072265625,2123,73.97731899982318,16000.0,0.064
187.34,running,562.453125,0.0,346.78058533470886,25,70.5,0.12397933006286621,0,187.64799999998644,186.36799999999795,1.2799999999884903,676,0.20552000023599248,0.22779699975217227,6.3480080007138895,3105.076026000461,35,0.0,34,8.12799072265625,2123,73.97731899982318,16000.0,0.064
188.34,running,516.859375,0.0,337.6142453396566,25,71.05,1.1253106594085693,0,187.64799999998644,186.36799999999795,1.2799999999884903,676,0.20552000023599248,0.22779699975217227,6.3480080007138895,3105.076026000461,35,0.0,34,8.12799072265625,2123,73.97731899982318,16000.0,0.064
189.34,running,498.390625,0.0,351.49258214480875,25,71.6,0.12589740753173828,0,189.6959999999862,189.56799999999794,0.12799999998827616,680,0.21172299966565333,0.22779699975217227,4.456832999494509,3105.076026000461,35,0.0,34,8.12799072265625,2123,73.97731899982318,16000.0,0.064
190.34,running,498.421875,0.0,356.58081228944394,25,71.05,1.130030632019043,0,189.6959999999862,189.56799999999794,0.12799999998827616,680,0.21172299966565333,0.22779699975217227,4.456832999494509,3105.076026000461,35,0.0,34,8.12799072265625,2123,73.97731899982318,16000.0,0.064
191.35,running,498.4375,0.0,347.6092118146105,25,71.6,0.12584996223449707,0,191.679999999986,191.1679999999979,0.5119999999880918,684,0.21301999913703185,0.2543339996918803,3.618255999754183,3105.076026000461,36,0.0,35,10.047988891601562,650,73.97731899982318,16000.0,0.064
192.35,running,498.390625,0.0,313.6992806548086,25,71.05,1.1264541149139404,0,191.679999999986,191.1679999999979,0.5119999999880918,684,0.21301999913703185,0.2543339996918803,3.618255999754183,3105.076026000461,36,0.0,35,10.047988891601562,650,73.97731899982318,16000.0,0.064
193.35,running,498.390625,0.0,279.8492362613222,25,69.4,0.1264653205871582,0,193.66399999998578,193.4079999999978,0.25599999998797784,695,0.21324100089259446,0.2543339996918803,0.2711669985728804,3105.076026000461,36,0.0,35,10.047988891601562,650,73.97731899982318,16000.0,0.064
194.35,running,552.53125,0.0,237.86761596742878,25,69.4,1.1275696754455566,0,193.66399999998578,193.4079999999978,0.25599999998797784,695,0.21324100089259446,0.2543339996918803,0.2711669985728804,3105.076026000461,36,0.0,35,10.047988891601562,650,73.97731899982318,16000.0,0.064
195.35,running,498.390625,0.0,342.33983290849034,25,69.4,0.13268160820007324,0,195.64799999998556,195.07199999999773,0.5759999999878289,707,0.21150099928490818,0.2543339996918803,2.394436000031419,3105.076026000461,36,0.0,35,10.047988891601562,650,73.97731899982318,16000.0,0.064
196.35,running,498.46875,0.0,335.25146561343064,25,69.4,1.1338212490081787,0,195.64799999998556,195.07199999999773,0.5759999999878289,707,0.21150099928490818,0.2543339996918803,2.394436000031419,3105.076026000461,36,0.0,35,10.047988891601562,650,73.97731899982318,16000.0,0.064
197.36,running,498.390625,0.0,336.62028323205647,25,69.95,0.13470029830932617,0,197.69599999998533,197.63199999999767,0.06399999998765793,714,0.2135380000254372,0.25763099984033033,5.451337001431966,3105.076026000461,36,0.0,35,10.047988891601562,650,73.97731899982318,16000.0,0.064
198.36,running,533.625,0.0,361.5182335713835,25,70.5,1.1357462406158447,0,197.69599999998533,197.63199999999767,0.06399999998765793,714,0.2135380000254372,0.25763099984033033,5.451337001431966,3105.076026000461,36,0.0,35,10.047988891601562,650,73.97731899982318,16000.0,0.064
199.36,running,498.390625,0.0,330.90526215046305,25,69.4,0.13877153396606445,0,199.6799999999851,197.63199999999767,2.0479999999874394,714,0.2135380000254372,0.25763099984033033,5.451337001431966,3105.076026000461,36,0.0,35,10.047988891601562,650,73.97731899982318,16000.0,0.064
200.36,running,498.46875,0.0,375.4989079722494,25,70.5,1.1393945217132568,0,199.6799999999851,197.63199999999767,2.0479999999874394,714,0.2135380000254372,0.25763099984033033,5.451337001431966,3105.076026000461,36,0.0,35,10.047988891601562,650,73.97731899982318,16000.0,0.064
201.36,running,498.390625,0.0,326.7853369995328,25,69.95,0.13947129249572754,0,201.6639999999849,201.15199999999766,0.5119999999872391,718,0.21863099937036168,0.25763099984033033,5.441393001092365,3105.076026000461,37,0.0,36,10.047988891601562,1084,73.97731899982318,16000.0,0.064
202.36,running,517.71875,0.0,330.8119631721114,25,70.5,1.1405200958251953,0,201.6639999999849,201.15199999999766,0.5119999999872391,718,0.21863099937036168,0.25763099984033033,5.441393001092365,3105.076026000461,37,0.0,36,10.047988891601562,1084,73.97731899982318,16000.0,0.064
203.36,running,498.390625,0.0,331.6217840286899,25,69.95,0.14095306396484375,0,203.64799999998468,202.9439999999976,0.7039999999870759,725,0.2182790012739133,0.25763099984033033,2.390842999375309,3105.076026000461,37,0.0,36,10.047988891601562,1084,73.97731899982318,16000.0,0.064
204.36,running,498.390625,0.0,328.71959561076534,25,70.5,1.1414697170257568,0,203.64799999998468,202.9439999999976,0.7039999999870759,725,0.2182790012739133,0.25763099984033033,2.390842999375309,3105.076026000461,37,0.0,36,10.047988891601562,1084,73.97731899982318,16000.0,0.064
205.37,running,498.46875,0.0,308.9455022685624,25,71.05,0.14491963386535645,0,205.69599999998445,205.37599999999753,0.3199999999869192,737,0.21663000006810762,0.25763099984033033,0.2820570007315837,3105.076026000461,37,0.0,36,10.047988891601562,1084,73.97731899982318,16000.0,0.064
206.37,running,562.390625,0.0,298.66678702325663,25,70.5,1.1455636024475098,0,205.69599999998445,205.37599999999753,0.3199999999869192,737,0.21663000006810762,0.25763099984033033,0.2820570007315837,3105.076026000461,37,0.0,36,10.047988891601562,1084,73.97731899982318,16000.0,0.064
207.37,running,498.390625,0.0,347.7684637551938,25,69.4,0.14340877532958984,0,207.67999999998423,207.10399999999748,0.5759999999867489,745,0.2710009994189022,0.2710009994189022,2.3279540000658017,3105.076026000461,37,0.0,36,10.047988891601562,1084,73.97731899982318,16000.0,0.064
208.37,running,566.375,0.0,364.34487985118346,25,69.4,1.1441121101379395,0,207.67999999998423,207.10399999999748,0.5759999999867489,745,0.2710009994189022,0.2710009994189022,2.3279540000658017,3105.076026000461,37,0.0,36,10.047988891601562,1084,73.97731899982318,16000.0,0.064
209.38,running,498.390625,0.0,357.41942055370106,25,71.6,0.1481316089630127,0,209.66399999998401,209.08799999999744,0.5759999999865784,751,0.21855600061826408,0.2710009994189022,2.3443989994120784,3105.076026000461,37,0.0,36,10.047988891601562,1084,73.97731899982318,16000.0,0.064
210.38,running,498.46875,0.0,359.68907648937625,25,70.5,1.1487855911254883,0,209.66399999998401,209.08799999999744,0.5759999999865784,751,0.21855600061826408,0.2710009994189022,2.3443989994120784,3105.076026000461,37,0.0,36,10.047988891601562,1084,73.97731899982318,16000.0,0.064
211.38,running,546.765625,0.0,349.7774652802127,25,71.05,0.14932584762573242,0,211.7119999999838,209.72799999999742,1.9839999999863664,753,0.2192049996665446,0.2710009994189022,2.3718800002825446,3105.076026000461,37,0.0,36,10.047988891601562,1084,73.97731899982318,16000.0,0.064
212.38,running,562.78125,0.0,337.60642046084644,25,71.05,1.1503207683563232,0,211.7119999999838,209.72799999999742,1.9839999999863664,753,0.2192049996665446,0.2710009994189022,2.3718800002825446,3105.076026000461,37,0.0,36,10.047988891601562,1084,73.97731899982318,16000.0,0.064
213.38,running,508.109375,0.0,361.9758527499149,25,70.5,0.1554577350616455,0,213.69599999998357,212.54399999999742,1.1519999999861454,755,0.22663100025965832,0.2710009994189022,11.258417000135523,3105.076026000461,38,0.0,37,10.048004150390625,2457,73.97731899982318,16000.0,0.064
214.39,running,498.703125,0.0,335.6466402798514,25,71.05,1.1560564041137695,0,213.69599999998357,212.54399999999742,1.1519999999861454,755,0.22663100025965832,0.2710009994189022,11.258417000135523,3105.076026000461,38,0.0,37,10.048004150390625,2457,73.97731899982318,16000.0,0.064
215.39,running,498.703125,0.0,343.0862022514514,25,69.95,0.15800833702087402,0,215.67999999998335,214.8479999999974,0.8319999999859533,759,0.22753799930796959,0.27259399939794093,3.6559970012604026,3105.076026000461,39,0.0,38,1.2159881591796875,441,73.97731899982318,16000.0,0.064
216.39,running,561.15625,0.0,353.7789758774123,25,71.05,1.1590709686279297,0,215.67999999998335,214.8479999999974,0.8319999999859533,759,0.22753799930796959,0.27259399939794093,3.6559970012604026,3105.076026000461,39,0.0,38,1.2159881591796875,441,73.97731899982318,16000.0,0.064
217.39,running,498.703125,0.0,337.85505247233436,25,71.6,0.1615159511566162,0,217.66399999998313,217.4719999999974,0.19199999998573958,763,0.228205000894377,0.27259399939794093,7.054030000290368,3105.076026000461,39,0.0,38,1.2159881591796875,441,73.97731899982318,16000.0,0.064
218.39,running,498.703125,0.0,340.76629429716513,25,69.95,1.1627709865570068,0,217.66399999998313,217.4719999999974,0.19199999998573958,763,0.228205000894377,0.27259399939794093,7.054030000290368,3105.076026000461,39,0.0,38,1.2159881591796875,441,73.97731899982318,16000.0,0.064
219.4,running,498.703125,0.0,358.3741062577886,25,71.6,0.1728663444519043,0,219.7119999999829,218.68799999999737,1.0239999999855343,765,0.22792600066168234,0.27259399939794093,4.706278999947244,3105.076026000461,39,0.0,38,1.2159881591796875,441,73.97731899982318,16000.0,0.064
220.41,running,498.78125,0.0,367.087613394849,25,71.05,1.176805019378662,0,219.7119999999829,218.68799999999737,1.0239999999855343,765,0.22792600066168234,0.27259399939794093,4.706278999947244,3105.076026000461,39,0.0,38,1.2159881591796875,441,73.97731899982318,16000.0,0.064
221.41,running,498.71875,0.0,348.77221721389753,25,71.6,0.17304491996765137,0,221.6959999999827,219.77599999999737,1.919999999985322,767,0.22633399930782616,0.27259399939794093,4.120794999835198,3105.076026000461,39,0.0,38,1.2159881591796875,441,73.97731899982318,16000.0,0.064
222.41,running,498.796875,0.0,329.8009021636039,25,70.5,1.1749820709228516,0,221.6959999999827,219.77599999999737,1.919999999985322,767,0.22633399930782616,0.27259399939794093,4.120794999835198,3105.076026000461,39,0.0,38,1.2159881591796875,441,73.97731899982318,16000.0,0.064
223.41,running,505.046875,0.0,366.2215579914587,25,70.5,0.17538094520568848,0,223.67999999998247,222.78399999999735,0.895999999985122,769,0.22790799994254485,0.27259399939794093,11.929160998988664,3105.076026000461,39,0.0,39,10.047988891601562,2953,73.97731899982318,16000.0,0.064
224.42,running,498.875,0.0,349.3005675097155,25,70.5,1.1801447868347168,0,223.67999999998247,222.78399999999735,0.895999999985122,769,0.22790799994254485,0.27259399939794093,11.929160998988664,3105.076026000461,39,0.0,39,10.047988891601562,2953,73.97731899982318,16000.0,0.064
225.42,running,498.875,0.0,343.6603601221996,25,71.05,0.18065762519836426,0,225.66399999998225,224.25599999999733,1.4079999999849235,771,0.23450099979527295,0.27259399939794093,5.745043001297745,3105.076026000461,40,0.0,39,10.047988891601562,2953,73.97731899982318,16000.0,0.064
226.42,running,562.875,0.0,347.6335087637637,25,71.6,1.181711196899414,0,225.66399999998225,224.25599999999733,1.4079999999849235,771,0.23450099979527295,0.27259399939794093,5.745043001297745,3105.076026000461,40,0.0,39,10.047988891601562,2953,73.97731899982318,16000.0,0.064
227.42,running,498.875,0.0,345.628799853882,25,70.5,0.18183445930480957,0,227.71199999998203,226.11199999999732,1.5999999999847034,773,0.23185300051409286,0.27259399939794093,7.2501970007579075,3105.076026000461,40,0.0,39,10.047988891601562,2953,73.97731899982318,16000.0,0.064
228.42,running,498.796875,0.0,342.78217392539915,25,71.05,1.1831800937652588,0,227.71199999998203,226.11199999999732,1.5999999999847034,773,0.23185300051409286,0.27259399939794093,7.2501970007579075,3105.076026000461,40,0.0,39,10.047988891601562,2953,73.97731899982318,16000.0,0.064
229.42,running,498.875,0.0,364.54274184762795,25,71.05,0.18593120574951172,0,229.6959999999818,228.6079999999973,1.087999999984504,775,0.22987199918134138,0.27259399939794093,9.863319000942283,3105.076026000461,40,0.0,39,10.047988891601562,2953,73.97731899982318,16000.0,0.064
230.42,running,562.875,0.0,348.7612342229965,25,71.05,1.18693208694458,0,229.6959999999818,228.6079999999973,1.087999999984504,775,0.22987199918134138,0.27259399939794093,9.863319000942283,3105.076026000461,40,0.0,39,10.047988891601562,2953,73.97731899982318,16000.0,0.064
231.43,running,498.8125,0.0,342.6723671803206,25,71.05,0.1870131492614746,0,231.6799999999816,230.97599999999727,0.703999999984319,779,0.23644599968974944,0.27259399939794093,3.40058799883991,3105.076026000461,41,0.0,40,7.1360015869140625,511,73.97731899982318,16000.0,0.064
232.43,running,498.796875,0.0,342.79803539553825,25,71.05,1.1879281997680664,0,231.6799999999816,230.97599999999727,0.703999999984319,779,0.23644599968974944,0.27259399939794093,3.40058799883991,3105.076026000461,41,0.0,40,7.1360015869140625,511,73.97731899982318,16000.0,0.064
233.43,running,498.796875,0.0,294.7030268756599,25,71.05,0.1881265640258789,0,233.66399999998137,233.21599999999722,0.4479999999841482,787,0.24066799960564822,0.27259399939794093,0.26150099984079134,3105.076026000461,42,0.0,41,4.5439910888671875,903,73.97731899982318,16000.0,0.064
234.43,running,498.796875,0.0,314.7297120113755,25,72.15,1.188688039779663,0,233.66399999998137,233.21599999999722,0.4479999999841482,787,0.24066799960564822,0.27259399939794093,0.26150099984079134,3105.076026000461,42,0.0,41,4.5439910888671875,903,73.97731899982318,16000.0,0.064
235.43,running,498.796875,0.0,327.82453028115,25,70.5,0.18461084365844727,0,235.71199999998115,235.39199999999718,0.31999999998396333,796,0.24064900026132818,0.27259399939794093,1.8174140004703077,3105.076026000461,42,0.0,41,4.5439910888671875,903,73.97731899982318,16000.0,0.064
236.43,running,565.015625,0.0,333.88077355219275,25,72.15,1.1880719661712646,0,235.71199999998115,235.39199999999718,0.31999999998396333,796,0.24064900026132818,0.27259399939794093,1.8174140004703077,3105.076026000461,42,0.0,41,4.5439910888671875,903,73.97731899982318,16000.0,0.064
237.43,running,545.3125,0.0,361.74808478343704,25,71.05,0.18864202499389648,0,237.69599999998093,237.24799999999712,0.44799999998380713,803,0.23996399977477267,0.27259399939794093,2.697140998861869,3105.076026000461,42,0.0,41,4.5439910888671875,903,73.97731899982318,16000.0,0.064
238.44,running,498.796875,0.0,344.8472948101881,25,71.05,1.1921532154083252,0,237.69599999998093,237.24799999999712,0.44799999998380713,803,0.23996399977477267,0.27259399939794093,2.697140998861869,3105.076026000461,42,0.0,41,4.5439910888671875,903,73.97731899982318,16000.0,0.064
239.44,running,498.796875,0.0,355.5505396741898,25,72.7,0.1922140121459961,0,239.6799999999807,239.2319999999971,0.4479999999836082,809,0.2370570000493899,0.27259399939794093,2.0946940003341297,3105.076026000461,42,0.0,41,4.5439910888671875,903,73.97731899982318,16000.0,0.064
240.44,running,562.875,0.0,340.7950710634305,25,71.6,1.1932637691497803,0,239.6799999999807,239.2319999999971,0.4479999999836082,809,0.2370570000493899,0.27259399939794093,2.0946940003341297,3105.076026000461,42,0.0,41,4.5439910888671875,903,73.97731899982318,16000.0,0.064
241.44,running,562.875,0.0,340.20307525314837,25,71.6,0.19804143905639648,0,241.72799999998048,241.47199999999708,0.25599999998340195,817,0.2486299999873154,0.27259399939794093,2.108193999447394,3105.076026000461,44,0.0,43,1.343994140625,353,73.97731899982318,16000.0,0.064
242.44,running,562.875,0.0,302.64702035885773,25,71.05,1.1991848945617676,0,241.72799999998048,241.47199999999708,0.25599999998340195,817,0.2486299999873154,0.27259399939794093,2.108193999447394,3105.076026000461,44,0.0,43,1.343994140625,353,73.97731899982318,16000.0,0.064
243.45,running,499.828125,0.0,341.749537416904,25,70.5,0.20205044746398926,0,243.71199999998026,243.647999999997,0.06399999998325256,827,0.250130000495119,0.27259399939794093,1.868340999862994,3105.076026000461,44,0.0,43,1.343994140625,353,73.97731899982318,16000.0,0.064
244.45,running,562.875,0.0,338.7105058244393,25,71.05,1.2031147480010986,0,243.71199999998026,243.647999999997,0.06399999998325256,827,0.250130000495119,0.27259399939794093,1.868340999862994,3105.076026000461,44,0.0,43,1.343994140625,353,73.97731899982318,16000.0,0.064
245.45,running,498.875,0.0,355.61099144661387,25,71.6,0.20322656631469727,0,245.69599999998005,244.92799999999698,0.7679999999830613,831,0.2518900000723079,0.27259399939794093,2.1212310002738377,3105.076026000461,44,0.0,43,1.343994140625,353,73.97731899982318,16000.0,0.064
246.45,running,500.8125,0.0,344.73888959380236,25,71.6,1.2041528224945068,0,245.69599999998005,244.92799999999698,0.7679999999830613,831,0.2518900000723079,0.27259399939794093,2.1212310002738377,3105.076026000461,44,0.0,43,1.343994140625,353,73.97731899982318,16000.0,0.064
247.45,running,498.8125,0.0,348.66793632846543,25,71.6,0.20812273025512695,0,247.67999999997983,246.65599999999696,1.0239999999828626,835,0.24818599922582507,0.27259399939794093,2.385881000009249,3105.076026000461,44,0.0,43,1.343994140625,353,73.97731899982318,16000.0,0.064
248.46,running,498.796875,0.0,335.56542313014455,25,71.05,1.2141976356506348,0,247.67999999997983,246.65599999999696,1.0239999999828626,835,0.24818599922582507,0.27259399939794093,2.385881000009249,3105.076026000461,44,0.0,43,1.343994140625,353,73.97731899982318,16000.0,0.064
249.46,running,550.9375,0.0,354.7608106829865,25,70.5,0.21154212951660156,0,249.7279999999796,249.59999999999692,0.12799999998267708,839,0.2528709992475342,0.27259399939794093,3.6578479994204827,3105.076026000461,45,0.0,44,5.8560028076171875,1650,73.97731899982318,16000.0,0.064
250.46,running,562.875,0.0,336.54333963049856,25,71.05,1.2127821445465088,0,249.7279999999796,249.59999999999692,0.12799999998267708,839,0.2528709992475342,0.27259399939794093,3.6578479994204827,3105.076026000461,45,0.0,44,5.8560028076171875,1650,73.97731899982318,16000.0,0.064
251.47,running,498.796875,0.0,310.62053508302023,25,70.5,0.21245765686035156,0,251.71199999997938,251.3919999999969,0.3199999999824854,843,0.25211200045305304,0.27259399939794093,4.39224000001559,3105.076026000461,45,0.0,45,3.839996337890625,1110,73.97731899982318,16000.0,0.064
252.47,running,498.875,0.0,321.07882709248247,25,70.5,1.2154486179351807,0,251.71199999997938,251.3919999999969,0.3199999999824854,843,0.25211200045305304,0.27259399939794093,4.39224000001559,3105.076026000461,45,0.0,45,3.839996337890625,1110,73.97731899982318,16000.0,0.064
253.47,running,498.796875,0.0,299.79525602911497,25,71.05,0.21558904647827148,0,253.69599999997916,253.5039999999968,0.1919999999823574,855,0.26629700005287305,0.2944450006907573,0.2606859998195432,3105.076026000461,47,0.0,46,2.4959869384765625,188,73.97731899982318,16000.0,0.064
254.47,running,515.65625,0.0,264.8143108808847,25,69.95,1.2167954444885254,0,253.69599999997916,253.5039999999968,0.1919999999823574,855,0.26629700005287305,0.2944450006907573,0.2606859998195432,3105.076026000461,47,0.0,46,2.4959869384765625,188,73.97731899982318,16000.0,0.064
255.47,running,535.796875,0.0,294.6458892670515,25,69.95,0.2176508903503418,0,255.67999999997895,255.6799999999967,0.0,868,0.266278000708553,0.2944450006907573,2.332379999643308,3105.076026000461,47,0.0,47,2.527984619140625,582,73.97731899982318,16000.0,0.064
256.47,running,562.90625,0.0,185.7487330448708,25,70.5,1.2186942100524902,0,255.67999999997895,255.6799999999967,0.0,868,0.266278000708553,0.2944450006907573,2.332379999643308,3105.076026000461,47,0.0,47,2.527984619140625,582,73.97731899982318,16000.0,0.064
257.48,running,498.796875,0.0,334.6994963227983,25,69.95,0.22197651863098145,0,257.7279999999795,257.7279999999969,0.0,883,0.26168600015807897,0.2944450006907573,1.8486000008124392,3105.076026000461,48,0.0,47,2.527984619140625,582,73.97731899982318,16000.0,0.064
258.48,running,498.796875,0.0,296.74161520617446,25,68.85,1.2226955890655518,0,257.7279999999795,257.7279999999969,0.0,883,0.26168600015807897,0.2944450006907573,1.8486000008124392,3105.076026000461,48,0.0,47,2.527984619140625,582,73.97731899982318,16000.0,0.064
259.48,running,498.796875,0.0,340.50713872495135,25,68.3,0.22970080375671387,0,259.71199999998015,259.32799999999696,0.3839999999831889,890,0.26501899992581457,0.2944450006907573,1.8127490002370905,3105.076026000461,48,0.0,47,2.527984619140625,582,73.97731899982318,16000.0,0.064
260.48,running,498.84375,0.0,367.70369296489525,25,70.5,1.2309017181396484,0,259.71199999998015,259.32799999999696,0.3839999999831889,890,0.26501899992581457,0.2944450006907573,1.8127490002370905,3105.076026000461,48,0.0,47,2.527984619140625,582,73.97731899982318,16000.0,0.064
261.49,running,501.515625,0.0,355.5499796797221,25,70.5,0.23128771781921387,0,261.6959999999808,261.0559999999971,0.6399999999837291,897,0.2660939990164479,0.2944450006907573,2.378287999817985,3105.076026000461,48,0.0,47,2.527984619140625,582,73.97731899982318,16000.0,0.064
262.49,running,498.875,0.0,348.6128274567599,25,71.05,1.2321052551269531,0,261.6959999999808,261.0559999999971,0.6399999999837291,897,0.2660939990164479,0.2944450006907573,2.378287999817985,3105.076026000461,48,0.0,47,2.527984619140625,582,73.97731899982318,16000.0,0.064
263.49,running,498.796875,0.0,352.71774926027416,25,72.15,0.22862815856933594,0,263.6799999999815,263.6159999999971,0.06399999998438943,901,0.2660749996721279,0.2944450006907573,5.245336998996208,3105.076026000461,48,0.0,47,2.527984619140625,582,73.97731899982318,16000.0,0.064
264.49,running,562.875,0.0,351.5936423074369,25,71.6,1.232722282409668,0,263.6799999999815,263.6159999999971,0.06399999998438943,901,0.2660749996721279,0.2944450006907573,5.245336998996208,3105.076026000461,48,0.0,47,2.527984619140625,582,73.97731899982318,16000.0,0.064
265.49,running,498.8125,0.0,357.61672927700516,25,71.05,0.23252010345458984,0,265.72799999998216,265.4079999999971,0.31999999998504336,905,0.2643899988470366,0.2944450006907573,3.9351650011667516,3105.076026000461,48,0.0,47,2.527984619140625,582,73.97731899982318,16000.0,0.064
266.5,running,499.34375,0.0,358.2518379675899,25,71.6,1.2347745895385742,0,265.72799999998216,265.4079999999971,0.31999999998504336,905,0.2643899988470366,0.2944450006907573,3.9351650011667516,3105.076026000461,48,0.0,47,2.527984619140625,582,73.97731899982318,16000.0,0.064
267.5,running,562.875,0.0,346.70418020556525,25,72.15,0.2349531650543213,0,267.7119999999828,267.4559999999972,0.25599999998564726,909,0.26931600041280035,0.2944450006907573,2.8697340003418503,3105.076026000461,49,0.0,48,10.047988891601562,808,73.97731899982318,16000.0,0.064
268.5,running,515.296875,0.0,340.77454288087665,25,71.05,1.236030101776123,0,267.7119999999828,267.4559999999972,0.25599999998564726,909,0.26931600041280035,0.2944450006907573,2.8697340003418503,3105.076026000461,49,0.0,48,10.047988891601562,808,73.97731899982318,16000.0,0.064
269.5,running,528.203125,0.0,353.47523526056744,25,71.6,0.237013578414917,0,269.6959999999835,269.50399999999723,0.19199999998625117,913,0.27079699975729454,0.2944450006907573,4.154071999437292,3105.076026000461,49,0.0,48,10.047988891601562,808,73.97731899982318,16000.0,0.064
270.5,running,509.3125,0.0,344.5745042410429,25,71.05,1.2382404804229736,0,269.6959999999835,269.50399999999723,0.19199999998625117,913,0.27079699975729454,0.2944450006907573,4.154071999437292,3105.076026000461,49,0.0,48,10.047988891601562,808,73.97731899982318,16000.0,0.064
271.5,running,530.796875,0.0,344.28830459027984,25,71.6,0.2416982650756836,0,271.67999999998415,271.03999999999724,0.6399999999869124,915,0.27362999935576227,0.2944450006907573,5.9589500015135854,3105.076026000461,49,0.0,48,10.047988891601562,808,73.97731899982318,16000.0,0.064
272.51,running,498.796875,0.0,348.79863750057245,25,71.05,1.2423570156097412,0,271.67999999998415,271.03999999999724,0.6399999999869124,915,0.27362999935576227,0.2944450006907573,5.9589500015135854,3105.076026000461,49,0.0,48,10.047988891601562,808,73.97731899982318,16000.0,0.064
273.51,running,498.875,0.0,350.7478876793528,25,71.6,0.2423105239868164,0,273.72799999998483,273.3439999999973,0.383999999987509,921,0.27446400054031983,0.2944450006907573,2.353621001020656,3105.076026000461,49,0.0,48,10.047988891601562,808,73.97731899982318,16000.0,0.064
274.51,running,501.90625,0.0,358.7739505258657,25,72.7,1.243126392364502,0,273.72799999998483,273.3439999999973,0.383999999987509,921,0.27446400054031983,0.2944450006907573,2.353621001020656,3105.076026000461,49,0.0,48,10.047988891601562,808,73.97731899982318,16000.0,0.064
275.51,running,498.875,0.0,353.68675590961624,25,71.6,0.23954248428344727,0,275.7119999999855,274.6879999999974,1.0239999999881206,925,0.2747790003923001,0.2944450006907573,2.349639999010833,3105.076026000461,49,0.0,48,10.047988891601562,808,73.97731899982318,16000.0,0.064
276.51,running,498.875,0.0,356.7974432374829,25,71.6,1.240339756011963,0,275.7119999999855,274.6879999999974,1.0239999999881206,925,0.2747790003923001,0.2944450006907573,2.349639999010833,3105.076026000461,49,0.0,48,10.047988891601562,808,73.97731899982318,16000.0,0.064
277.51,running,498.796875,0.0,318.53162780560217,25,71.05,0.24478435516357422,0,277.69599999998616,277.24799999999743,0.4479999999887241,929,0.27689000125974417,0.2944450006907573,3.414644001168199,3105.076026000461,50,0.0,49,10.0479736328125,1319,73.97731899982318,16000.0,0.064
278.51,running,498.875,0.0,348.48089032019965,25,71.6,1.2454111576080322,0,277.69599999998616,277.24799999999743,0.4479999999887241,929,0.27689000125974417,0.2944450006907573,3.414644001168199,3105.076026000461,50,0.0,49,10.0479736328125,1319,73.97731899982318,16000.0,0.064
279.51,running,498.875,0.0,229.85140060988925,25,70.5,0.2457444667816162,0,279.74399999998684,279.55199999999763,0.19199999998920703,942,0.2834450006048428,0.2944450006907573,0.2561490000516642,3105.076026000461,51,0.0,50,4.54400634765625,533,73.97731899982318,16000.0,0.064
280.52,running,498.875,0.0,267.77240256213105,25,70.5,1.2463550567626953,0,279.74399999998684,279.55199999999763,0.19199999998920703,942,0.2834450006048428,0.2944450006907573,0.2561490000516642,3105.076026000461,51,0.0,50,4.54400634765625,533,73.97731899982318,16000.0,0.064
281.52,running,562.875,0.0,238.88539205447964,25,70.5,0.25055551528930664,0,281.7279999999875,281.59999999999786,0.1279999999896404,957,0.28361200020299293,0.3383720013516722,0.25557499975548126,3105.076026000461,51,0.0,50,4.54400634765625,533,73.97731899982318,16000.0,0.064
282.52,running,542.640625,0.0,340.7389180040289,25,69.95,1.2516884803771973,0,281.7279999999875,281.59999999999786,0.1279999999896404,957,0.28361200020299293,0.3383720013516722,0.25557499975548126,3105.076026000461,51,0.0,50,4.54400634765625,533,73.97731899982318,16000.0,0.064
283.52,running,498.796875,0.0,335.5262795053125,25,71.6,0.2519350051879883,0,283.71199999998817,283.0719999999979,0.6399999999902661,961,0.27814999884867575,0.3383720013516722,2.888807999624987,3105.076026000461,51,0.0,50,4.54400634765625,533,73.97731899982318,16000.0,0.064
284.52,running,498.796875,0.0,338.3797424879622,25,69.95,1.254354476928711,0,283.71199999998817,283.0719999999979,0.6399999999902661,961,0.27814999884867575,0.3383720013516722,2.888807999624987,3105.076026000461,51,0.0,50,4.54400634765625,533,73.97731899982318,16000.0,0.064
285.53,running,539.109375,0.0,342.5602790065788,25,71.6,0.2549722194671631,0,285.6959999999888,285.439999999998,0.25599999999082,970,0.2802240014716517,0.3383720013516722,0.28125999961048365,3105.076026000461,51,0.0,50,4.54400634765625,533,73.97731899982318,16000.0,0.064
286.53,running,501.015625,0.0,351.5740940013396,25,71.05,1.2561335563659668,0,285.6959999999888,285.439999999998,0.25599999999082,970,0.2802240014716517,0.3383720013516722,0.28125999961048365,3105.076026000461,51,0.0,50,4.54400634765625,533,73.97731899982318,16000.0,0.064
287.53,running,498.796875,0.0,341.59211407954507,25,71.05,0.2565889358520508,0,287.7439999999895,287.1679999999981,0.5759999999914385,976,0.2803900006256299,0.3383720013516722,2.071766999506508,3105.076026000461,51,0.0,50,4.54400634765625,533,73.97731899982318,16000.0,0.064
288.53,running,500.53125,0.0,353.46783077014067,25,71.05,1.2607626914978027,0,287.7439999999895,287.1679999999981,0.5759999999914385,976,0.2803900006256299,0.3383720013516722,2.071766999506508,3105.076026000461,51,0.0,50,4.54400634765625,533,73.97731899982318,16000.0,0.064
289.53,running,498.796875,0.0,328.71218322839076,25,69.95,0.26099157333374023,0,289.7279999999902,287.7439999999981,1.9839999999920792,978,0.28042700068908744,0.3383720013516722,2.0793229996343143,3105.076026000461,51,0.0,50,4.54400634765625,533,73.97731899982318,16000.0,0.064
290.53,running,498.84375,0.0,358.7861720522875,25,70.5,1.261655569076538,0,289.7279999999902,287.7439999999981,1.9839999999920792,978,0.28042700068908744,0.3383720013516722,2.0793229996343143,3105.076026000461,51,0.0,50,4.54400634765625,533,73.97731899982318,16000.0,0.064
291.53,running,498.796875,0.0,358.74731740339166,25,71.05,0.2589850425720215,0,291.71199999999084,289.7919999999981,1.91999999999274,980,0.27807499827758875,0.3383720013516722,8.045237000260386,3105.076026000461,51,0.0,50,4.54400634765625,533,73.97731899982318,16000.0,0.064
292.54,running,498.84375,0.0,338.6789841408723,25,71.05,1.2598481178283691,0,291.71199999999084,289.7919999999981,1.91999999999274,980,0.27807499827758875,0.3383720013516722,8.045237000260386,3105.076026000461,51,0.0,50,4.54400634765625,533,73.97731899982318,16000.0,0.064
293.54,running,498.875,0.0,355.2590561925542,25,71.6,0.2639932632446289,0,293.6959999999915,293.4399999999981,0.25599999999337797,984,0.2862229994207155,0.3383720013516722,4.153923999183462,3105.076026000461,52,0.0,51,10.0479736328125,1925,73.97731899982318,16000.0,0.064
294.54,running,498.796875,0.0,337.806170535027,25,71.05,1.264676809310913,0,293.6959999999915,293.4399999999981,0.25599999999337797,984,0.2862229994207155,0.3383720013516722,4.153923999183462,3105.076026000461,52,0.0,51,10.0479736328125,1925,73.97731899982318,16000.0,0.064
295.54,running,498.796875,0.0,328.7381262222119,25,71.05,0.26505446434020996,0,295.7439999999922,295.2959999999981,0.44799999999406737,990,0.29068599906167947,0.3383720013516722,1.8832120003935415,3105.076026000461,52,0.0,51,10.0479736328125,1925,73.97731899982318,16000.0,0.064
296.54,running,524.34375,0.0,356.699965391295,25,72.15,1.2662012577056885,0,295.7439999999922,295.2959999999981,0.44799999999406737,990,0.29068599906167947,0.3383720013516722,1.8832120003935415,3105.076026000461,52,0.0,51,10.0479736328125,1925,73.97731899982318,16000.0,0.064
297.54,running,498.796875,0.0,279.66422366691154,25,69.95,0.26632237434387207,0,297.72799999999285,297.5999999999982,0.12799999999464262,999,0.284483001451008,0.3383720013516722,1.8496920001780381,3105.076026000461,52,0.0,52,9.02398681640625,475,73.97731899982318,16000.0,0.064
298.55,running,498.875,0.0,268.78440612714746,25,71.05,1.2710208892822266,0,297.72799999999285,297.5999999999982,0.12799999999464262,999,0.284483001451008,0.3383720013516722,1.8496920001780381,3105.076026000461,52,0.0,52,9.02398681640625,475,73.97731899982318,16000.0,0.064
299.55,running,561.078125,0.0,318.75982371735984,25,68.85,0.2716493606567383,0,299.7119999999935,299.13599999999843,0.5759999999950765,1011,0.29087199982313905,0.3383720013516722,0.27748300090024713,3105.076026000461,53,0.0,52,9.02398681640625,475,73.97731899982318,16000.0,0.064
300.55,running,498.796875,0.0,330.9281666887069,25,70.5,1.2746055126190186,0,299.7119999999935,299.13599999999843,0.5759999999950765,1011,0.29087199982313905,0.3383720013516722,0.27748300090024713,3105.076026000461,53,0.0,52,9.02398681640625,475,73.97731899982318,16000.0,0.064
301.55,running,498.875,0.0,351.6314743914094,25,71.05,0.27518367767333984,0,301.7599999999942,301.5679999999985,0.19199999999568718,1017,0.2900380004575709,0.3383720013516722,2.912030000516097,3105.076026000461,53,0.0,52,9.02398681640625,475,73.97731899982318,16000.0,0.064
302.55,running,498.796875,0.0,353.67078908255775,25,71.6,1.27579665184021,0,301.7599999999942,301.5679999999985,0.19199999999568718,1017,0.2900380004575709,0.3383720013516722,2.912030000516097,3105.076026000461,53,0.0,52,9.02398681640625,475,73.97731899982318,16000.0,0.064
303.55,running,498.796875,0.0,329.7858331223011,25,72.15,0.2758505344390869,0,303.74399999999486,303.1679999999986,0.5759999999962702,1024,0.2920010010711849,0.3383720013516722,0.27937199956795666,3105.076026000461,53,0.0,52,9.02398681640625,475,73.97731899982318,16000.0,0.064
304.56,running,562.875,0.0,343.75075354786026,25,71.6,1.2768714427947998,0,303.74399999999486,303.1679999999986,0.5759999999962702,1024,0.2920010010711849,0.3383720013516722,0.27937199956795666,3105.076026000461,53,0.0,52,9.02398681640625,475,73.97731899982318,16000.0,0.064
305.56,running,498.796875,0.0,351.35663299902893,25,70.5,0.28142714500427246,0,305.7279999999955,305.21599999999864,0.5119999999968741,1030,0.28965000092284754,0.3383720013516722,3.1475870000576833,3105.076026000461,53,0.0,52,9.02398681640625,475,73.97731899982318,16000.0,0.064
306.56,running,498.796875,0.0,361.4942539944943,25,71.6,1.2821834087371826,0,305.7279999999955,305.21599999999864,0.5119999999968741,1030,0.28965000092284754,0.3383720013516722,3.1475870000576833,3105.076026000461,53,0.0,52,9.02398681640625,475,73.97731899982318,16000.0,0.064
307.56,running,567.375,0.0,354.7199932599275,25,71.6,0.2824280261993408,0,307.7119999999962,307.7119999999987,0.0,1036,0.29011200058448594,0.3383720013516722,3.664718000436551,3105.076026000461,53,0.0,52,9.02398681640625,475,73.97731899982318,16000.0,0.064
308.56,running,562.875,0.0,359.7377770615827,25,72.15,1.2835180759429932,0,307.7119999999962,307.7119999999987,0.0,1036,0.29011200058448594,0.3383720013516722,3.664718000436551,3105.076026000461,53,0.0,52,9.02398681640625,475,73.97731899982318,16000.0,0.064
309.56,running,553.359375,0.0,342.6067053178757,25,71.05,0.28435635566711426,0,309.75999999999686,309.0559999999987,0.7039999999981887,1038,0.2979830005642725,0.3383720013516722,5.196892001549713,3105.076026000461,54,0.0,53,10.0479736328125,732,73.97731899982318,16000.0,0.064
310.57,running,562.875,0.0,348.63463242731376,25,72.15,1.288149118423462,0,309.75999999999686,309.0559999999987,0.7039999999981887,1038,0.2979830005642725,0.3383720013516722,5.196892001549713,3105.076026000461,54,0.0,53,10.0479736328125,732,73.97731899982318,16000.0,0.064
311.57,running,498.8125,0.0,358.5606627908531,25,72.15,0.28565168380737305,0,311.7439999999975,310.2079999999987,1.5359999999988077,1041,0.2850559994840296,0.3383720013516722,1216.580606000207,3105.076026000461,54,0.0,53,10.0479736328125,732,73.97731899982318,16000.0,0.064
312.57,running,498.796875,0.0,347.7464733475401,25,72.15,1.2863292694091797,0,311.7439999999975,310.2079999999987,1.5359999999988077,1041,0.2850559994840296,0.3383720013516722,1216.580606000207,3105.076026000461,54,0.0,53,10.0479736328125,732,73.97731899982318,16000.0,0.064
313.57,running,522.859375,0.0,351.75571937090007,25,73.25,0.2868194580078125,0,313.7279999999982,313.34399999999874,0.3839999999994461,1047,0.2943899999081623,0.3383720013516722,2.1329900009732228,3105.076026000461,54,0.0,53,10.0479736328125,732,73.97731899982318,16000.0,0.064
314.57,running,498.796875,0.0,276.70855920048547,25,70.5,1.2874534130096436,0,313.7279999999982,313.34399999999874,0.3839999999994461,1047,0.2943899999081623,0.3383720013516722,2.1329900009732228,3105.076026000461,54,0.0,53,10.0479736328125,732,73.97731899982318,16000.0,0.064
315.57,running,498.796875,0.0,281.83779811974927,25,71.05,0.2874934673309326,0,315.71199999999885,315.58399999999887,0.1279999999999859,1060,0.3012229990417836,0.3383720013516722,0.26124199939658865,3105.076026000461,55,0.0,54,6.4639892578125,423,73.97731899982318,16000.0,0.064
316.57,running,498.796875,0.0,183.89736210099963,25,68.3,1.288074254989624,0,315.71199999999885,315.58399999999887,0.1279999999999859,1060,0.3012229990417836,0.3383720013516722,0.26124199939658865,3105.076026000461,55,0.0,54,6.4639892578125,423,73.97731899982318,16000.0,0.064
317.58,running,527.6875,0.0,282.35167791230754,25,69.95,0.29039454460144043,0,317.75999999999954,317.63199999999915,0.1280000000003838,1077,0.3024460002052365,0.3383720013516722,0.28188999931444414,3105.076026000461,56,0.0,55,2.496002197265625,390,73.97731899982318,16000.0,0.064
318.58,running,498.875,0.0,304.62643264516464,25,70.5,1.2912309169769287,0,317.75999999999954,317.63199999999915,0.1280000000003838,1077,0.3024460002052365,0.3383720013516722,0.28188999931444414,3105.076026000461,56,0.0,55,2.496002197265625,390,73.97731899982318,16000.0,0.064
319.58,running,498.796875,0.0,324.7481714655794,25,69.95,0.29438161849975586,0,319.7440000000002,319.23199999999923,0.5120000000009668,1085,0.2924450000136858,0.3383720013516722,2.0754529996338533,3105.076026000461,56,0.0,55,2.496002197265625,390,73.97731899982318,16000.0,0.064
320.58,running,498.796875,0.0,333.7685765508715,25,69.4,1.2952635288238525,0,319.7440000000002,319.23199999999923,0.5120000000009668,1085,0.2924450000136858,0.3383720013516722,2.0754529996338533,3105.076026000461,56,0.0,55,2.496002197265625,390,73.97731899982318,16000.0,0.064
321.58,running,562.875,0.0,357.70078508212566,25,71.6,0.29591846466064453,0,321.72800000000086,320.9599999999993,0.7680000000015639,1091,0.3037050009879749,0.3383720013516722,2.1238049994281027,3105.076026000461,56,0.0,55,2.496002197265625,390,73.97731899982318,16000.0,0.064
322.58,running,562.875,0.0,345.22262286427804,25,71.05,1.2981069087982178,0,321.72800000000086,320.9599999999993,0.7680000000015639,1091,0.3037050009879749,0.3383720013516722,2.1238049994281027,3105.076026000461,56,0.0,55,2.496002197265625,390,73.97731899982318,16000.0,0.064
323.59,running,499.640625,0.0,345.620192601993,25,70.5,0.30057191848754883,0,323.7120000000015,323.2639999999993,0.448000000002196,1095,0.35350199868844356,0.35350199868844356,3.627977999713039,3105.076026000461,56,0.0,55,2.496002197265625,390,73.97731899982318,16000.0,0.064
324.59,running,563.171875,0.0,339.78757873696077,25,71.6,1.3016915321350098,0,323.7120000000015,323.2639999999993,0.448000000002196,1095,0.35350199868844356,0.35350199868844356,3.627977999713039,3105.076026000461,56,0.0,55,2.496002197265625,390,73.97731899982318,16000.0,0.064
325.59,running,498.875,0.0,355.7990260054979,25,71.05,0.30039358139038086,0,325.7600000000022,325.56799999999936,0.19200000000284945,1099,0.3497239995340351,0.35350199868844356,3.6370149991853395,3105.076026000461,57,0.0,56,8.608001708984375,566,73.97731899982318,16000.0,0.064
326.59,running,498.859375,0.0,341.7983171175231,25,71.05,1.3010144233703613,0,325.7600000000022,325.56799999999936,0.19200000000284945,1099,0.3497239995340351,0.35350199868844356,3.6370149991853395,3105.076026000461,57,0.0,56,8.608001708984375,566,73.97731899982318,16000.0,0.064
327.59,running,498.796875,0.0,348.7807173777826,25,71.6,0.3011500835418701,0,327.74400000000287,327.2319999999994,0.5120000000034679,1103,0.3099650002695853,0.35350199868844356,3.3987539991358062,3105.076026000461,57,0.0,56,8.608001708984375,566,73.97731899982318,16000.0,0.064
328.59,running,498.796875,0.0,245.82654454436232,25,71.05,1.3023366928100586,0,327.74400000000287,327.2319999999994,0.5120000000034679,1103,0.3099650002695853,0.35350199868844356,3.3987539991358062,3105.076026000461,57,0.0,56,8.608001708984375,566,73.97731899982318,16000.0,0.064
329.6,running,498.875,0.0,342.5329782062481,25,70.5,0.3025963306427002,0,329.72800000000353,329.59999999999957,0.12800000000396494,1116,0.3002600005856948,0.35350199868844356,2.8419009995559463,3105.076026000461,57,0.0,56,8.608001708984375,566,73.97731899982318,16000.0,0.064
330.6,running,498.796875,0.0,353.77491813742074,25,69.95,1.3031327724456787,0,329.72800000000353,329.59999999999957,0.12800000000396494,1116,0.3002600005856948,0.35350199868844356,2.8419009995559463,3105.076026000461,57,0.0,56,8.608001708984375,566,73.97731899982318,16000.0,0.064
331.6,running,511.359375,0.0,296.3467439061785,25,71.05,0.3053920269012451,0,331.7120000000042,331.6479999999997,0.064000000004512,1127,0.3082230014115339,0.35350199868844356,0.28053899950464256,3105.076026000461,57,0.0,56,8.608001708984375,566,73.97731899982318,16000.0,0.064
332.6,running,498.796875,0.0,342.5958167612299,25,71.05,1.3060777187347412,0,331.7120000000042,331.6479999999997,0.064000000004512,1127,0.3082230014115339,0.35350199868844356,0.28053899950464256,3105.076026000461,57,0.0,56,8.608001708984375,566,73.97731899982318,16000.0,0.064
333.6,running,498.796875,0.0,342.7890054828569,25,71.05,0.30593204498291016,0,333.7600000000049,333.3759999999997,0.3840000000051873,1133,0.3102789996773936,0.35350199868844356,1.8215809996036114,3105.076026000461,57,0.0,56,8.608001708984375,566,73.97731899982318,16000.0,0.064
334.6,running,527.828125,0.0,357.6090798418141,25,72.7,1.3103103637695312,0,333.7600000000049,333.3759999999997,0.3840000000051873,1133,0.3102789996773936,0.35350199868844356,1.8215809996036114,3105.076026000461,57,0.0,56,8.608001708984375,566,73.97731899982318,16000.0,0.064
335.61,running,562.875,0.0,216.74502635298902,25,68.85,0.3110792636871338,0,335.74400000000554,335.74399999999986,5.6843418860808015e-12,1145,0.3170199997839518,0.3564279995771358,0.2568339987192303,3105.076026000461,59,0.0,58,0.608001708984375,265,73.97731899982318,16000.0,0.064
336.61,running,563.46875,0.0,340.57645979553604,25,71.05,1.3117954730987549,0,335.74400000000554,335.74399999999986,5.6843418860808015e-12,1145,0.3170199997839518,0.3564279995771358,0.2568339987192303,3105.076026000461,59,0.0,58,0.608001708984375,265,73.97731899982318,16000.0,0.064
337.61,running,499.046875,0.0,275.5181372376108,25,70.5,0.3131999969482422,0,337.7280000000062,337.72799999999995,6.252776074688882e-12,1155,0.32237199957307894,0.3564279995771358,1.3151719995221356,3105.076026000461,60,0.0,59,1.951995849609375,303,73.97731899982318,16000.0,0.064
338.61,running,498.8125,0.0,344.61833686544486,25,71.05,1.3175764083862305,0,337.7280000000062,337.72799999999995,6.252776074688882e-12,1155,0.32237199957307894,0.3564279995771358,1.3151719995221356,3105.076026000461,60,0.0,59,1.951995849609375,303,73.97731899982318,16000.0,0.064
339.61,running,498.875,0.0,338.61439236334917,25,71.6,0.3177788257598877,0,339.71200000000687,339.584,0.12800000000686396,1161,0.32098200063046534,0.3564279995771358,4.735222999443067,3105.076026000461,60,0.0,59,1.951995849609375,303,73.97731899982318,16000.0,0.064
340.61,running,498.796875,0.0,335.80132985930953,25,70.5,1.3183321952819824,0,339.71200000000687,339.584,0.12800000000686396,1161,0.32098200063046534,0.3564279995771358,4.735222999443067,3105.076026000461,60,0.0,59,1.951995849609375,303,73.97731899982318,16000.0,0.064
341.61,running,498.796875,0.0,352.8002889296209,25,72.15,0.3147919178009033,0,341.76000000000755,341.05600000000004,0.7040000000075111,1163,0.3204650001862319,0.3564279995771358,5.74400500045158,3105.076026000461,60,0.0,59,1.951995849609375,303,73.97731899982318,16000.0,0.064
342.62,running,498.796875,0.0,362.7437016233045,25,70.5,1.3161466121673584,0,341.76000000000755,341.05600000000004,0.7040000000075111,1163,0.3204650001862319,0.3564279995771358,5.74400500045158,3105.076026000461,60,0.0,59,1.951995849609375,303,73.97731899982318,16000.0,0.064
343.62,running,509.796875,0.0,348.266683681036,25,71.05,0.32031822204589844,0,343.7440000000082,343.29600000000005,0.44800000000816453,1169,0.32413100052508526,0.3564279995771358,1.8304340010217857,3105.076026000461,60,0.0,59,1.951995849609375,303,73.97731899982318,16000.0,0.064
344.62,running,499.328125,0.0,297.6940589226732,25,71.6,1.3211278915405273,0,343.7440000000082,343.29600000000005,0.44800000000816453,1169,0.32413100052508526,0.3564279995771358,1.8304340010217857,3105.076026000461,60,0.0,59,1.951995849609375,303,73.97731899982318,16000.0,0.064
345.62,running,498.796875,0.0,327.7129179126757,25,69.4,0.32182931900024414,0,345.7280000000089,345.4080000000002,0.3200000000086902,1179,0.32887199995457195,0.3564279995771358,1.8470449995220406,3105.076026000461,61,0.0,60,8.2559814453125,268,73.97731899982318,16000.0,0.064
346.62,running,555.015625,0.0,340.58386339601816,25,71.6,1.3229830265045166,0,345.7280000000089,345.4080000000002,0.3200000000086902,1179,0.32887199995457195,0.3564279995771358,1.8470449995220406,3105.076026000461,61,0.0,60,8.2559814453125,268,73.97731899982318,16000.0,0.064
347.63,running,564.359375,0.0,357.25446966650475,25,71.6,0.3265564441680908,0,347.77600000000956,347.2000000000003,0.5760000000092873,1186,0.3236129996366799,0.3564279995771358,2.1200460014370037,3105.076026000461,61,0.0,60,8.2559814453125,268,73.97731899982318,16000.0,0.064
348.63,running,498.875,0.0,215.85700358513452,25,69.95,1.3272502422332764,0,347.77600000000956,347.2000000000003,0.5760000000092873,1186,0.3236129996366799,0.3564279995771358,2.1200460014370037,3105.076026000461,61,0.0,60,8.2559814453125,268,73.97731899982318,16000.0,0.064
349.63,running,498.84375,0.0,248.83097583653662,25,69.95,0.3271942138671875,0,349.7600000000102,349.76000000000056,9.663381206337363e-12,1205,0.3299830004834803,0.3564279995771358,0.26087100013683084,3105.076026000461,62,0.0,61,4.415985107421875,344,73.97731899982318,16000.0,0.064
350.63,running,499.375,0.0,233.85408931328104,25,69.4,1.3280017375946045,0,349.7600000000102,349.76000000000056,9.663381206337363e-12,1205,0.3299830004834803,0.3564279995771358,0.26087100013683084,3105.076026000461,62,0.0,61,4.415985107421875,344,73.97731899982318,16000.0,0.064
351.64,running,498.796875,0.0,253.46751714178052,25,69.4,0.3333563804626465,0,351.7440000000109,351.36000000000075,0.3840000000101327,1220,0.32814899896038696,0.3564279995771358,0.25631599964981433,3105.076026000461,62,0.0,61,4.415985107421875,344,73.97731899982318,16000.0,0.064
352.64,running,563.015625,0.0,217.86659048259995,25,68.3,1.3340532779693604,0,351.7440000000109,351.36000000000075,0.3840000000101327,1220,0.32814899896038696,0.3564279995771358,0.25631599964981433,3105.076026000461,62,0.0,61,4.415985107421875,344,73.97731899982318,16000.0,0.064
353.64,running,498.796875,0.0,283.8033211767545,25,69.4,0.333935022354126,0,353.72800000001155,353.40800000000104,0.3200000000105092,1235,0.33050099955289625,0.3564279995771358,0.29053800062683877,3105.076026000461,63,0.0,62,4.191986083984375,413,73.97731899982318,16000.0,0.064
354.64,running,498.796875,0.0,269.830952796948,25,69.4,1.3349409103393555,0,353.72800000001155,353.40800000000104,0.3200000000105092,1235,0.33050099955289625,0.3564279995771358,0.29053800062683877,3105.076026000461,63,0.0,62,4.191986083984375,413,73.97731899982318,16000.0,0.064
355.64,running,498.796875,0.0,228.77216991364804,25,68.3,0.3314225673675537,0,355.77600000001223,355.45600000000127,0.32000000001096396,1250,0.33209399953193497,0.3564279995771358,0.26316699950257316,3105.076026000461,63,0.0,62,4.191986083984375,413,73.97731899982318,16000.0,0.064
356.64,running,498.796875,0.0,266.80916954419115,25,68.3,1.3323187828063965,0,355.77600000001223,355.45600000000127,0.32000000001096396,1250,0.33209399953193497,0.3564279995771358,0.26316699950257316,3105.076026000461,63,0.0,62,4.191986083984375,413,73.97731899982318,16000.0,0.064
357.64,running,562.875,0.0,356.43994611906874,25,69.4,0.33628082275390625,0,357.7600000000129,357.50400000000144,0.2560000000114542,1263,0.3311500004201662,0.3564279995771358,1.8139150015485939,3105.076026000461,63,0.0,62,4.191986083984375,413,73.97731899982318,16000.0,0.064
358.65,running,565.109375,0.0,345.6570791422152,25,71.05,1.3370106220245361,0,357.7600000000129,357.50400000000144,0.2560000000114542,1263,0.3311500004201662,0.3564279995771358,1.8139150015485939,3105.076026000461,63,0.0,62,4.191986083984375,413,73.97731899982318,16000.0,0.064
359.65,running,498.796875,0.0,274.81168556763186,25,70.5,0.3370785713195801,0,359.74400000001356,359.7440000000015,1.2050804798491299e-11,1272,0.3311119999125367,0.3564279995771358,0.268722998953308,3105.076026000461,64,0.0,63,6.751983642578125,467,73.97731899982318,16000.0,0.064
360.65,running,503.25,0.0,223.8629032239885,25,68.85,1.3376941680908203,0,359.74400000001356,359.7440000000015,1.2050804798491299e-11,1272,0.3311119999125367,0.3564279995771358,0.268722998953308,3105.076026000461,64,0.0,63,6.751983642578125,467,73.97731899982318,16000.0,0.064
361.65,running,498.796875,0.0,323.4487856949399,25,67.75,0.336519718170166,0,361.7280000000142,361.34400000000176,0.38400000001246326,1285,0.339260999680846,0.3564279995771358,0.27142699946125504,3105.076026000461,64,0.0,63,6.751983642578125,467,73.97731899982318,16000.0,0.064
362.65,running,498.796875,0.0,334.73939667630975,25,69.4,1.3371877670288086,0,361.7280000000142,361.34400000000176,0.38400000001246326,1285,0.339260999680846,0.3564279995771358,0.27142699946125504,3105.076026000461,64,0.0,63,6.751983642578125,467,73.97731899982318,16000.0,0.064
363.65,running,498.796875,0.0,344.8931750309751,25,69.4,0.3399837017059326,0,363.7760000000149,362.94400000000184,0.8320000000130676,1289,0.3362420011399081,0.3564279995771358,3.664200001367135,3105.076026000461,64,0.0,63,6.751983642578125,467,73.97731899982318,16000.0,0.064
364.65,running,511.0,0.0,355.7424271856292,25,69.95,1.3411037921905518,0,363.7760000000149,362.94400000000184,0.8320000000130676,1289,0.3362420011399081,0.3564279995771358,3.664200001367135,3105.076026000461,64,0.0,63,6.751983642578125,467,73.97731899982318,16000.0,0.064
365.65,running,536.375,0.0,341.6020377253499,25,70.5,0.3418285846710205,0,365.76000000001557,365.24800000000187,0.5120000000136997,1293,0.3396499996597413,0.3564279995771358,5.228003001320758,3105.076026000461,64,0.0,63,6.751983642578125,467,73.97731899982318,16000.0,0.064
366.66,running,501.046875,0.0,343.57443633466346,25,71.05,1.3427016735076904,0,365.76000000001557,365.24800000000187,0.5120000000136997,1293,0.3396499996597413,0.3564279995771358,5.228003001320758,3105.076026000461,64,0.0,63,6.751983642578125,467,73.97731899982318,16000.0,0.064
367.66,running,540.5,0.0,351.7171399315347,25,69.95,0.34331250190734863,0,367.74400000001623,366.7200000000019,1.0240000000143255,1295,0.3437980012677144,0.3564279995771358,5.691985999874305,3105.076026000461,64,0.0,63,6.751983642578125,467,73.97731899982318,16000.0,0.064
368.66,running,498.796875,0.0,335.5583226999736,25,69.95,1.3443691730499268,0,367.74400000001623,366.7200000000019,1.0240000000143255,1295,0.3437980012677144,0.3564279995771358,5.691985999874305,3105.076026000461,64,0.0,63,6.751983642578125,467,73.97731899982318,16000.0,0.064
369.66,running,520.875,0.0,336.69524602195054,25,70.5,0.344921350479126,0,369.7280000000169,369.53600000000193,0.1920000000149571,1299,0.3448530005698558,0.3564279995771358,2.865530001145089,3105.076026000461,65,0.0,64,8.063995361328125,1967,73.97731899982318,16000.0,0.064
370.66,running,498.796875,0.0,341.59786211500926,25,71.6,1.3456597328186035,0,369.7280000000169,369.53600000000193,0.1920000000149571,1299,0.3448530005698558,0.3564279995771358,2.865530001145089,3105.076026000461,65,0.0,64,8.063995361328125,1967,73.97731899982318,16000.0,0.064
371.66,running,498.796875,0.0,346.7628201259103,25,71.6,0.3461623191833496,0,371.7760000000176,371.392000000002,0.38400000001558965,1305,0.3445940001256531,0.3564279995771358,1.876674999948591,3105.076026000461,65,0.0,64,8.063995361328125,1967,73.97731899982318,16000.0,0.064
372.66,running,498.796875,0.0,328.6553312664672,25,68.3,1.3467676639556885,0,371.7760000000176,371.392000000002,0.38400000001558965,1305,0.3445940001256531,0.3564279995771358,1.876674999948591,3105.076026000461,65,0.0,64,8.063995361328125,1967,73.97731899982318,16000.0,0.064
373.66,running,515.078125,0.0,287.15579097700885,25,70.5,0.3495628833770752,0,373.76000000001824,373.69600000000213,0.06400000001610806,1316,0.3480569994280813,0.40300199907505885,0.27953800054092426,3105.076026000461,66,0.0,65,5.152008056640625,437,73.97731899982318,16000.0,0.064
374.67,running,498.796875,0.0,240.73244346252864,25,69.4,1.350207805633545,0,373.76000000001824,373.69600000000213,0.06400000001610806,1316,0.3480569994280813,0.40300199907505885,0.27953800054092426,3105.076026000461,66,0.0,65,5.152008056640625,437,73.97731899982318,16000.0,0.064
375.67,running,562.875,0.0,260.2337059407586,25,67.75,0.3521609306335449,0,375.7440000000189,375.74400000000236,1.6541434888495132e-11,1332,0.352261000443832,0.40300199907505885,0.26459299988346174,3105.076026000461,67,0.0,66,2.496002197265625,186,73.97731899982318,16000.0,0.064
376.67,running,563.6875,0.0,258.7039947696955,25,69.95,1.352889060974121,0,375.7440000000189,375.74400000000236,1.6541434888495132e-11,1332,0.352261000443832,0.40300199907505885,0.26459299988346174,3105.076026000461,67,0.0,66,2.496002197265625,186,73.97731899982318,16000.0,0.064
377.67,running,499.5625,0.0,333.7726520934999,25,68.85,0.35031867027282715,0,377.7920000000196,377.3440000000025,0.44800000001708895,1341,0.354093999703764,0.40300199907505885,2.162990000215359,3105.076026000461,67,0.0,66,2.496002197265625,186,73.97731899982318,16000.0,0.064
378.67,running,498.84375,0.0,242.84807230281956,25,67.75,1.3510215282440186,0,377.7920000000196,377.3440000000025,0.44800000001708895,1341,0.354093999703764,0.40300199907505885,2.162990000215359,3105.076026000461,67,0.0,66,2.496002197265625,186,73.97731899982318,16000.0,0.064
379.67,running,498.796875,0.0,80.94154539193282,25,67.75,0.35071682929992676,0,379.77600000002025,379.77600000000285,1.7394086171407253e-11,1364,0.3555940002115676,0.40300199907505885,0.2580009986559162,3105.076026000461,68,0.0,68,1.823974609375,163,73.97731899982318,16000.0,0.064
380.67,running,498.796875,0.0,1.9989188527540922,25,63.9,1.351264238357544,0,379.77600000002025,379.77600000000285,1.7394086171407253e-11,1364,0.3555940002115676,0.40300199907505885,0.2580009986559162,3105.076026000461,68,0.0,68,1.823974609375,163,73.97731899982318,16000.0,0.064
381.68,running,498.796875,0.0,28.876888439602414,25,64.45,0.3566126823425293,0,381.7600000000209,381.7600000000035,1.7394086171407253e-11,1395,0.35079699955531396,0.40300199907505885,0.25572300000931136,3105.076026000461,68,0.0,68,1.823974609375,163,73.97731899982318,16000.0,0.064
382.68,running,498.796875,0.0,224.51834550812856,25,64.45,1.357877254486084,0,381.7600000000209,381.7600000000035,1.7394086171407253e-11,1395,0.35079699955531396,0.40300199907505885,0.25572300000931136,3105.076026000461,68,0.0,68,1.823974609375,163,73.97731899982318,16000.0,0.064
383.68,running,498.796875,0.0,232.7045996620096,25,64.45,0.3558511734008789,0,383.7440000000216,383.5520000000038,0.19200000001779927,1413,0.36483399890130386,0.40300199907505885,0.25720399935380556,3105.076026000461,70,0.0,69,1.1519775390625,280,73.97731899982318,16000.0,0.064
384.68,running,498.859375,0.0,280.84154470664294,25,66.65,1.3564705848693848,0,383.7440000000216,383.5520000000038,0.19200000001779927,1413,0.36483399890130386,0.40300199907505885,0.25720399935380556,3105.076026000461,70,0.0,69,1.1519775390625,280,73.97731899982318,16000.0,0.064
385.68,running,498.796875,0.0,303.8113914578812,25,67.75,0.3565199375152588,0,385.79200000002226,385.66400000000397,0.12800000001828948,1427,0.36346399974718224,0.40300199907505885,0.26876099946093746,3105.076026000461,70,0.0,69,1.1519775390625,280,73.97731899982318,16000.0,0.064
386.68,running,498.796875,0.0,275.8555201196432,25,66.65,1.3571052551269531,0,385.79200000002226,385.66400000000397,0.12800000001828948,1427,0.36346399974718224,0.40300199907505885,0.26876099946093746,3105.076026000461,70,0.0,69,1.1519775390625,280,73.97731899982318,16000.0,0.064
387.68,running,498.796875,0.0,207.87907383263388,25,65.0,0.357119083404541,0,387.7760000000229,387.7120000000042,0.06400000001872286,1442,0.3673529990919633,0.40300199907505885,0.25801999981922563,3105.076026000461,71,0.0,70,3.26397705078125,341,73.97731899982318,16000.0,0.064
388.68,running,498.796875,0.0,191.8989703732401,25,65.55,1.3576631546020508,0,387.7760000000229,387.7120000000042,0.06400000001872286,1442,0.3673529990919633,0.40300199907505885,0.25801999981922563,3105.076026000461,71,0.0,70,3.26397705078125,341,73.97731899982318,16000.0,0.064
389.68,running,498.796875,0.0,189.89649767363153,25,65.55,0.3577456474304199,0,389.7600000000236,389.76000000000454,1.9042545318370685e-11,1464,0.3827420005109161,0.4328169998188969,0.2582040015113307,3105.076026000461,73,0.0,72,1.343994140625,118,75.01711799886834,16000.0,0.064
390.68,running,562.875,0.0,246.85509827898636,25,66.65,1.3586692810058594,0,389.7600000000236,389.76000000000454,1.9042545318370685e-11,1464,0.3827420005109161,0.4328169998188969,0.2582040015113307,3105.076026000461,73,0.0,72,1.343994140625,118,75.01711799886834,16000.0,0.064
391.69,running,498.875,0.0,314.51558926493226,25,66.65,0.36051177978515625,0,391.74400000002424,391.29600000000477,0.4480000000194764,1477,0.37998300103936344,0.4328169998188969,0.2743719996942673,3105.076026000461,73,0.0,72,1.343994140625,118,75.01711799886834,16000.0,0.064
392.69,running,498.875,0.0,243.05522126485042,25,67.2,1.3643782138824463,0,391.74400000002424,391.29600000000477,0.4480000000194764,1477,0.37998300103936344,0.4328169998188969,0.2743719996942673,3105.076026000461,73,0.0,72,1.343994140625,118,75.01711799886834,16000.0,0.064
393.69,running,551.21875,0.0,314.81576635033906,25,67.2,0.36498403549194336,0,393.7920000000249,393.3440000000049,0.4480000000200448,1489,0.3806869990512496,0.4328169998188969,1.8785449992719805,3105.076026000461,74,0.0,73,2.975982666015625,458,75.01711799886834,16000.0,0.064
394.69,running,563.96875,0.0,314.6261514537226,25,68.3,1.3660593032836914,0,393.7920000000249,393.3440000000049,0.4480000000200448,1489,0.3806869990512496,0.4328169998188969,1.8785449992719805,3105.076026000461,74,0.0,73,2.975982666015625,458,75.01711799886834,16000.0,0.064
395.7,running,498.796875,0.0,339.8957458847064,25,68.3,0.3712022304534912,0,395.7760000000256,395.392000000005,0.38400000002059187,1499,0.381871999707073,0.4328169998188969,1.8889699986175401,3105.076026000461,74,0.0,73,2.975982666015625,458,75.01711799886834,16000.0,0.064
396.7,running,498.796875,0.0,302.7437365092341,25,68.3,1.3720195293426514,0,395.7760000000256,395.392000000005,0.38400000002059187,1499,0.381871999707073,0.4328169998188969,1.8889699986175401,3105.076026000461,74,0.0,73,2.975982666015625,458,75.01711799886834,16000.0,0.064
397.7,running,498.796875,0.0,343.7428085368187,25,67.75,0.373504638671875,0,397.76000000002625,396.9920000000051,0.7680000000211749,1506,0.3771129995584488,0.4328169998188969,2.0706559989775997,3105.076026000461,74,0.0,73,2.975982666015625,458,75.01711799886834,16000.0,0.064
398.7,running,498.796875,0.0,299.28143276210994,25,67.2,1.3742313385009766,0,397.76000000002625,396.9920000000051,0.7680000000211749,1506,0.3771129995584488,0.4328169998188969,2.0706559989775997,3105.076026000461,74,0.0,73,2.975982666015625,458,75.01711799886834,16000.0,0.064
399.71,running,498.875,0.0,109.5579944067884,25,65.55,0.37810683250427246,0,399.7440000000269,399.7440000000053,2.1600499167107046e-11,1521,0.44783599878428504,0.44783599878428504,0.27279700043436605,3105.076026000461,75,0.0,74,6.272003173828125,826,75.01711799886834,16000.0,0.064
400.71,running,498.796875,0.0,28.97324306515445,25,63.9,1.3787035942077637,0,399.7440000000269,399.7440000000053,2.1600499167107046e-11,1521,0.44783599878428504,0.44783599878428504,0.27279700043436605,3105.076026000461,75,0.0,74,6.272003173828125,826,75.01711799886834,16000.0,0.064
401.72,running,499.03125,0.0,125.23728091383404,25,65.0,0.3846242427825928,0,401.7920000000276,401.53600000000586,0.25600000002174284,1547,0.3798910001933109,0.44783599878428504,0.25777900009416044,3105.076026000461,75,0.0,75,1.02398681640625,191,75.01711799886834,16000.0,0.064
402.72,running,498.796875,0.0,151.851859551757,25,64.45,1.385451316833496,0,401.7920000000276,401.53600000000586,0.25600000002174284,1547,0.3798910001933109,0.44783599878428504,0.25777900009416044,3105.076026000461,75,0.0,75,1.02398681640625,191,75.01711799886834,16000.0,0.064
403.72,running,498.796875,0.0,212.15414186049023,25,63.35,0.3889462947845459,0,403.77600000002826,403.58400000000614,0.19200000002211937,1569,0.401964000047883,0.44783599878428504,0.2564269998401869,3105.076026000461,77,0.0,76,0.99200439453125,165,75.01711799886834,16000.0,0.064
404.72,running,498.796875,0.0,193.82931855419133,25,64.45,1.3907454013824463,0,403.77600000002826,403.58400000000614,0.19200000002211937,1569,0.401964000047883,0.44783599878428504,0.2564269998401869,3105.076026000461,77,0.0,76,0.99200439453125,165,75.01711799886834,16000.0,0.064
405.72,running,498.796875,0.0,128.77895015939131,25,62.8,0.38695502281188965,0,405.7600000000289,405.6320000000065,0.12800000002243905,1590,0.4098899989912752,0.4952060007781256,0.2565380000305595,3105.076026000461,79,0.0,79,1.0880126953125,138,75.01711799886834,16000.0,0.064
406.72,running,498.796875,0.0,281.8543804979043,25,63.9,1.3874967098236084,0,405.7600000000289,405.6320000000065,0.12800000002243905,1590,0.4098899989912752,0.4952060007781256,0.2565380000305595,3105.076026000461,79,0.0,79,1.0880126953125,138,75.01711799886834,16000.0,0.064
407.72,running,498.875,0.0,328.80138587894385,25,66.1,0.39171791076660156,0,407.8080000000296,407.80800000000676,2.2851054382044822e-11,1605,0.4052240001328755,0.4952060007781256,2.3259909994521877,3105.076026000461,80,0.0,79,1.0880126953125,138,75.01711799886834,16000.0,0.064
408.73,running,499.734375,0.0,291.59615405549,25,67.2,1.3926057815551758,0,407.8080000000296,407.80800000000676,2.2851054382044822e-11,1605,0.4052240001328755,0.4952060007781256,2.3259909994521877,3105.076026000461,80,0.0,79,1.0880126953125,138,75.01711799886834,16000.0,0.064
409.73,running,498.796875,0.0,343.68061245175943,25,67.2,0.3898458480834961,0,409.79200000003027,409.5360000000069,0.2560000000233913,1613,0.41879800119204447,0.4952060007781256,2.6297699987480883,3105.076026000461,80,0.0,79,1.0880126953125,138,75.01711799886834,16000.0,0.064
410.73,running,498.796875,0.0,286.787549217567,25,66.65,1.3906183242797852,0,409.79200000003027,409.5360000000069,0.2560000000233913,1613,0.41879800119204447,0.4952060007781256,2.6297699987480883,3105.076026000461,80,0.0,79,1.0880126953125,138,75.01711799886834,16000.0,0.064
411.73,running,498.796875,0.0,278.7775204843071,25,66.65,0.3915119171142578,0,411.77600000003093,411.584000000007,0.19200000002393836,1624,0.42076099998666905,0.4952060007781256,0.28992799889238086,3105.076026000461,81,0.0,80,5.824005126953125,238,75.01711799886834,16000.0,0.064
412.74,running,498.796875,0.0,326.3620083357034,25,67.75,1.3953099250793457,0,411.77600000003093,411.584000000007,0.19200000002393836,1624,0.42076099998666905,0.4952060007781256,0.28992799889238086,3105.076026000461,81,0.0,80,5.824005126953125,238,75.01711799886834,16000.0,0.064
413.74,running,498.796875,0.0,313.75147463318007,25,67.75,0.3969118595123291,0,413.7600000000316,413.24800000000715,0.5120000000244431,1633,0.4284090009605279,0.4952060007781256,2.3753799996484304,3105.076026000461,81,0.0,80,5.824005126953125,238,75.01711799886834,16000.0,0.064
414.74,running,535.03125,0.0,350.2007693526153,25,67.75,1.3981170654296875,0,413.7600000000316,413.24800000000715,0.5120000000244431,1633,0.4284090009605279,0.4952060007781256,2.3753799996484304,3105.076026000461,81,0.0,80,5.824005126953125,238,75.01711799886834,16000.0,0.064
415.74,running,534.75,0.0,356.55116198810515,25,68.3,0.3988370895385742,0,415.8080000000323,415.4240000000072,0.3840000000250825,1639,0.4313530007493682,0.4952060007781256,2.140824000889552,3105.076026000461,81,0.0,80,5.824005126953125,238,75.01711799886834,16000.0,0.064
416.74,running,498.8125,0.0,340.47709697697417,25,66.65,1.3997917175292969,0,415.8080000000323,415.4240000000072,0.3840000000250825,1639,0.4313530007493682,0.4952060007781256,2.140824000889552,3105.076026000461,81,0.0,80,5.824005126953125,238,75.01711799886834,16000.0,0.064
417.74,running,498.796875,0.0,332.7859896557096,25,68.85,0.3998708724975586,0,417.79200000003294,416.3200000000072,1.47200000002573,1641,0.46931700126151554,0.4952060007781256,3.3636989992373856,3105.076026000461,81,0.0,80,5.824005126953125,238,75.01711799886834,16000.0,0.064
418.75,running,498.875,0.0,354.96175176295554,25,68.85,1.406123399734497,0,417.79200000003294,416.3200000000072,1.47200000002573,1641,0.46931700126151554,0.4952060007781256,3.3636989992373856,3105.076026000461,81,0.0,80,5.824005126953125,238,75.01711799886834,16000.0,0.064
419.75,running,498.796875,0.0,339.5928672053683,25,68.85,0.4078037738800049,0,419.7760000000336,417.85600000000727,1.9200000000263344,1644,0.4235950000293087,0.4952060007781256,0.3016120008396683,3105.076026000461,81,0.0,80,5.824005126953125,238,75.01711799886834,16000.0,0.064
420.75,running,562.875,0.0,364.16652406461225,25,69.4,1.4091365337371826,0,419.7760000000336,417.85600000000727,1.9200000000263344,1644,0.4235950000293087,0.4952060007781256,0.3016120008396683,3105.076026000461,81,0.0,80,5.824005126953125,238,75.01711799886834,16000.0,0.064
421.76,running,498.796875,0.0,358.4630934298517,25,69.95,0.40904808044433594,0,421.76000000003427,421.2480000000073,0.5120000000269442,1648,0.42068600123457145,0.4952060007781256,4.968223000105354,3105.076026000461,81,0.0,80,5.824005126953125,238,75.01711799886834,16000.0,0.064
422.76,running,530.796875,0.0,349.56308669138974,25,69.95,1.4096484184265137,0,421.76000000003427,421.2480000000073,0.5120000000269442,1648,0.42068600123457145,0.4952060007781256,4.968223000105354,3105.076026000461,81,0.0,80,5.824005126953125,238,75.01711799886834,16000.0,0.064
423.76,running,498.796875,0.0,343.79512011109983,25,69.95,0.40926384925842285,0,423.80800000003495,423.2960000000073,0.5120000000276264,1652,0.43439100045361556,0.4952060007781256,2.6015479998022784,3105.076026000461,82,0.0,81,10.0479736328125,885,75.01711799886834,16000.0,0.064
424.76,running,498.796875,0.0,342.73224625890964,25,70.5,1.4100663661956787,0,423.80800000003495,423.2960000000073,0.5120000000276264,1652,0.43439100045361556,0.4952060007781256,2.6015479998022784,3105.076026000461,82,0.0,81,10.0479736328125,885,75.01711799886834,16000.0,0.064
425.76,running,521.9375,0.0,357.7206366378719,25,71.05,0.41089463233947754,0,425.7920000000356,425.02400000000733,0.7680000000282803,1656,0.4296690003684489,0.4952060007781256,3.921867000826751,3105.076026000461,82,0.0,81,10.0479736328125,885,75.01711799886834,16000.0,0.064
426.76,running,498.875,0.0,350.38499566752876,25,69.4,1.414806604385376,0,425.7920000000356,425.02400000000733,0.7680000000282803,1656,0.4296690003684489,0.4952060007781256,3.921867000826751,3105.076026000461,82,0.0,81,10.0479736328125,885,75.01711799886834,16000.0,0.064
427.76,running,498.796875,0.0,350.79191900338236,25,71.05,0.41489434242248535,0,427.7760000000363,426.3680000000073,1.4080000000289488,1658,0.4310389995225705,0.4952060007781256,5.234521000602399,3105.076026000461,82,0.0,81,10.0479736328125,885,75.01711799886834,16000.0,0.064
428.77,running,498.875,0.0,355.62112836226,25,69.4,1.4157261848449707,0,427.7760000000363,426.3680000000073,1.4080000000289488,1658,0.4310389995225705,0.4952060007781256,5.234521000602399,3105.076026000461,82,0.0,81,10.0479736328125,885,75.01711799886834,16000.0,0.064
429.77,running,511.734375,0.0,343.7960629256913,25,70.5,0.416226863861084,0,429.82400000003696,429.63200000000734,0.1920000000296227,1662,0.42516800021985546,0.4952060007781256,6.783231001463719,3105.076026000461,82,0.0,81,10.0479736328125,885,75.01711799886834,16000.0,0.064
430.77,running,528.5,0.0,349.51839894773576,25,69.95,1.419844150543213,0,429.82400000003696,429.63200000000734,0.1920000000296227,1662,0.42516800021985546,0.4952060007781256,6.783231001463719,3105.076026000461,82,0.0,81,10.0479736328125,885,75.01711799886834,16000.0,0.064
431.77,running,498.796875,0.0,341.84080552225305,25,70.5,0.41901707649230957,0,431.8080000000376,429.63200000000734,2.1760000000302853,1662,0.42516800021985546,0.4952060007781256,6.783231001463719,3105.076026000461,82,0.0,81,10.0479736328125,885,75.01711799886834,16000.0,0.064
432.77,running,498.875,0.0,368.71380766088146,25,70.5,1.424015760421753,0,431.8080000000376,429.63200000000734,2.1760000000302853,1662,0.42516800021985546,0.4952060007781256,6.783231001463719,3105.076026000461,82,0.0,81,10.0479736328125,885,75.01711799886834,16000.0,0.064
433.78,running,554.296875,0.0,335.3361412067587,25,70.5,0.4216611385345459,0,433.7920000000383,433.60000000000736,0.1920000000309301,1666,0.464743001430179,0.4952060007781256,6.213599001057446,3105.076026000461,83,0.0,82,10.048004150390625,460,75.01711799886834,16000.0,0.064
434.78,running,498.796875,0.0,351.617034548399,25,71.05,1.4223222732543945,0,433.7920000000383,433.60000000000736,0.1920000000309301,1666,0.464743001430179,0.4952060007781256,6.213599001057446,3105.076026000461,83,0.0,82,10.048004150390625,460,75.01711799886834,16000.0,0.064
435.78,running,498.875,0.0,264.8399180412991,25,69.4,0.42273426055908203,0,435.77600000003895,435.39200000000744,0.3840000000315058,1675,0.4783349995705066,0.4952060007781256,0.2568340005382197,3105.076026000461,83,0.0,83,5.183990478515625,277,75.01711799886834,16000.0,0.064
436.79,running,498.796875,0.0,313.0033766343739,25,69.4,1.4352271556854248,0,435.77600000003895,435.39200000000744,0.3840000000315058,1675,0.4783349995705066,0.4952060007781256,0.2568340005382197,3105.076026000461,83,0.0,83,5.183990478515625,277,75.01711799886834,16000.0,0.064
437.79,running,498.875,0.0,348.7316175416518,25,70.5,0.4351828098297119,0,437.82400000003963,437.1200000000075,0.7040000000321243,1682,0.4419090000737924,0.4952060007781256,2.5893990004988154,3105.076026000461,84,0.0,83,5.183990478515625,277,75.01711799886834,16000.0,0.064
438.79,running,562.875,0.0,342.79911868818607,25,69.95,1.4363553524017334,0,437.82400000003963,437.1200000000075,0.7040000000321243,1682,0.4419090000737924,0.4952060007781256,2.5893990004988154,3105.076026000461,84,0.0,83,5.183990478515625,277,75.01711799886834,16000.0,0.064
439.8,running,498.8125,0.0,339.8393246650859,25,69.95,0.43816089630126953,0,439.8080000000403,439.5520000000076,0.2560000000327136,1688,0.4369830003270181,0.4952060007781256,4.180091000307584,3105.076026000461,84,0.0,83,5.183990478515625,277,75.01711799886834,16000.0,0.064
440.8,running,498.796875,0.0,351.6128171138882,25,71.05,1.4420733451843262,0,439.8080000000403,439.5520000000076,0.2560000000327136,1688,0.4369830003270181,0.4952060007781256,4.180091000307584,3105.076026000461,84,0.0,83,5.183990478515625,277,75.01711799886834,16000.0,0.064
441.81,running,498.796875,0.0,341.77064128833143,25,69.95,0.4537618160247803,0,441.79200000004096,440.8960000000076,0.8960000000333821,1690,0.4387059998407494,0.4952060007781256,5.20890900043014,3105.076026000461,84,0.0,83,5.183990478515625,277,75.01711799886834,16000.0,0.064
442.81,running,498.875,0.0,346.7625124113734,25,71.6,1.4546756744384766,0,441.79200000004096,440.8960000000076,0.8960000000333821,1690,0.4387059998407494,0.4952060007781256,5.20890900043014,3105.076026000461,84,0.0,83,5.183990478515625,277,75.01711799886834,16000.0,0.064
443.81,running,498.875,0.0,349.68981149954874,25,69.4,0.4546177387237549,0,443.7760000000416,443.45600000000763,0.32000000003398554,1697,0.4334090008342173,0.4952060007781256,2.910475001044688,3105.076026000461,84,0.0,83,5.183990478515625,277,75.01711799886834,16000.0,0.064
444.81,running,559.03125,0.0,346.7817075036549,25,69.95,1.4557604789733887,0,443.7760000000416,443.45600000000763,0.32000000003398554,1697,0.4334090008342173,0.4952060007781256,2.910475001044688,3105.076026000461,84,0.0,83,5.183990478515625,277,75.01711799886834,16000.0,0.064
445.82,running,498.796875,0.0,336.5985372416303,25,70.5,0.45241785049438477,0,445.8240000000423,443.45600000000763,2.3680000000346695,1697,0.4334090008342173,0.4952060007781256,2.910475001044688,3105.076026000461,84,0.0,83,5.183990478515625,277,75.01711799886834,16000.0,0.064
446.82,running,513.859375,0.0,363.454773846253,25,70.5,1.4569017887115479,0,445.8240000000423,443.45600000000763,2.3680000000346695,1697,0.4334090008342173,0.4952060007781256,2.910475001044688,3105.076026000461,84,0.0,83,5.183990478515625,277,75.01711799886834,16000.0,0.064
447.82,running,498.875,0.0,346.59768985099345,25,70.5,0.45716357231140137,0,447.80800000004297,446.20800000000764,1.6000000000353225,1699,0.44666899884759914,0.4952060007781256,10.902414000156568,3105.076026000461,84,0.0,83,5.183990478515625,277,75.01711799886834,16000.0,0.064
448.82,running,557.984375,0.0,349.6668583974091,25,70.5,1.4583919048309326,0,447.80800000004297,446.20800000000764,1.6000000000353225,1699,0.44666899884759914,0.4952060007781256,10.902414000156568,3105.076026000461,84,0.0,83,5.183990478515625,277,75.01711799886834,16000.0,0.064
449.82,running,498.28125,0.0,335.5651448199755,25,70.5,0.4564695358276367,0,449.79200000004363,446.20800000000764,3.584000000035985,1699,0.44666899884759914,0.4952060007781256,10.902414000156568,3105.076026000461,84,0.0,83,5.183990478515625,277,75.01711799886834,16000.0,0.064
450.83,running,524.40625,0.0,356.3680016889573,25,71.05,1.4609413146972656,0,449.79200000004363,446.20800000000764,3.584000000035985,1699,0.44666899884759914,0.4952060007781256,10.902414000156568,3105.076026000461,84,0.0,83,5.183990478515625,277,75.01711799886834,16000.0,0.064
451.83,running,562.359375,0.0,353.53451312638174,25,71.6,0.461228609085083,0,451.8400000000443,450.11200000000764,1.7280000000366726,1701,0.4350950002844911,0.4952060007781256,15.701119000368635,3860.014586998659,85,0.0,84,10.048004150390625,2995,75.01711799886834,16000.0,0.064
452.83,running,498.4375,0.0,343.58974800026186,25,69.95,1.4619560241699219,0,451.8400000000443,450.11200000000764,1.7280000000366726,1701,0.4350950002844911,0.4952060007781256,15.701119000368635,3860.014586998659,85,0.0,84,10.048004150390625,2995,75.01711799886834,16000.0,0.064
453.83,running,498.4375,0.0,345.75831010028315,25,70.5,0.4616832733154297,0,453.824000000045,453.6320000000077,0.19200000003729656,1707,0.4580200002237689,0.4952060007781256,1.8904709995695157,3860.014586998659,88,0.0,87,2.496002197265625,207,75.01711799886834,16000.0,0.064
454.83,running,498.4375,0.0,336.77560910571464,25,69.95,1.4664580821990967,0,453.824000000045,453.6320000000077,0.19200000003729656,1707,0.4580200002237689,0.4952060007781256,1.8904709995695157,3860.014586998659,88,0.0,87,2.496002197265625,207,75.01711799886834,16000.0,0.064
455.84,running,518.078125,0.0,369.24125222213775,25,72.15,0.4670572280883789,0,455.80800000004564,455.68000000000774,0.12800000003790046,1713,0.45042800047667697,0.4952060007781256,2.11773000046378,3860.014586998659,88,0.0,87,2.496002197265625,207,75.01711799886834,16000.0,0.064
456.84,running,498.4375,0.0,340.610582305341,25,72.7,1.4678561687469482,0,455.80800000004564,455.68000000000774,0.12800000003790046,1713,0.45042800047667697,0.4952060007781256,2.11773000046378,3860.014586998659,88,0.0,87,2.496002197265625,207,75.01711799886834,16000.0,0.064
457.84,running,521.15625,0.0,173.83824125681932,25,68.85,0.4684786796569824,0,457.7920000000463,457.6000000000078,0.19200000003849027,1722,0.45166800009610597,0.4952060007781256,0.2557600000727689,3860.014586998659,88,0.0,88,6.399993896484375,279,75.01711799886834,16000.0,0.064
458.84,running,498.4375,0.0,276.6271845640626,25,68.85,1.4695391654968262,0,457.7920000000463,457.6000000000078,0.19200000003849027,1722,0.45166800009610597,0.4952060007781256,0.2557600000727689,3860.014586998659,88,0.0,88,6.399993896484375,279,75.01711799886834,16000.0,0.064
459.84,running,498.4375,0.0,322.71937593617054,25,69.95,0.4686117172241211,0,459.840000000047,459.64800000000804,0.19200000003894502,1737,0.4563170004985295,0.4952060007781256,0.27196399969398044,3860.014586998659,90,0.0,89,1.5360107421875,315,75.01711799886834,16000.0,0.064
460.84,running,498.484375,0.0,288.7869950442632,25,69.4,1.4694578647613525,0,459.840000000047,459.64800000000804,0.19200000003894502,1737,0.4563170004985295,0.4952060007781256,0.27196399969398044,3860.014586998659,90,0.0,89,1.5360107421875,315,75.01711799886834,16000.0,0.064
461.85,running,498.4375,0.0,219.80269608789928,25,68.3,0.4694805145263672,0,461.82400000004765,461.82400000000825,3.9392489270539954e-11,1752,0.46389099952648394,0.4952060007781256,0.25490799998806324,3860.014586998659,91,0.0,90,2.11199951171875,617,75.01711799886834,16000.0,0.064
462.85,running,498.515625,0.0,312.8061787228112,25,68.85,1.4703938961029053,0,461.82400000004765,461.82400000000825,3.9392489270539954e-11,1752,0.46389099952648394,0.4952060007781256,0.25490799998806324,3860.014586998659,91,0.0,90,2.11199951171875,617,75.01711799886834,16000.0,0.064
463.85,running,517.734375,0.0,222.72691123904912,25,68.85,0.47591280937194824,0,463.8080000000483,463.8080000000084,3.9904080040287226e-11,1763,0.46820500028843526,0.527983000210952,0.2577420000307029,3860.014586998659,92,0.0,91,2.048004150390625,476,75.01711799886834,16000.0,0.064
464.85,running,498.4375,0.0,154.8244187357971,25,66.1,1.4765419960021973,0,463.8080000000483,463.8080000000084,3.9904080040287226e-11,1763,0.46820500028843526,0.527983000210952,0.2577420000307029,3860.014586998659,92,0.0,91,2.048004150390625,476,75.01711799886834,16000.0,0.064
465.85,running,498.4375,0.0,1.9988830901164256,25,63.9,0.4766678810119629,0,465.792000000049,465.79200000000884,4.013145371573046e-11,1786,0.456335001217667,0.527983000210952,0.25716799973452,3860.014586998659,92,0.0,92,1.69598388671875,405,75.01711799886834,16000.0,0.064
466.85,running,498.4375,0.0,62.966413966656,25,64.45,1.4774279594421387,0,465.792000000049,465.79200000000884,4.013145371573046e-11,1786,0.456335001217667,0.527983000210952,0.25716799973452,3860.014586998659,92,0.0,92,1.69598388671875,405,75.01711799886834,16000.0,0.064
467.86,running,540.40625,0.0,227.81881045986148,25,66.65,0.47600460052490234,0,467.84000000004966,467.5840000000094,0.2560000000402738,1813,0.46972400014055893,0.527983000210952,0.2544449998822529,3860.014586998659,93,0.0,92,1.69598388671875,405,75.01711799886834,16000.0,0.064
468.86,running,498.4375,0.0,341.28816613423743,25,67.2,1.4808905124664307,0,467.84000000004966,467.5840000000094,0.2560000000402738,1813,0.46972400014055893,0.527983000210952,0.2544449998822529,3860.014586998659,93,0.0,92,1.69598388671875,405,75.01711799886834,16000.0,0.064
469.86,running,498.515625,0.0,338.65105496850833,25,67.75,0.48079872131347656,0,469.8240000000503,469.7600000000094,0.06400000004089179,1821,0.47359400014101993,0.527983000210952,2.3711390003882116,3860.014586998659,93,0.0,92,1.69598388671875,405,75.01711799886834,16000.0,0.064
470.86,running,547.46875,0.0,351.7707084652915,25,67.75,1.4819610118865967,0,469.8240000000503,469.7600000000094,0.06400000004089179,1821,0.47359400014101993,0.527983000210952,2.3711390003882116,3860.014586998659,93,0.0,92,1.69598388671875,405,75.01711799886834,16000.0,0.064
471.86,running,498.4375,0.0,343.56654339301076,25,69.4,0.4819178581237793,0,471.808000000051,470.65600000000944,1.1520000000415394,1824,0.460150000435533,0.527983000210952,1024.6391020009469,3860.014586998659,93,0.0,92,1.69598388671875,405,75.01711799886834,16000.0,0.064
472.86,running,498.4375,0.0,340.71069062773796,25,67.75,1.482503890991211,0,471.808000000051,470.65600000000944,1.1520000000415394,1824,0.460150000435533,0.527983000210952,1024.6391020009469,3860.014586998659,93,0.0,92,1.69598388671875,405,75.01711799886834,16000.0,0.064
473.87,running,498.4375,0.0,344.55846283416645,25,68.3,0.4861183166503906,0,473.79200000005164,473.28000000000947,0.5120000000421783,1828,0.47807599912630394,0.527983000210952,4.160701000728295,3860.014586998659,93,0.0,92,1.69598388671875,405,75.01711799886834,16000.0,0.064
474.87,running,525.578125,0.0,349.77943014067273,25,68.85,1.4872310161590576,0,473.79200000005164,473.28000000000947,0.5120000000421783,1828,0.47807599912630394,0.527983000210952,4.160701000728295,3860.014586998659,93,0.0,92,1.69598388671875,405,75.01711799886834,16000.0,0.064
475.87,running,498.4375,0.0,332.5952296100081,25,69.4,0.4869227409362793,0,475.8400000000523,474.75200000000956,1.0880000000427685,1833,0.4769280003529275,0.527983000210952,0.2769270013232017,3860.014586998659,93,0.0,92,1.69598388671875,405,75.01711799886834,16000.0,0.064
476.87,running,498.453125,0.0,356.6913485558788,25,69.95,1.4877054691314697,0,475.8400000000523,474.75200000000956,1.0880000000427685,1833,0.4769280003529275,0.527983000210952,0.2769270013232017,3860.014586998659,93,0.0,92,1.69598388671875,405,75.01711799886834,16000.0,0.064
477.87,running,498.4375,0.0,355.7239567863966,25,70.5,0.48365235328674316,0,477.824000000053,477.5680000000096,0.2560000000434002,1837,0.5202249994908925,0.527983000210952,5.9813569987454684,3860.014586998659,93,0.0,92,1.69598388671875,405,75.01711799886834,16000.0,0.064
478.88,running,563.703125,0.0,347.9060291069076,25,70.5,1.4844017028808594,0,477.824000000053,477.5680000000096,0.2560000000434002,1837,0.5202249994908925,0.527983000210952,5.9813569987454684,3860.014586998659,93,0.0,92,1.69598388671875,405,75.01711799886834,16000.0,0.064
479.88,running,498.4375,0.0,334.7507278703676,25,68.3,0.485950231552124,0,479.80800000005365,478.9760000000096,0.8320000000440473,1839,0.4726129991468042,0.527983000210952,5.513706999408896,3860.014586998659,94,0.0,93,10.0479736328125,610,75.01711799886834,16000.0,0.064
480.88,running,562.515625,0.0,357.94064683276855,25,69.4,1.4905669689178467,0,479.80800000005365,478.9760000000096,0.8320000000440473,1839,0.4726129991468042,0.527983000210952,5.513706999408896,3860.014586998659,94,0.0,93,10.0479736328125,610,75.01711799886834,16000.0,0.064
481.89,running,498.4375,0.0,331.5714674198222,25,69.4,0.49077701568603516,0,481.85600000005434,481.5360000000096,0.32000000004472895,1843,0.48139099999389146,0.527983000210952,5.210928000451531,3860.014586998659,94,0.0,93,10.0479736328125,610,75.01711799886834,16000.0,0.064
482.89,running,500.53125,0.0,369.0010562075892,25,70.5,1.493561029434204,0,481.85600000005434,481.5360000000096,0.32000000004472895,1843,0.48139099999389146,0.527983000210952,5.210928000451531,3860.014586998659,94,0.0,93,10.0479736328125,610,75.01711799886834,16000.0,0.064
483.89,running,498.4375,0.0,360.76848656458844,25,71.05,0.4890327453613281,0,483.840000000055,483.58400000000967,0.25600000004533285,1848,0.4862789992330363,0.527983000210952,2.32576800044626,3860.014586998659,94,0.0,93,10.0479736328125,610,75.01711799886834,16000.0,0.064
484.89,running,528.71875,0.0,334.8789645360548,25,70.5,1.4928925037384033,0,483.840000000055,483.58400000000967,0.25600000004533285,1848,0.4862789992330363,0.527983000210952,2.32576800044626,3860.014586998659,94,0.0,93,10.0479736328125,610,75.01711799886834,16000.0,0.064
485.89,running,531.0,0.0,311.6413466217139,25,69.4,0.4935019016265869,0,485.82400000005566,485.5040000000098,0.3200000000458658,1856,0.4758159993798472,0.527983000210952,0.2587969993328443,3860.014586998659,94,0.0,93,10.0479736328125,610,75.01711799886834,16000.0,0.064
486.89,running,498.453125,0.0,348.57376504579554,25,70.5,1.4946296215057373,0,485.82400000005566,485.5040000000098,0.3200000000458658,1856,0.4758159993798472,0.527983000210952,0.2587969993328443,3860.014586998659,94,0.0,93,10.0479736328125,610,75.01711799886834,16000.0,0.064
487.9,running,498.4375,0.0,323.1060476648997,25,69.4,0.4994771480560303,0,487.87200000005635,487.48800000000983,0.38400000004651247,1862,0.4921689996990608,0.527983000210952,1.8626929995662067,3860.014586998659,95,0.0,94,10.048004150390625,647,75.01711799886834,16000.0,0.064
488.9,running,553.875,0.0,227.8629030942729,25,69.4,1.500603437423706,0,487.87200000005635,487.48800000000983,0.38400000004651247,1862,0.4921689996990608,0.527983000210952,1.8626929995662067,3860.014586998659,95,0.0,94,10.048004150390625,647,75.01711799886834,16000.0,0.064
489.9,running,498.515625,0.0,285.0938269898873,25,68.85,0.5025875568389893,0,489.856000000057,489.53600000001,0.3200000000470027,1877,0.4906129997834796,0.527983000210952,0.262352999925497,3860.014586998659,97,0.0,96,1.343994140625,343,75.01711799886834,16000.0,0.064
490.9,running,498.4375,0.0,294.7567172381313,25,69.95,1.503209114074707,0,489.856000000057,489.53600000001,0.3200000000470027,1877,0.4906129997834796,0.527983000210952,0.262352999925497,3860.014586998659,97,0.0,96,1.343994140625,343,75.01711799886834,16000.0,0.064
491.91,running,530.15625,0.0,347.7784022094285,25,69.95,0.5038330554962158,0,491.84000000005767,491.84000000001015,4.75210981676355e-11,1886,0.4951129994879011,0.527983000210952,2.337990999876638,3860.014586998659,97,0.0,96,1.343994140625,343,75.01711799886834,16000.0,0.064
492.91,running,562.515625,0.0,338.60205522598534,25,69.4,1.5048983097076416,0,491.84000000005767,491.84000000001015,4.75210981676355e-11,1886,0.4951129994879011,0.527983000210952,2.337990999876638,3860.014586998659,97,0.0,96,1.343994140625,343,75.01711799886834,16000.0,0.064
493.91,running,498.4375,0.0,258.6966357681817,25,69.4,0.5053060054779053,0,493.82400000005833,493.82400000001024,4.808953235624358e-11,1894,0.4936320001434069,0.527983000210952,0.264316000539111,3860.014586998659,98,0.0,97,4.1920166015625,699,75.01711799886834,16000.0,0.064
494.91,running,512.96875,0.0,306.7132669946614,25,69.4,1.5100007057189941,0,493.82400000005833,493.82400000001024,4.808953235624358e-11,1894,0.4936320001434069,0.527983000210952,0.264316000539111,3860.014586998659,98,0.0,97,4.1920166015625,699,75.01711799886834,16000.0,0.064
495.91,running,511.84375,0.0,315.63287320121754,25,71.6,0.5106222629547119,0,495.872000000059,495.4240000000104,0.44800000004863705,1903,0.5010209988540737,0.527983000210952,1.8153229993913556,3860.014586998659,98,0.0,97,4.1920166015625,699,75.01711799886834,16000.0,0.064
496.91,running,498.515625,0.0,331.64249072177546,25,71.6,1.5112464427947998,0,495.872000000059,495.4240000000104,0.44800000004863705,1903,0.5010209988540737,0.527983000210952,1.8153229993913556,3860.014586998659,98,0.0,97,4.1920166015625,699,75.01711799886834,16000.0,0.064
497.91,running,498.4375,0.0,320.82113836569334,25,68.85,0.5073635578155518,0,497.8560000000597,496.9600000000105,0.8960000000491846,1911,0.49992800086329225,0.5655759996443521,1.8277109993505292,3860.014586998659,98,0.0,97,4.1920166015625,699,75.01711799886834,16000.0,0.064
498.92,running,562.515625,0.0,357.72878398714454,25,70.5,1.5082204341888428,0,497.8560000000597,496.9600000000105,0.8960000000491846,1911,0.49992800086329225,0.5655759996443521,1.8277109993505292,3860.014586998659,98,0.0,97,4.1920166015625,699,75.01711799886834,16000.0,0.064
499.93,running,552.265625,0.0,296.0157248450018,25,69.95,0.5210409164428711,0,499.84000000006034,499.4560000000106,0.38400000004975254,1918,0.4929830010951264,0.5655759996443521,0.273390000074869,3860.014586998659,98,0.0,97,4.1920166015625,699,75.01711799886834,16000.0,0.064
500.93,running,498.4375,0.0,334.6217492627117,25,71.05,1.5217375755310059,0,499.84000000006034,499.4560000000106,0.38400000004975254,1918,0.4929830010951264,0.5655759996443521,0.273390000074869,3860.014586998659,98,0.0,97,4.1920166015625,699,75.01711799886834,16000.0,0.064
501.93,running,498.4375,0.0,352.7930181003898,25,71.05,0.5214385986328125,0,501.824000000061,501.7600000000108,0.06400000005021411,1929,0.5047800004831515,0.5655759996443521,2.333843000087654,3860.014586998659,98,0.0,97,4.1920166015625,699,75.01711799886834,16000.0,0.064
502.93,running,562.546875,0.0,368.69530319620486,25,70.5,1.5225837230682373,0,501.824000000061,501.7600000000108,0.06400000005021411,1929,0.5047800004831515,0.5655759996443521,2.333843000087654,3860.014586998659,98,0.0,97,4.1920166015625,699,75.01711799886834,16000.0,0.064
503.94,running,562.515625,0.0,350.4385732774769,25,69.95,0.5254948139190674,0,503.8720000000617,503.48800000001086,0.38400000005083257,1933,0.49713199950929265,0.5655759996443521,4.4389809991116636,3860.014586998659,99,0.0,98,10.0479736328125,854,75.01711799886834,16000.0,0.064
504.94,running,558.09375,0.0,235.67732004011643,25,69.4,1.5268652439117432,0,503.8720000000617,503.48800000001086,0.38400000005083257,1933,0.49713199950929265,0.5655759996443521,4.4389809991116636,3860.014586998659,99,0.0,98,10.0479736328125,854,75.01711799886834,16000.0,0.064
505.94,running,517.71875,0.0,335.61857821246554,25,70.5,0.5235919952392578,0,505.85600000006235,505.600000000011,0.25600000005135826,1946,0.5599280011665542,0.5655759996443521,1.8216549997305265,3860.014586998659,100,0.0,99,1.02398681640625,280,75.01711799886834,16000.0,0.064
506.94,running,498.4375,0.0,317.5950688277927,25,69.95,1.5245647430419922,0,505.85600000006235,505.600000000011,0.25600000005135826,1946,0.5599280011665542,0.5655759996443521,1.8216549997305265,3860.014586998659,100,0.0,99,1.02398681640625,280,75.01711799886834,16000.0,0.064
507.94,running,498.4375,0.0,341.5587409752742,25,70.5,0.5282599925994873,0,507.840000000063,507.71200000001113,0.12800000005188394,1956,0.516447000336484,0.5655759996443521,0.2677230004337616,3860.014586998659,100,0.0,99,1.02398681640625,280,75.01711799886834,16000.0,0.064
508.95,running,498.4375,0.0,235.7726300708923,25,68.3,1.5300414562225342,0,507.840000000063,507.71200000001113,0.12800000005188394,1956,0.516447000336484,0.5655759996443521,0.2677230004337616,3860.014586998659,100,0.0,99,1.02398681640625,280,75.01711799886834,16000.0,0.064
509.95,running,498.4375,0.0,330.4019747384396,25,68.3,0.5306296348571777,0,509.8880000000637,509.82400000001127,0.064000000052431,1968,0.5236310007603606,0.5655759996443521,1.8269880001753336,3860.014586998659,101,0.0,100,4.864013671875,371,75.01711799886834,16000.0,0.064
510.95,running,498.515625,0.0,296.3303518208055,25,69.4,1.5360422134399414,0,509.8880000000637,509.82400000001127,0.064000000052431,1968,0.5236310007603606,0.5655759996443521,1.8269880001753336,3860.014586998659,101,0.0,100,4.864013671875,371,75.01711799886834,16000.0,0.064
511.95,running,553.34375,0.0,303.3266391274666,25,69.4,0.538050651550293,0,511.87200000006436,511.8720000000114,5.297806637827307e-11,1980,0.5107619999762392,0.5655759996443521,0.2758530008577509,3860.014586998659,101,0.0,100,4.864013671875,371,75.01711799886834,16000.0,0.064
512.96,running,523.265625,0.0,351.1285864613443,25,70.5,1.5433506965637207,0,511.87200000006436,511.8720000000114,5.297806637827307e-11,1980,0.5107619999762392,0.5655759996443521,0.2758530008577509,3860.014586998659,101,0.0,100,4.864013671875,371,75.01711799886834,16000.0,0.064
513.96,running,498.4375,0.0,354.5485975888391,25,70.5,0.5419833660125732,0,513.8560000000633,513.6000000000112,0.25600000005215406,1987,0.5123169994476484,0.5655759996443521,2.1082309995108517,3860.014586998659,101,0.0,100,4.864013671875,371,75.01711799886834,16000.0,0.064
514.96,running,498.4375,0.0,329.6821112777502,25,69.95,1.542719841003418,0,513.8560000000633,513.6000000000112,0.25600000005215406,1987,0.5123169994476484,0.5655759996443521,2.1082309995108517,3860.014586998659,101,0.0,100,4.864013671875,371,75.01711799886834,16000.0,0.064
515.96,running,498.4375,0.0,358.73844451719856,25,72.15,0.544259786605835,0,515.8400000000622,515.840000000011,5.127276381244883e-11,1996,0.5152060002728831,0.5655759996443521,2.381750000495231,3860.014586998659,101,0.0,100,4.864013671875,371,75.01711799886834,16000.0,0.064
516.97,running,501.9375,0.0,370.95619458852093,25,71.05,1.548854112625122,0,515.8400000000622,515.840000000011,5.127276381244883e-11,1996,0.5152060002728831,0.5655759996443521,2.381750000495231,3860.014586998659,101,0.0,100,4.864013671875,371,75.01711799886834,16000.0,0.064
517.97,running,498.4375,0.0,352.5692302093377,25,70.5,0.5464460849761963,0,517.8880000000611,517.0560000000108,0.8320000000502432,2000,0.5117979999340605,0.5655759996443521,2.6291209996998077,3860.014586998659,101,0.0,100,4.864013671875,371,75.01711799886834,16000.0,0.064
518.97,running,498.4375,0.0,327.78136851600397,25,70.5,1.5470826625823975,0,517.8880000000611,517.0560000000108,0.8320000000502432,2000,0.5117979999340605,0.5655759996443521,2.6291209996998077,3860.014586998659,101,0.0,100,4.864013671875,371,75.01711799886834,16000.0,0.064
519.97,running,498.515625,0.0,343.7712446447527,25,70.5,0.54683518409729,0,519.87200000006,519.2320000000107,0.6400000000493264,2006,0.5226320008659968,0.5708349999622442,2.1324159988580504,3860.014586998659,102,0.0,101,10.0479736328125,997,75.01711799886834,16000.0,0.064
520.97,running,498.515625,0.0,351.75722806586293,25,71.05,1.547468900680542,0,519.87200000006,519.2320000000107,0.6400000000493264,2006,0.5226320008659968,0.5708349999622442,2.1324159988580504,3860.014586998659,102,0.0,101,10.0479736328125,997,75.01711799886834,16000.0,0.064
521.98,running,498.4375,0.0,333.57704737934574,25,71.6,0.5485963821411133,0,521.8560000000589,520.8320000000106,1.0240000000483178,2010,0.5211869993217988,0.5708349999622442,3.674514000522322,3860.014586998659,102,0.0,101,10.0479736328125,997,75.01711799886834,16000.0,0.064
522.98,running,498.453125,0.0,323.70966771222476,25,69.95,1.5498604774475098,0,521.8560000000589,520.8320000000106,1.0240000000483178,2010,0.5211869993217988,0.5708349999622442,3.674514000522322,3860.014586998659,102,0.0,101,10.0479736328125,997,75.01711799886834,16000.0,0.064
523.98,running,498.4375,0.0,313.5768675283134,25,68.3,0.5516152381896973,0,523.8400000000578,523.6480000000104,0.1920000000474147,2019,0.5286870000418276,0.5708349999622442,2.108193999447394,3860.014586998659,104,0.0,103,1.0880126953125,362,75.01711799886834,16000.0,0.064
524.98,running,498.4375,0.0,326.10604133308294,25,68.85,1.556807279586792,0,523.8400000000578,523.6480000000104,0.1920000000474147,2019,0.5286870000418276,0.5708349999622442,2.108193999447394,3860.014586998659,104,0.0,103,1.0880126953125,362,75.01711799886834,16000.0,0.064
525.99,running,499.453125,0.0,363.4690447822908,25,71.05,0.5569908618927002,0,525.8880000000566,525.3760000000102,0.5120000000464415,2026,0.530502999026794,0.5708349999622442,0.280483000096865,3860.014586998659,104,0.0,103,1.0880126953125,362,75.01711799886834,16000.0,0.064
526.99,running,498.4375,0.0,333.7914544432304,25,70.5,1.557579517364502,0,525.8880000000566,525.3760000000102,0.5120000000464415,2026,0.530502999026794,0.5708349999622442,0.280483000096865,3860.014586998659,104,0.0,103,1.0880126953125,362,75.01711799886834,16000.0,0.064
527.99,running,498.4375,0.0,291.82976606662174,25,68.85,0.5575802326202393,0,527.8720000000556,527.4240000000101,0.4480000000454538,2032,0.5342429994925624,0.5708349999622442,1.826173998779268,3860.014586998659,105,0.0,104,4.864013671875,648,75.01711799886834,16000.0,0.064
528.99,running,499.71875,0.0,328.80535380709426,25,70.5,1.5585894584655762,0,527.8720000000556,527.4240000000101,0.4480000000454538,2032,0.5342429994925624,0.5708349999622442,1.826173998779268,3860.014586998659,105,0.0,104,4.864013671875,648,75.01711799886834,16000.0,0.064
529.99,running,554.328125,0.0,340.66211360098646,25,69.95,0.5587222576141357,0,529.8560000000545,529.7920000000099,0.06400000004452977,2043,0.5331499996827915,0.5708349999622442,2.3686570002610097,3860.014586998659,105,0.0,104,4.864013671875,648,75.01711799886834,16000.0,0.064
530.99,running,500.359375,0.0,350.69012958186573,25,71.05,1.5621955394744873,0,529.8560000000545,529.7920000000099,0.06400000004452977,2043,0.5331499996827915,0.5708349999622442,2.3686570002610097,3860.014586998659,105,0.0,104,4.864013671875,648,75.01711799886834,16000.0,0.064
531.99,running,562.515625,0.0,346.69425484396004,25,70.5,0.5627315044403076,0,531.8400000000534,531.7120000000098,0.1280000000435848,2049,0.5303910002112389,0.5708349999622442,2.0791379993170267,3860.014586998659,105,0.0,104,4.864013671875,648,75.01711799886834,16000.0,0.064
532.99,running,525.65625,0.0,354.6151113963583,25,69.4,1.5639173984527588,0,531.8400000000534,531.7120000000098,0.1280000000435848,2049,0.5303910002112389,0.5708349999622442,2.0791379993170267,3860.014586998659,105,0.0,104,4.864013671875,648,75.01711799886834,16000.0,0.064
534.0,running,562.515625,0.0,342.46901446410203,25,72.15,0.5644857883453369,0,533.8880000000522,533.6320000000096,0.25600000004260437,2053,0.5252989994914969,0.5708349999622442,4.443924999577575,3860.014586998659,105,0.0,104,4.864013671875,648,75.01711799886834,16000.0,0.064
535.0,running,498.453125,0.0,346.74026033878,25,71.05,1.5651960372924805,0,533.8880000000522,533.6320000000096,0.25600000004260437,2053,0.5252989994914969,0.5708349999622442,4.443924999577575,3860.014586998659,105,0.0,104,4.864013671875,648,75.01711799886834,16000.0,0.064
536.0,running,575.296875,0.0,361.7474279459661,25,71.05,0.5618631839752197,0,535.8720000000511,535.6160000000095,0.2560000000415812,2057,0.5271870013530133,0.5708349999622442,3.4789579985954333,3860.014586998659,105,0.0,104,4.864013671875,648,75.01711799886834,16000.0,0.064
537.0,running,498.4375,0.0,350.56476788094045,25,69.4,1.562777042388916,0,535.8720000000511,535.6160000000095,0.2560000000415812,2057,0.5271870013530133,0.5708349999622442,3.4789579985954333,3860.014586998659,105,0.0,104,4.864013671875,648,75.01711799886834,16000.0,0.064
538.0,running,562.515625,0.0,348.70755187851034,25,71.05,0.5633957386016846,0,537.85600000005,537.5360000000095,0.32000000004052254,2059,0.5335759997251444,0.5708349999622442,7.575030000225524,3860.014586998659,106,0.0,105,10.04803466796875,1746,75.01711799886834,16000.0,0.064
539.0,running,499.609375,0.0,354.2519462505819,25,71.6,1.567929983139038,0,537.85600000005,537.5360000000095,0.32000000004052254,2059,0.5335759997251444,0.5708349999622442,7.575030000225524,3860.014586998659,106,0.0,105,10.04803466796875,1746,75.01711799886834,16000.0,0.064
540.0,running,498.515625,0.0,349.7052065545547,25,71.05,0.5681436061859131,0,539.9040000000489,539.1360000000094,0.7680000000394784,2063,0.529835999259376,0.5708349999622442,2.6513070006330963,3860.014586998659,106,0.0,105,10.04803466796875,1746,75.01711799886834,16000.0,0.064
541.01,running,498.515625,0.0,344.67878660039054,25,70.5,1.5687804222106934,0,539.9040000000489,539.1360000000094,0.7680000000394784,2063,0.529835999259376,0.5708349999622442,2.6513070006330963,3860.014586998659,106,0.0,105,10.04803466796875,1746,75.01711799886834,16000.0,0.064
542.01,running,498.4375,0.0,329.78569008823627,25,72.7,0.5690054893493652,0,541.8880000000478,541.6960000000093,0.19200000003843343,2069,0.5390209989855066,0.5708349999622442,3.2910690006247023,3860.014586998659,106,0.0,105,10.04803466796875,1746,75.01711799886834,16000.0,0.064
543.01,running,498.4375,0.0,307.68633808584246,25,71.6,1.569993019104004,0,541.8880000000478,541.6960000000093,0.19200000003843343,2069,0.5390209989855066,0.5708349999622442,3.2910690006247023,3860.014586998659,106,0.0,105,10.04803466796875,1746,75.01711799886834,16000.0,0.064
544.01,running,498.4375,0.0,341.76073809174653,25,72.15,0.5699648857116699,0,543.8720000000467,543.8080000000091,0.06400000003759487,2080,0.5270389992801938,0.5708349999622442,2.0799710000574123,3860.014586998659,106,0.0,105,10.04803466796875,1746,75.01711799886834,16000.0,0.064
545.01,running,498.4375,0.0,295.8399857723209,25,71.05,1.570495843887329,0,543.8720000000467,543.8080000000091,0.06400000003759487,2080,0.5270389992801938,0.5708349999622442,2.0799710000574123,3860.014586998659,106,0.0,105,10.04803466796875,1746,75.01711799886834,16000.0,0.064
546.01,running,562.546875,0.0,350.83269437377066,25,71.6,0.5687887668609619,0,545.8560000000456,545.472000000009,0.3840000000366217,2089,0.53770600061398,0.5708349999622442,0.2797050001390744,3860.014586998659,106,0.0,105,10.04803466796875,1746,75.01711799886834,16000.0,0.064
547.01,running,498.609375,0.0,153.80666010649742,25,69.95,1.5696167945861816,0,545.8560000000456,545.472000000009,0.3840000000366217,2089,0.53770600061398,0.5708349999622442,0.2797050001390744,3860.014586998659,106,0.0,105,10.04803466796875,1746,75.01711799886834,16000.0,0.064
548.01,running,498.4375,0.0,300.82985003507565,25,69.4,0.5697324275970459,0,547.9040000000444,547.7760000000085,0.1280000000359678,2106,0.5457250008475967,0.5708349999622442,0.2813720002450282,3860.014586998659,108,0.0,107,0.76806640625,153,75.01711799886834,16000.0,0.064
549.01,running,498.4375,0.0,298.7988557813364,25,69.4,1.5719456672668457,0,547.9040000000444,547.7760000000085,0.1280000000359678,2106,0.5457250008475967,0.5708349999622442,0.2813720002450282,3860.014586998659,108,0.0,107,0.76806640625,153,75.01711799886834,16000.0,0.064
550.02,running,498.515625,0.0,365.982975957784,25,69.95,0.575411319732666,0,549.8880000000433,549.3760000000083,0.5120000000350728,2115,0.5345760000636801,0.5708349999622442,2.108545999362832,3860.014586998659,108,0.0,107,0.76806640625,153,75.01711799886834,16000.0,0.064
551.02,running,498.453125,0.0,355.74948334873153,25,70.5,1.5760271549224854,0,549.8880000000433,549.3760000000083,0.5120000000350728,2115,0.5345760000636801,0.5708349999622442,2.108545999362832,3860.014586998659,108,0.0,107,0.76806640625,153,75.01711799886834,16000.0,0.064
552.02,running,513.890625,0.0,346.7851638165794,25,69.95,0.5763981342315674,0,551.8720000000422,551.0400000000081,0.8320000000340997,2119,0.5572430000029271,0.5708349999622442,4.286294999474194,3860.014586998659,108,0.0,107,0.76806640625,153,75.01711799886834,16000.0,0.064
553.02,running,498.515625,0.0,349.51187695490256,25,70.5,1.5777769088745117,0,551.8720000000422,551.0400000000081,0.8320000000340997,2119,0.5572430000029271,0.5708349999622442,4.286294999474194,3860.014586998659,108,0.0,107,0.76806640625,153,75.01711799886834,16000.0,0.064
554.02,running,498.4375,0.0,349.59603199640947,25,72.7,0.578061580657959,0,553.8560000000411,553.536000000008,0.3200000000331329,2123,0.5382799990911735,0.5708349999622442,3.4171989991591545,3860.014586998659,108,0.0,107,0.76806640625,153,75.01711799886834,16000.0,0.064
555.03,running,498.4375,0.0,239.01885794353262,25,69.4,1.5816047191619873,0,553.8560000000411,553.536000000008,0.3200000000331329,2123,0.5382799990911735,0.5708349999622442,3.4171989991591545,3860.014586998659,108,0.0,107,0.76806640625,153,75.01711799886834,16000.0,0.064
556.03,running,498.4375,0.0,313.8183493868284,25,71.05,0.581533670425415,0,555.90400000004,555.8400000000076,0.06400000003236528,2136,0.5435769999166951,0.5708349999622442,0.2712599998631049,3860.014586998659,109,0.0,108,8.48004150390625,505,75.01711799886834,16000.0,0.064
557.03,running,498.4375,0.0,274.8159225239662,25,69.4,1.5821926593780518,0,555.90400000004,555.8400000000076,0.06400000003236528,2136,0.5435769999166951,0.5708349999622442,0.2712599998631049,3860.014586998659,109,0.0,108,8.48004150390625,505,75.01711799886834,16000.0,0.064
558.03,running,498.4375,0.0,341.75761592978523,25,69.95,0.5785200595855713,0,557.8880000000389,557.3760000000074,0.5120000000315486,2145,0.548538999282755,0.5708349999622442,1.8750260005617747,3860.014586998659,109,0.0,108,8.48004150390625,505,75.01711799886834,16000.0,0.064
559.03,running,564.359375,0.0,348.69739273119535,25,70.5,1.5793235301971436,0,557.8880000000389,557.3760000000074,0.5120000000315486,2145,0.548538999282755,0.5708349999622442,1.8750260005617747,3860.014586998659,109,0.0,108,8.48004150390625,505,75.01711799886834,16000.0,0.064
560.03,running,498.4375,0.0,358.75875948840974,25,71.05,0.5794095993041992,0,559.8720000000378,559.7440000000073,0.12800000003051082,2151,0.5980770001769997,0.5980770001769997,2.345454000533209,3860.014586998659,109,0.0,108,8.48004150390625,505,75.01711799886834,16000.0,0.064
561.04,running,498.546875,0.0,124.43919386711282,25,69.4,1.5840137004852295,0,559.8720000000378,559.7440000000073,0.12800000003051082,2151,0.5980770001769997,0.5980770001769997,2.345454000533209,3860.014586998659,109,0.0,108,8.48004150390625,505,75.01711799886834,16000.0,0.064
562.04,running,498.4375,0.0,313.7651800216098,25,69.4,0.5840778350830078,0,561.9200000000367,561.7920000000069,0.1280000000298287,2169,0.5454469992400846,0.5980770001769997,1.8501189988455735,3860.014586998659,110,0.0,109,6.72003173828125,487,75.01711799886834,16000.0,0.064
563.04,running,498.515625,0.0,340.6257575457727,25,70.5,1.5849416255950928,0,561.9200000000367,561.7920000000069,0.1280000000298287,2169,0.5454469992400846,0.5980770001769997,1.8501189988455735,3860.014586998659,110,0.0,109,6.72003173828125,487,75.01711799886834,16000.0,0.064
564.04,running,533.09375,0.0,350.6777320739548,25,70.5,0.585240364074707,0,563.9040000000356,563.0080000000067,0.8960000000288346,2173,0.6239100002858322,0.6239100002858322,2.5966579996747896,3860.014586998659,110,0.0,109,6.72003173828125,487,75.01711799886834,16000.0,0.064
565.04,running,498.4375,0.0,335.2489564819636,25,70.5,1.5919122695922852,0,563.9040000000356,563.0080000000067,0.8960000000288346,2173,0.6239100002858322,0.6239100002858322,2.5966579996747896,3860.014586998659,110,0.0,109,6.72003173828125,487,75.01711799886834,16000.0,0.064
566.05,running,498.515625,0.0,352.9902347227587,25,68.85,0.5925188064575195,0,565.8880000000345,565.2480000000066,0.6400000000278396,2177,0.552539000636898,0.6239100002858322,4.457240000192542,3860.014586998659,110,0.0,109,6.72003173828125,487,75.01711799886834,16000.0,0.064
567.05,running,498.515625,0.0,356.6674261712425,25,71.05,1.593517780303955,0,565.8880000000345,565.2480000000066,0.6400000000278396,2177,0.552539000636898,0.6239100002858322,4.457240000192542,3860.014586998659,110,0.0,109,6.72003173828125,487,75.01711799886834,16000.0,0.064
568.05,running,521.828125,0.0,348.53612318848184,25,70.5,0.5974118709564209,0,567.8720000000334,567.8720000000067,2.6716406864579767e-11,2181,0.5595940001512645,0.6239100002858322,4.722629999378114,3860.014586998659,110,0.0,109,6.72003173828125,487,75.01711799886834,16000.0,0.064
569.05,running,498.4375,0.0,346.5174024415137,25,71.05,1.5989012718200684,0,567.8720000000334,567.8720000000067,2.6716406864579767e-11,2181,0.5595940001512645,0.6239100002858322,4.722629999378114,3860.014586998659,110,0.0,109,6.72003173828125,487,75.01711799886834,16000.0,0.064
570.05,running,498.4375,0.0,359.4831947366409,25,71.05,0.5964016914367676,0,569.9200000000322,569.2160000000066,0.7040000000256441,2183,0.6021499993948964,0.6239100002858322,5.188188000829541,3860.014586998659,110,0.0,109,6.72003173828125,487,75.01711799886834,16000.0,0.064
571.06,running,498.515625,0.0,346.20296255122673,25,71.05,1.6007144451141357,0,569.9200000000322,569.2160000000066,0.7040000000256441,2183,0.6021499993948964,0.6239100002858322,5.188188000829541,3860.014586998659,110,0.0,109,6.72003173828125,487,75.01711799886834,16000.0,0.064
572.06,running,547.828125,0.0,347.6640400694704,25,71.6,0.600977897644043,0,571.9040000000311,571.5200000000065,0.3840000000246846,2189,0.5574469996645348,0.6239100002858322,2.6299740002286853,3860.014586998659,111,0.0,110,10.04803466796875,393,75.01711799886834,16000.0,0.064
573.06,running,498.4375,0.0,311.6307860773841,25,71.05,1.601698637008667,0,571.9040000000311,571.5200000000065,0.3840000000246846,2189,0.5574469996645348,0.6239100002858322,2.6299740002286853,3860.014586998659,111,0.0,110,10.04803466796875,393,75.01711799886834,16000.0,0.064
574.06,running,498.4375,0.0,316.77562307470737,25,71.05,0.601736307144165,0,573.88800000003,573.7600000000062,0.1280000000238033,2198,0.5664290001732297,0.6239100002858322,1.8292670010850998,3860.014586998659,111,0.0,110,10.04803466796875,393,75.01711799886834,16000.0,0.064
575.06,running,498.4375,0.0,313.7132601198535,25,70.5,1.6030871868133545,0,573.88800000003,573.7600000000062,0.1280000000238033,2198,0.5664290001732297,0.6239100002858322,1.8292670010850998,3860.014586998659,111,0.0,110,10.04803466796875,393,75.01711799886834,16000.0,0.064
576.08,running,519.21875,0.0,353.693045242379,25,70.5,0.6167809963226318,0,575.872000000029,575.4240000000061,0.44800000002283014,2206,0.555835000341176,0.6239100002858322,2.318102000572253,3860.014586998659,111,0.0,110,10.04803466796875,393,75.01711799886834,16000.0,0.064
577.08,running,562.515625,0.0,344.58884795817147,25,72.15,1.6180486679077148,0,575.872000000029,575.4240000000061,0.44800000002283014,2206,0.555835000341176,0.6239100002858322,2.318102000572253,3860.014586998659,111,0.0,110,10.04803466796875,393,75.01711799886834,16000.0,0.064
578.08,running,517.296875,0.0,340.63562420186287,25,71.05,0.6210243701934814,0,577.9200000000278,576.0640000000061,1.8560000000217087,2208,0.5582619996857829,0.6239100002858322,2.33060099890281,3860.014586998659,111,0.0,110,10.04803466796875,393,75.01711799886834,16000.0,0.064
579.08,running,498.515625,0.0,362.75930339843546,25,71.05,1.62164306640625,0,577.9200000000278,576.0640000000061,1.8560000000217087,2208,0.5582619996857829,0.6239100002858322,2.33060099890281,3860.014586998659,111,0.0,110,10.04803466796875,393,75.01711799886834,16000.0,0.064
580.09,running,498.4375,0.0,358.7621812134522,25,72.15,0.6177663803100586,0,579.9040000000267,579.712000000006,0.19200000002069828,2212,0.5560209992836462,0.6239100002858322,5.960172000413877,3860.014586998659,111,0.0,110,10.04803466796875,393,75.01711799886834,16000.0,0.064
581.09,running,540.125,0.0,347.733456741951,25,72.15,1.6191184520721436,0,579.9040000000267,579.712000000006,0.19200000002069828,2212,0.5560209992836462,0.6239100002858322,5.960172000413877,3860.014586998659,111,0.0,110,10.04803466796875,393,75.01711799886834,16000.0,0.064
582.09,running,498.4375,0.0,325.57743695137617,25,70.5,0.6192364692687988,0,581.8880000000256,581.7600000000059,0.12800000001971057,2216,0.5645580004056683,0.6239100002858322,3.3889770002133446,3860.014586998659,112,0.0,111,10.0479736328125,710,75.01711799886834,16000.0,0.064
583.09,running,498.4375,0.0,349.37760256395313,25,71.6,1.623870611190796,0,581.8880000000256,581.7600000000059,0.12800000001971057,2216,0.5645580004056683,0.6239100002858322,3.3889770002133446,3860.014586998659,112,0.0,111,10.0479736328125,710,75.01711799886834,16000.0,0.064
584.09,running,498.515625,0.0,346.7744693289678,25,72.7,0.6241457462310791,0,583.9360000000245,583.2320000000059,0.7040000000185955,2220,0.5679280002368614,0.6239100002858322,3.141512999718543,3860.014586998659,112,0.0,111,10.0479736328125,710,75.01711799886834,16000.0,0.064
585.09,running,498.515625,0.0,343.7315281463359,25,72.15,1.6247224807739258,0,583.9360000000245,583.2320000000059,0.7040000000185955,2220,0.5679280002368614,0.6239100002858322,3.141512999718543,3860.014586998659,112,0.0,111,10.0479736328125,710,75.01711799886834,16000.0,0.064
586.09,running,498.4375,0.0,329.8148716143457,25,72.15,0.6247639656066895,0,585.9200000000234,584.5760000000058,1.3440000000175587,2222,0.5675019983755192,0.6239100002858322,5.224519998591859,3860.014586998659,112,0.0,111,10.0479736328125,710,75.01711799886834,16000.0,0.064
587.09,running,498.4375,0.0,363.7195402271881,25,71.05,1.6261029243469238,0,585.9200000000234,584.5760000000058,1.3440000000175587,2222,0.5675019983755192,0.6239100002858322,5.224519998591859,3860.014586998659,112,0.0,111,10.0479736328125,710,75.01711799886834,16000.0,0.064
588.1,running,498.4375,0.0,355.54628454137065,25,71.6,0.6263501644134521,0,587.9040000000223,587.8400000000056,0.0640000000166765,2229,0.6102430015744176,0.6239100002858322,2.082712000628817,3860.014586998659,112,0.0,111,10.0479736328125,710,75.01711799886834,16000.0,0.064
589.1,running,565.9375,0.0,362.5494261112239,25,72.15,1.6270396709442139,0,587.9040000000223,587.8400000000056,0.0640000000166765,2229,0.6102430015744176,0.6239100002858322,2.082712000628817,3860.014586998659,112,0.0,111,10.0479736328125,710,75.01711799886834,16000.0,0.064
590.1,running,498.4375,0.0,305.7944513915769,25,69.95,0.6278114318847656,0,589.8880000000212,589.1200000000055,0.7680000000157179,2233,0.5597799990937347,0.6239100002858322,2.5769000003492692,3860.014586998659,112,0.0,111,10.0479736328125,710,75.01711799886834,16000.0,0.064
591.1,running,498.4375,0.0,304.4651624904127,25,70.5,1.6285061836242676,0,589.8880000000212,589.1200000000055,0.7680000000157179,2233,0.5597799990937347,0.6239100002858322,2.5769000003492692,3860.014586998659,112,0.0,111,10.0479736328125,710,75.01711799886834,16000.0,0.064
592.1,running,498.4375,0.0,299.81173142430856,25,68.85,0.6285459995269775,0,591.93600000002,591.9360000000053,1.4779288903810084e-11,2247,0.5737800001952564,0.6239100002858322,0.2722790013649501,3860.014586998659,114,0.0,113,1.91998291015625,201,75.01711799886834,16000.0,0.064
593.1,running,562.515625,0.0,336.77053027191477,25,71.05,1.6325922012329102,0,591.93600000002,591.9360000000053,1.4779288903810084e-11,2247,0.5737800001952564,0.6239100002858322,0.2722790013649501,3860.014586998659,114,0.0,113,1.91998291015625,201,75.01711799886834,16000.0,0.064
594.11,running,511.109375,0.0,345.64434026890046,25,71.05,0.6300795078277588,0,593.920000000019,593.664000000005,0.2560000000139553,2254,0.5599099986284273,0.6239100002858322,2.0612490006897133,3860.014586998659,114,0.0,113,1.91998291015625,201,75.01711799886834,16000.0,0.064
595.11,running,498.4375,0.0,359.51737668365035,25,70.5,1.6308951377868652,0,593.920000000019,593.664000000005,0.2560000000139553,2254,0.5599099986284273,0.6239100002858322,2.0612490006897133,3860.014586998659,114,0.0,113,1.91998291015625,201,75.01711799886834,16000.0,0.064
596.11,running,498.4375,0.0,329.7054289701085,25,71.6,0.6309559345245361,0,595.9040000000178,595.9040000000048,1.3073986337985843e-11,2262,0.5684650004695868,0.6239100002858322,1.8721739997999975,3860.014586998659,114,0.0,113,1.91998291015625,201,75.01711799886834,16000.0,0.064
597.11,running,498.4375,0.0,352.7097421030972,25,71.05,1.6317920684814453,0,595.9040000000178,595.9040000000048,1.3073986337985843e-11,2262,0.5684650004695868,0.6239100002858322,1.8721739997999975,3860.014586998659,114,0.0,113,1.91998291015625,201,75.01711799886834,16000.0,0.064
598.11,running,498.4375,0.0,333.7349927232333,25,72.15,0.6292941570281982,0,597.8880000000167,597.5040000000046,0.38400000001217904,2268,0.5684099996869918,0.6239100002858322,1.8298770010005683,3860.014586998659,114,0.0,113,1.91998291015625,201,75.01711799886834,16000.0,0.064
599.11,running,498.4375,0.0,330.82325172304786,25,69.95,1.629868507385254,0,597.8880000000167,597.5040000000046,0.38400000001217904,2268,0.5684099996869918,0.6239100002858322,1.8298770010005683,3860.014586998659,114,0.0,113,1.91998291015625,201,75.01711799886834,16000.0,0.064
600.11,running,498.484375,0.0,328.80218602868905,25,71.05,0.6303219795227051,0,599.9360000000156,599.5520000000043,0.38400000001126955,2278,0.5740579999837792,0.6239100002858322,0.2790380003716564,3860.014586998659,115,0.0,114,8.384033203125,259,75.01711799886834,16000.0,0.064
601.11,running,529.421875,0.0,326.6509218788623,25,71.05,1.6316332817077637,0,599.9360000000156,599.5520000000043,0.38400000001126955,2278,0.5740579999837792,0.6239100002858322,0.2790380003716564,3860.014586998659,115,0.0,114,8.384033203125,259,75.01711799886834,16000.0,0.064
602.12,running,498.4375,0.0,290.564839240653,25,68.85,0.6306307315826416,0,601.9200000000145,601.0880000000042,0.8320000000103391,2285,0.5636129990307381,0.6239100002858322,0.27090900039183907,3860.014586998659,115,0.0,114,8.384033203125,259,75.01711799886834,16000.0,0.064
603.12,running,498.4375,0.0,305.16865345106214,25,68.85,1.6312026977539062,0,601.9200000000145,601.0880000000042,0.8320000000103391,2285,0.5636129990307381,0.6239100002858322,0.27090900039183907,3860.014586998659,115,0.0,114,8.384033203125,259,75.01711799886834,16000.0,0.064
604.12,running,498.671875,0.0,326.803679551981,25,70.5,0.6313002109527588,0,603.9040000000134,603.5840000000039,0.32000000000948603,2296,0.5732249992433935,0.6239100002858322,0.2586859991424717,3860.014586998659,116,0.0,115,2.72003173828125,709,75.01711799886834,16000.0,0.064
605.12,running,498.4375,0.0,338.8101887067139,25,72.15,1.6318752765655518,0,603.9040000000134,603.5840000000039,0.32000000000948603,2296,0.5732249992433935,0.6239100002858322,0.2586859991424717,3860.014586998659,116,0.0,115,2.72003173828125,709,75.01711799886834,16000.0,0.064
606.12,running,516.96875,0.0,340.6107617860017,25,69.95,0.635866641998291,0,605.9520000000123,605.5680000000038,0.3840000000084274,2303,0.580335999984527,0.6239100002858322,0.28015000134473667,3860.014586998659,116,0.0,115,2.72003173828125,709,75.01711799886834,16000.0,0.064
607.13,running,498.4375,0.0,350.6160855537306,25,72.15,1.6366665363311768,0,605.9520000000123,605.5680000000038,0.3840000000084274,2303,0.580335999984527,0.6239100002858322,0.28015000134473667,3860.014586998659,116,0.0,115,2.72003173828125,709,75.01711799886834,16000.0,0.064
608.13,running,498.515625,0.0,345.7352732675521,25,69.95,0.6365618705749512,0,607.9360000000112,606.7200000000038,1.2160000000073978,2305,0.5897989994991804,0.6239100002858322,4.446535998795298,3860.014586998659,116,0.0,115,2.72003173828125,709,75.01711799886834,16000.0,0.064
609.13,running,516.09375,0.0,362.6864484981241,25,71.6,1.6376731395721436,0,607.9360000000112,606.7200000000038,1.2160000000073978,2305,0.5897989994991804,0.6239100002858322,4.446535998795298,3860.014586998659,116,0.0,115,2.72003173828125,709,75.01711799886834,16000.0,0.064
610.13,running,507.28125,0.0,348.6019008121097,25,71.6,0.6376738548278809,0,609.9200000000101,609.8560000000037,0.06400000000633099,2309,0.5767060010839486,0.6239100002858322,4.9423339987697545,3860.014586998659,116,0.0,115,2.72003173828125,709,75.01711799886834,16000.0,0.064
611.13,running,533.421875,0.0,360.5089016557615,25,71.05,1.641791582107544,0,609.9200000000101,609.8560000000037,0.06400000000633099,2309,0.5767060010839486,0.6239100002858322,4.9423339987697545,3860.014586998659,116,0.0,115,2.72003173828125,709,75.01711799886834,16000.0,0.064
612.13,running,533.421875,0.0,348.7136785214979,25,72.15,0.6374964714050293,0,611.904000000009,610.6880000000037,1.2160000000052378,2311,0.5740399992646417,0.6239100002858322,3.1509569998888765,3860.014586998659,116,0.0,115,2.72003173828125,709,75.01711799886834,16000.0,0.064
613.13,running,597.421875,0.0,348.7023354819712,25,71.05,1.638479232788086,0,611.904000000009,610.6880000000037,1.2160000000052378,2311,0.5740399992646417,0.6239100002858322,3.1509569998888765,3860.014586998659,116,0.0,115,2.72003173828125,709,75.01711799886834,16000.0,0.064
614.13,running,545.59375,0.0,351.63537837536853,25,71.6,0.6391618251800537,0,613.9520000000078,613.8880000000037,0.06400000000417094,2313,0.6271500005823327,0.6271500005823327,12.922439000249142,3860.014586998659,117,0.0,116,10.04803466796875,2892,75.01711799886834,16000.0,0.064
615.14,running,532.9375,0.0,344.58115333812447,25,71.6,1.640657663345337,0,613.9520000000078,613.8880000000037,0.06400000000417094,2313,0.6271500005823327,0.6271500005823327,12.922439000249142,3860.014586998659,117,0.0,116,10.04803466796875,2892,75.01711799886834,16000.0,0.064
616.14,running,597.828125,0.0,341.61304556886387,25,71.6,0.6419439315795898,0,615.9360000000067,615.2320000000036,0.7040000000031341,2315,0.5882980003661942,0.6271500005823327,5.259595000097761,3860.014586998659,117,0.0,116,10.04803466796875,2892,75.01711799886834,16000.0,0.064
617.14,running,532.9375,0.0,348.74984835998225,25,71.05,1.6428568363189697,0,615.9360000000067,615.2320000000036,0.7040000000031341,2315,0.5882980003661942,0.6271500005823327,5.259595000097761,3860.014586998659,117,0.0,116,10.04803466796875,2892,75.01711799886834,16000.0,0.064
618.14,running,533.015625,0.0,356.68932894518514,25,71.05,0.6425354480743408,0,617.9200000000056,617.3440000000036,0.5760000000020682,2320,0.5868729986104881,0.6271500005823327,4.712611000286415,3860.014586998659,117,0.0,116,10.04803466796875,2892,75.01711799886834,16000.0,0.064
619.14,running,568.4375,0.0,351.7834962541284,25,71.6,1.6436045169830322,0,617.9200000000056,617.3440000000036,0.5760000000020682,2320,0.5868729986104881,0.6271500005823327,4.712611000286415,3860.014586998659,117,0.0,116,10.04803466796875,2892,75.01711799886834,16000.0,0.064
620.14,running,533.171875,0.0,346.6073503689933,25,71.6,0.6433777809143066,0,619.9040000000045,619.0080000000036,0.8960000000009813,2322,0.5903359997319058,0.6271500005823327,6.599210999411298,3860.014586998659,117,0.0,116,10.04803466796875,2892,75.01711799886834,16000.0,0.064
621.14,running,533.53125,0.0,342.7718277630373,25,71.05,1.643949031829834,0,619.9040000000045,619.0080000000036,0.8960000000009813,2322,0.5903359997319058,0.6271500005823327,6.599210999411298,3860.014586998659,117,0.0,116,10.04803466796875,2892,75.01711799886834,16000.0,0.064
622.15,running,533.546875,0.0,351.57569023524366,25,71.05,0.6446335315704346,0,621.9520000000034,621.5680000000035,0.38399999999990087,2324,0.5870949989912333,0.6271500005823327,10.195503000431927,3860.014586998659,117,0.0,116,10.04803466796875,2892,75.01711799886834,16000.0,0.064
623.15,running,587.15625,0.0,359.7124228675517,25,69.95,1.6457457542419434,0,621.9520000000034,621.5680000000035,0.38399999999990087,2324,0.5870949989912333,0.6271500005823327,10.195503000431927,3860.014586998659,117,0.0,116,10.04803466796875,2892,75.01711799886834,16000.0,0.064
624.15,running,533.53125,0.0,343.91620825515037,25,71.6,0.6478333473205566,0,623.9360000000023,621.5680000000035,2.3679999999988013,2324,0.5870949989912333,0.6271500005823327,10.195503000431927,3860.014586998659,117,0.0,116,10.04803466796875,2892,75.01711799886834,16000.0,0.064
625.15,running,533.609375,0.0,343.800360287659,25,71.6,1.648510217666626,0,623.9360000000023,621.5680000000035,2.3679999999988013,2324,0.5870949989912333,0.6271500005823327,10.195503000431927,3860.014586998659,117,0.0,116,10.04803466796875,2892,75.01711799886834,16000.0,0.064
626.15,running,591.53125,0.0,354.75802877227983,25,71.6,0.6485607624053955,0,625.9200000000012,625.7920000000034,0.127999999997769,2328,0.5862060006620595,0.6271500005823327,7.072768999933032,3860.014586998659,118,0.0,117,10.04803466796875,1529,75.01711799886834,16000.0,0.064
627.15,running,533.53125,0.0,281.6716018959843,25,69.95,1.6491611003875732,0,625.9200000000012,625.7920000000034,0.127999999997769,2328,0.5862060006620595,0.6271500005823327,7.072768999933032,3860.014586998659,118,0.0,117,10.04803466796875,1529,75.01711799886834,16000.0,0.064
628.16,running,597.609375,0.0,307.8183305465451,25,72.15,0.649529218673706,0,627.9680000000001,627.6480000000033,0.3199999999967531,2337,0.5971880000288365,0.6271500005823327,0.26520500068727415,3860.014586998659,119,0.0,118,5.98406982421875,748,75.01711799886834,16000.0,0.064
629.17,running,598.328125,0.0,301.0328448714734,25,71.05,1.665571689605713,0,627.9680000000001,627.6480000000033,0.3199999999967531,2337,0.5971880000288365,0.6271500005823327,0.26520500068727415,3860.014586998659,119,0.0,118,5.98406982421875,748,75.01711799886834,16000.0,0.064
630.17,running,533.53125,0.0,342.7213490359559,25,71.05,0.6656947135925293,0,629.951999999999,629.824000000003,0.12799999999595002,2347,0.5954839998594252,0.6271500005823327,2.1391379996202886,3860.014586998659,119,0.0,118,5.98406982421875,748,75.01711799886834,16000.0,0.064
631.17,running,533.53125,0.0,318.73940121571184,25,70.5,1.6677279472351074,0,629.951999999999,629.824000000003,0.12799999999595002,2347,0.5954839998594252,0.6271500005823327,2.1391379996202886,3860.014586998659,119,0.0,118,5.98406982421875,748,75.01711799886834,16000.0,0.064
632.18,running,533.53125,0.0,239.30337354112578,25,68.85,0.6730606555938721,0,631.9359999999979,631.9360000000029,0.0,2356,0.6247979999898234,0.6568180015165126,1.3087820007058326,3860.014586998659,119,0.0,118,5.98406982421875,748,75.01711799886834,16000.0,0.064
633.18,running,533.53125,0.0,341.72677133494597,25,68.85,1.6737680435180664,0,631.9359999999979,631.9360000000029,0.0,2356,0.6247979999898234,0.6568180015165126,1.3087820007058326,3860.014586998659,119,0.0,118,5.98406982421875,748,75.01711799886834,16000.0,0.064
634.19,running,533.609375,0.0,360.9529614667016,25,70.5,0.682326078414917,0,633.9199999999968,633.4720000000026,0.44799999999418105,2365,0.5940769988228567,0.6568180015165126,3.397847000087495,3860.014586998659,119,0.0,118,5.98406982421875,748,75.01711799886834,16000.0,0.064
635.19,running,533.609375,0.0,363.7544264766617,25,71.05,1.6828880310058594,0,633.9199999999968,633.4720000000026,0.44799999999418105,2365,0.5940769988228567,0.6568180015165126,3.397847000087495,3860.014586998659,119,0.0,118,5.98406982421875,748,75.01711799886834,16000.0,0.064
636.19,running,563.234375,0.0,340.78609504307326,25,71.05,0.6829979419708252,0,635.9679999999956,635.9040000000024,0.063999999993257,2373,0.5841869988216786,0.6568180015165126,2.593917999547557,3860.014586998659,119,0.0,118,5.98406982421875,748,75.01711799886834,16000.0,0.064
637.2,running,533.53125,0.0,351.1457263560606,25,70.5,1.6852447986602783,0,635.9679999999956,635.9040000000024,0.063999999993257,2373,0.5841869988216786,0.6568180015165126,2.593917999547557,3860.014586998659,119,0.0,118,5.98406982421875,748,75.01711799886834,16000.0,0.064
638.2,running,533.53125,0.0,357.346697338537,25,72.7,0.6863031387329102,0,637.9519999999945,637.6960000000023,0.2559999999922411,2375,0.5880580010853009,0.6568180015165126,7.044473000860307,3860.014586998659,120,0.0,119,10.04803466796875,1604,75.01711799886834,16000.0,0.064
639.2,running,533.53125,0.0,157.86490631723473,25,68.3,1.6870036125183105,0,637.9519999999945,637.6960000000023,0.2559999999922411,2375,0.5880580010853009,0.6568180015165126,7.044473000860307,3860.014586998659,120,0.0,119,10.04803466796875,1604,75.01711799886834,16000.0,0.064
640.2,running,533.53125,0.0,241.87060043797243,25,68.85,0.6867785453796387,0,639.9359999999934,639.9360000000019,0.0,2389,0.5927059992245631,0.6568180015165126,1.0551520008448279,3860.014586998659,121,0.0,120,3.23199462890625,635,75.01711799886834,16000.0,0.064
641.2,running,533.53125,0.0,291.84916447187095,25,70.5,1.6873373985290527,0,639.9359999999934,639.9360000000019,0.0,2389,0.5927059992245631,0.6568180015165126,1.0551520008448279,3860.014586998659,121,0.0,120,3.23199462890625,635,75.01711799886834,16000.0,0.064
642.2,running,533.609375,0.0,297.7234200307647,25,69.4,0.6885442733764648,0,641.9199999999923,641.6640000000016,0.25599999999076317,2401,0.6047989991202485,0.6568180015165126,0.2855570000974694,3860.014586998659,121,0.0,120,3.23199462890625,635,75.01711799886834,16000.0,0.064
643.2,running,533.578125,0.0,345.74650592245655,25,70.5,1.6894478797912598,0,641.9199999999923,641.6640000000016,0.25599999999076317,2401,0.6047989991202485,0.6568180015165126,0.2855570000974694,3860.014586998659,121,0.0,120,3.23199462890625,635,75.01711799886834,16000.0,0.064
644.21,running,533.53125,0.0,325.69752503453094,25,70.5,0.689502477645874,0,643.9679999999912,643.7760000000013,0.19199999998988915,2411,0.6009650005580625,0.6568180015165126,0.27983400104858447,3860.014586998659,121,0.0,120,3.23199462890625,635,75.01711799886834,16000.0,0.064
645.21,running,533.53125,0.0,330.8910911091921,25,70.5,1.695770502090454,0,643.9679999999912,643.7760000000013,0.19199999998988915,2411,0.6009650005580625,0.6568180015165126,0.27983400104858447,3860.014586998659,121,0.0,120,3.23199462890625,635,75.01711799886834,16000.0,0.064
646.21,running,534.046875,0.0,302.8088848976701,25,70.5,0.6956851482391357,0,645.9519999999901,645.4400000000012,0.511999999988916,2417,0.6002619993523695,0.6568180015165126,1.8772849998640595,3860.014586998659,121,0.0,120,3.23199462890625,635,75.01711799886834,16000.0,0.064
647.21,running,533.53125,0.0,225.77017160938553,25,70.5,1.6963999271392822,0,645.9519999999901,645.4400000000012,0.511999999988916,2417,0.6002619993523695,0.6568180015165126,1.8772849998640595,3860.014586998659,121,0.0,120,3.23199462890625,635,75.01711799886834,16000.0,0.064
648.21,running,533.53125,0.0,299.7729076335312,25,69.4,0.6964948177337646,0,647.935999999989,647.4880000000009,0.44799999998815565,2432,0.6005580016790191,0.6568180015165126,0.2553710000938736,3860.014586998659,122,0.0,121,6.4000244140625,259,75.01711799886834,16000.0,0.064
649.22,running,533.53125,0.0,231.7576257891333,25,68.85,1.6973371505737305,0,647.935999999989,647.4880000000009,0.44799999998815565,2432,0.6005580016790191,0.6568180015165126,0.2553710000938736,3860.014586998659,122,0.0,121,6.4000244140625,259,75.01711799886834,16000.0,0.064
650.22,running,533.53125,0.0,262.8126544771872,25,68.85,0.6965999603271484,0,649.9839999999879,649.5360000000005,0.44799999998735984,2447,0.6017060004523955,0.6568180015165126,0.2576489987404784,3860.014586998659,123,0.0,122,3.23199462890625,374,75.01711799886834,16000.0,0.064
651.22,running,533.53125,0.0,211.8030248812234,25,67.75,1.6986842155456543,0,649.9839999999879,649.5360000000005,0.44799999998735984,2447,0.6017060004523955,0.6568180015165126,0.2576489987404784,3860.014586998659,123,0.0,122,3.23199462890625,374,75.01711799886834,16000.0,0.064
652.22,running,579.71875,0.0,312.389395565585,25,69.4,0.6990580558776855,0,651.9679999999868,651.5840000000001,0.3839999999867132,2464,0.6046879989298759,0.6568180015165126,0.25792700034799054,3860.014586998659,123,0.0,122,3.23199462890625,374,75.01711799886834,16000.0,0.064
653.23,running,534.265625,0.0,360.1544988376251,25,69.95,1.703681230545044,0,651.9679999999868,651.5840000000001,0.3839999999867132,2464,0.6046879989298759,0.6568180015165126,0.25792700034799054,3860.014586998659,123,0.0,122,3.23199462890625,374,75.01711799886834,16000.0,0.064
654.23,running,533.53125,0.0,351.7923092087396,25,70.5,0.7010304927825928,0,653.9519999999857,653.3759999999999,0.575999999985811,2472,0.6122609993326478,0.6568180015165126,2.1238600002106978,3860.014586998659,123,0.0,122,3.23199462890625,374,75.01711799886834,16000.0,0.064
655.23,running,533.609375,0.0,348.81399335534235,25,69.95,1.7044227123260498,0,653.9519999999857,653.3759999999999,0.575999999985811,2472,0.6122609993326478,0.6568180015165126,2.1238600002106978,3860.014586998659,123,0.0,122,3.23199462890625,374,75.01711799886834,16000.0,0.064
656.23,running,533.53125,0.0,351.77725042333435,25,71.05,0.7055294513702393,0,655.9359999999846,654.6559999999997,1.2799999999848524,2476,0.6505210003524553,0.6605019989365246,1.824471000873018,3860.014586998659,123,0.0,122,3.23199462890625,374,75.01711799886834,16000.0,0.064
657.23,running,533.609375,0.0,333.44890998698975,25,69.95,1.7061653137207031,0,655.9359999999846,654.6559999999997,1.2799999999848524,2476,0.6505210003524553,0.6605019989365246,1.824471000873018,3860.014586998659,123,0.0,122,3.23199462890625,374,75.01711799886834,16000.0,0.064
658.23,running,533.53125,0.0,332.80153713137247,25,70.5,0.7060401439666748,0,657.9839999999834,657.7279999999996,0.2559999999838283,2482,0.6176320002850844,0.6605019989365246,2.6303619997634087,3860.014586998659,124,0.0,123,7.36004638671875,584,75.01711799886834,16000.0,0.064
659.24,running,533.53125,0.0,351.7615812768347,25,71.05,1.7071475982666016,0,657.9839999999834,657.7279999999996,0.2559999999838283,2482,0.6176320002850844,0.6605019989365246,2.6303619997634087,3860.014586998659,124,0.0,123,7.36004638671875,584,75.01711799886834,16000.0,0.064
660.24,running,533.609375,0.0,351.4358748948277,25,72.15,0.7107479572296143,0,659.9679999999823,659.4559999999994,0.5119999999828906,2486,0.6136870015325258,0.6605019989365246,3.6716070007969392,3860.014586998659,124,0.0,123,7.36004638671875,584,75.01711799886834,16000.0,0.064
661.24,running,533.546875,0.0,356.7296028848043,25,69.4,1.7114555835723877,0,659.9679999999823,659.4559999999994,0.5119999999828906,2486,0.6136870015325258,0.6605019989365246,3.6716070007969392,3860.014586998659,124,0.0,123,7.36004638671875,584,75.01711799886834,16000.0,0.064
662.24,running,533.53125,0.0,336.7679833609216,25,71.05,0.7115395069122314,0,661.9519999999812,660.7359999999994,1.2159999999818183,2488,0.6193919998622732,0.6605019989365246,4.96722400021099,3860.014586998659,124,0.0,123,7.36004638671875,584,75.01711799886834,16000.0,0.064
663.24,running,533.609375,0.0,351.77010311142095,25,71.05,1.7123417854309082,0,661.9519999999812,660.7359999999994,1.2159999999818183,2488,0.6193919998622732,0.6605019989365246,4.96722400021099,3860.014586998659,124,0.0,123,7.36004638671875,584,75.01711799886834,16000.0,0.064
664.24,running,597.609375,0.0,350.72747633374405,25,71.05,0.7124876976013184,0,663.9359999999801,662.4639999999994,1.471999999980767,2490,0.6185389993333956,0.6605019989365246,6.8002119987795595,3860.014586998659,124,0.0,123,7.36004638671875,584,75.01711799886834,16000.0,0.064
665.24,running,542.53125,0.0,340.66603146249105,25,71.05,1.7131977081298828,0,663.9359999999801,662.4639999999994,1.471999999980767,2490,0.6185389993333956,0.6605019989365246,6.8002119987795595,3860.014586998659,124,0.0,123,7.36004638671875,584,75.01711799886834,16000.0,0.064
666.25,running,582.796875,0.0,337.61186492782866,25,71.05,0.716759204864502,0,665.983999999979,664.8319999999993,1.1519999999796937,2492,0.6188360002852278,0.6605019989365246,9.384110999235418,3860.014586998659,125,0.0,124,6.27203369140625,1726,75.01711799886834,16000.0,0.064
667.25,running,533.9375,0.0,342.7754488320361,25,71.6,1.7174005508422852,0,665.983999999979,664.8319999999993,1.1519999999796937,2492,0.6188360002852278,0.6605019989365246,9.384110999235418,3860.014586998659,125,0.0,124,6.27203369140625,1726,75.01711799886834,16000.0,0.064
668.25,running,533.53125,0.0,354.78285834467073,25,71.05,0.7136411666870117,0,667.9679999999779,667.8399999999991,0.1279999999787833,2500,0.6160020002425881,0.6605019989365246,1.8265259986947058,3860.014586998659,125,0.0,124,6.27203369140625,1726,75.01711799886834,16000.0,0.064
669.25,running,554.859375,0.0,351.7843027510679,25,72.15,1.7142882347106934,0,667.9679999999779,667.8399999999991,0.1279999999787833,2500,0.6160020002425881,0.6605019989365246,1.8265259986947058,3860.014586998659,125,0.0,124,6.27203369140625,1726,75.01711799886834,16000.0,0.064
670.25,running,533.53125,0.0,340.7635404306157,25,71.6,0.7145466804504395,0,669.9519999999768,669.3119999999991,0.6399999999777037,2504,0.6240209986572154,0.6605019989365246,3.112827000222751,3860.014586998659,125,0.0,124,6.27203369140625,1726,75.01711799886834,16000.0,0.064
671.25,running,597.609375,0.0,333.6975572233034,25,71.6,1.7152633666992188,0,669.9519999999768,669.3119999999991,0.6399999999777037,2504,0.6240209986572154,0.6605019989365246,3.112827000222751,3860.014586998659,125,0.0,124,6.27203369140625,1726,75.01711799886834,16000.0,0.064
672.26,running,534.65625,0.0,356.3866969396872,25,72.7,0.7182459831237793,0,671.9359999999757,671.7439999999989,0.19199999997681516,2513,0.6206319994817022,0.6605019989365246,2.4237500001618173,3860.014586998659,125,0.0,124,6.27203369140625,1726,75.01711799886834,16000.0,0.064
673.26,running,533.53125,0.0,248.8506935656039,25,70.5,1.7188324928283691,0,671.9359999999757,671.7439999999989,0.19199999997681516,2513,0.6206319994817022,0.6605019989365246,2.4237500001618173,3860.014586998659,125,0.0,124,6.27203369140625,1726,75.01711799886834,16000.0,0.064
674.26,running,533.53125,0.0,339.8008695544693,25,72.7,0.7182893753051758,0,673.9839999999746,673.5359999999986,0.44799999997599116,2523,0.6226500008779112,0.6605019989365246,0.2717600000323728,3860.014586998659,127,0.0,126,0.83203125,248,75.01711799886834,16000.0,0.064
675.26,running,533.53125,0.0,254.83673400472478,25,68.3,1.7189202308654785,0,673.9839999999746,673.5359999999986,0.44799999997599116,2523,0.6226500008779112,0.6605019989365246,0.2717600000323728,3860.014586998659,127,0.0,126,0.83203125,248,75.01711799886834,16000.0,0.064
676.26,running,533.609375,0.0,354.7864508416503,25,72.15,0.7187271118164062,0,675.9679999999735,675.5839999999982,0.3839999999752308,2535,0.624798998615006,0.6771499993192265,0.25709399960760493,3860.014586998659,127,0.0,126,0.83203125,248,75.01711799886834,16000.0,0.064
677.26,running,535.375,0.0,355.7926646713201,25,71.6,1.7193186283111572,0,675.9679999999735,675.5839999999982,0.3839999999752308,2535,0.624798998615006,0.6771499993192265,0.25709399960760493,3860.014586998659,127,0.0,126,0.83203125,248,75.01711799886834,16000.0,0.064
678.26,running,533.609375,0.0,353.79030706977994,25,70.5,0.7193186283111572,0,677.9519999999724,677.3759999999982,0.5759999999742149,2541,0.637131999610574,0.6771499993192265,2.338285999940126,3860.014586998659,127,0.0,126,0.83203125,248,75.01711799886834,16000.0,0.064
679.26,running,547.234375,0.0,343.78981034789,25,71.05,1.7199442386627197,0,677.9519999999724,677.3759999999982,0.5759999999742149,2541,0.637131999610574,0.6771499993192265,2.338285999940126,3860.014586998659,127,0.0,126,0.83203125,248,75.01711799886834,16000.0,0.064
680.26,running,533.53125,0.0,323.75782701333696,25,70.5,0.7231829166412354,0,679.9999999999712,679.743999999998,0.2559999999732554,2548,0.6257250006456161,0.6771499993192265,0.2748529987002257,3860.014586998659,127,0.0,126,0.83203125,248,75.01711799886834,16000.0,0.064
681.26,running,536.40625,0.0,364.74496193379224,25,71.6,1.7238259315490723,0,679.9999999999712,679.743999999998,0.2559999999732554,2548,0.6257250006456161,0.6771499993192265,0.2748529987002257,3860.014586998659,127,0.0,126,0.83203125,248,75.01711799886834,16000.0,0.064
682.27,running,533.609375,0.0,360.7647546830499,25,71.6,0.7233355045318604,0,681.9839999999701,681.9199999999979,0.06399999997222494,2554,0.6336320002446882,0.6771499993192265,2.3762310011079535,3860.014586998659,127,0.0,126,0.83203125,248,75.01711799886834,16000.0,0.064
683.27,running,594.421875,0.0,309.8212619454076,25,71.05,1.723958969116211,0,681.9839999999701,681.9199999999979,0.06399999997222494,2554,0.6336320002446882,0.6771499993192265,2.3762310011079535,3860.014586998659,127,0.0,126,0.83203125,248,75.01711799886834,16000.0,0.064
684.27,running,533.609375,0.0,333.7879585289454,25,70.5,0.7240095138549805,0,683.967999999969,683.3279999999978,0.6399999999712236,2559,0.6284659993980313,0.6771499993192265,0.2802600010909373,3860.014586998659,128,0.0,127,10.04803466796875,572,75.01711799886834,16000.0,0.064
685.27,running,533.546875,0.0,333.79253592273557,25,71.05,1.724679946899414,0,683.967999999969,683.3279999999978,0.6399999999712236,2559,0.6284659993980313,0.6771499993192265,0.2802600010909373,3860.014586998659,128,0.0,127,10.04803466796875,572,75.01711799886834,16000.0,0.064
686.27,running,533.546875,0.0,355.7689479912025,25,71.6,0.7245595455169678,0,685.9519999999679,685.1199999999977,0.8319999999702077,2563,0.615853999988758,0.6809290007367963,4.146961000515148,3860.014586998659,128,0.0,127,10.04803466796875,572,75.01711799886834,16000.0,0.064
687.27,running,533.53125,0.0,329.63809624977023,25,71.05,1.728642463684082,0,685.9519999999679,685.1199999999977,0.8319999999702077,2563,0.615853999988758,0.6809290007367963,4.146961000515148,3860.014586998659,128,0.0,127,10.04803466796875,572,75.01711799886834,16000.0,0.064
688.27,running,533.609375,0.0,355.77197720080045,25,71.6,0.7253217697143555,0,687.9999999999668,687.4879999999977,0.5119999999691345,2567,0.6430770008591935,0.6809290007367963,5.2351499998621875,3860.014586998659,128,0.0,127,10.04803466796875,572,75.01711799886834,16000.0,0.064
689.27,running,535.5,0.0,360.67927641354237,25,69.95,1.7260429859161377,0,687.9999999999668,687.4879999999977,0.5119999999691345,2567,0.6430770008591935,0.6809290007367963,5.2351499998621875,3860.014586998659,128,0.0,127,10.04803466796875,572,75.01711799886834,16000.0,0.064
690.27,running,535.953125,0.0,350.7420106619182,25,71.6,0.7262063026428223,0,689.9839999999657,689.1519999999977,0.8319999999680476,2569,0.6393540006683907,0.6809290007367963,6.599599999390193,3860.014586998659,128,0.0,127,10.04803466796875,572,75.01711799886834,16000.0,0.064
691.28,running,533.53125,0.0,341.6053573363697,25,71.05,1.7287261486053467,0,689.9839999999657,689.1519999999977,0.8319999999680476,2569,0.6393540006683907,0.6809290007367963,6.599599999390193,3860.014586998659,128,0.0,127,10.04803466796875,572,75.01711799886834,16000.0,0.064
692.28,running,597.609375,0.0,360.3506175673925,25,71.6,0.7314243316650391,0,691.9679999999646,691.6479999999975,0.31999999996708084,2575,0.6831130012869835,0.6831130012869835,2.5905099992087344,3860.014586998659,128,0.0,127,10.04803466796875,572,75.01711799886834,16000.0,0.064
693.28,running,591.28125,0.0,342.61327252769473,25,71.05,1.7321288585662842,0,691.9679999999646,691.6479999999975,0.31999999996708084,2575,0.6831130012869835,0.6831130012869835,2.5905099992087344,3860.014586998659,128,0.0,127,10.04803466796875,572,75.01711799886834,16000.0,0.064
694.28,running,539.71875,0.0,348.7771328072553,25,72.7,0.732114315032959,0,693.9519999999635,693.3119999999975,0.639999999965994,2577,0.6298730004345998,0.6831130012869835,6.478839999545016,3860.014586998659,129,0.0,128,10.0479736328125,1242,75.01711799886834,16000.0,0.064
695.28,running,569.53125,0.0,287.8197353335199,25,72.7,1.7327206134796143,0,693.9519999999635,693.3119999999975,0.639999999965994,2577,0.6298730004345998,0.6831130012869835,6.478839999545016,3860.014586998659,129,0.0,128,10.0479736328125,1242,75.01711799886834,16000.0,0.064
696.28,running,533.53125,0.0,343.7919309352548,25,69.95,0.7323462963104248,0,695.9999999999624,695.8719999999971,0.12799999996525457,2588,0.6456689989136066,0.6886139999551233,2.0900640010950156,3860.014586998659,129,0.0,128,10.0479736328125,1242,75.01711799886834,16000.0,0.064
697.28,running,533.609375,0.0,356.7815127103522,25,72.7,1.7332193851470947,0,695.9999999999624,695.8719999999971,0.12799999996525457,2588,0.6456689989136066,0.6886139999551233,2.0900640010950156,3860.014586998659,129,0.0,128,10.0479736328125,1242,75.01711799886834,16000.0,0.064
698.29,running,533.53125,0.0,340.5125746734931,25,71.05,0.7368025779724121,0,697.9839999999613,696.5759999999971,1.407999999964204,2590,0.6452990000980208,0.6886139999551233,2.6454550006747013,3860.014586998659,129,0.0,128,10.0479736328125,1242,75.01711799886834,16000.0,0.064
699.29,running,597.609375,0.0,347.7811315959172,25,71.05,1.737760305404663,0,697.9839999999613,696.5759999999971,1.407999999964204,2590,0.6452990000980208,0.6886139999551233,2.6454550006747013,3860.014586998659,129,0.0,128,10.0479736328125,1242,75.01711799886834,16000.0,0.064
700.29,running,533.53125,0.0,345.6556450576164,25,71.6,0.734173059463501,0,699.9679999999602,698.303999999997,1.6639999999631527,2592,0.6326870006887475,0.6886139999551233,6.756971000868361,3860.014586998659,129,0.0,128,10.0479736328125,1242,75.01711799886834,16000.0,0.064
701.29,running,533.53125,0.0,362.72692901140323,25,71.05,1.7348127365112305,0,699.9679999999602,698.303999999997,1.6639999999631527,2592,0.6326870006887475,0.6886139999551233,6.756971000868361,3860.014586998659,129,0.0,128,10.0479736328125,1242,75.01711799886834,16000.0,0.064
702.29,running,533.578125,0.0,355.771300601867,25,71.05,0.7348814010620117,0,702.015999999959,701.5679999999969,0.44799999996212136,2596,0.6484099994850112,0.6886139999551233,4.449091999049415,3860.014586998659,129,0.0,128,10.0479736328125,1242,75.01711799886834,16000.0,0.064
703.29,running,597.609375,0.0,349.771038129935,25,71.05,1.7358717918395996,0,702.015999999959,701.5679999999969,0.44799999996212136,2596,0.6484099994850112,0.6886139999551233,4.449091999049415,3860.014586998659,129,0.0,128,10.0479736328125,1242,75.01711799886834,16000.0,0.064
704.3,running,533.6875,0.0,345.48294981867673,25,71.6,0.7397336959838867,0,703.9999999999579,701.5679999999969,2.431999999961022,2596,0.6484099994850112,0.6886139999551233,4.449091999049415,3860.014586998659,129,0.0,128,10.0479736328125,1242,75.01711799886834,16000.0,0.064
705.3,running,533.6875,0.0,351.62703623563533,25,70.5,1.7414424419403076,0,703.9999999999579,701.5679999999969,2.431999999961022,2596,0.6484099994850112,0.6886139999551233,4.449091999049415,3860.014586998659,129,0.0,128,10.0479736328125,1242,75.01711799886834,16000.0,0.064
706.3,running,533.6875,0.0,153.73523425859747,25,67.2,0.7427878379821777,0,705.9839999999568,705.5999999999968,0.3839999999599968,2600,0.6471880005847197,0.6886139999551233,4.437665000295965,3860.014586998659,130,0.0,129,10.0479736328125,2484,75.01711799886834,16000.0,0.064
707.3,running,533.6875,0.0,206.93309682228264,25,68.85,1.746309757232666,0,705.9839999999568,705.5999999999968,0.3839999999599968,2600,0.6471880005847197,0.6886139999551233,4.437665000295965,3860.014586998659,130,0.0,129,10.0479736328125,2484,75.01711799886834,16000.0,0.064
708.3,running,533.6875,0.0,38.97473166816012,25,66.1,0.7471137046813965,0,707.9679999999557,707.9679999999962,0.0,2625,0.6590949997189455,0.6886139999551233,0.25992699920607265,3860.014586998659,131,0.0,131,1.343994140625,122,75.01711799886834,16000.0,0.064
709.31,running,533.6875,0.0,173.77968385440514,25,66.1,1.7496318817138672,0,707.9679999999557,707.9679999999962,0.0,2625,0.6590949997189455,0.6886139999551233,0.25992699920607265,3860.014586998659,131,0.0,131,1.343994140625,122,75.01711799886834,16000.0,0.064
710.31,running,533.6875,0.0,241.35667729291723,25,66.65,0.749950647354126,0,710.0159999999546,710.0159999999954,0.0,2650,0.647501999992528,0.6886139999551233,0.27835299988510087,3860.014586998659,133,0.0,132,1.0240478515625,309,75.01711799886834,16000.0,0.064
711.31,running,597.765625,0.0,275.0540577393101,25,68.85,1.7539355754852295,0,710.0159999999546,710.0159999999954,0.0,2650,0.647501999992528,0.6886139999551233,0.27835299988510087,3860.014586998659,133,0.0,132,1.0240478515625,309,75.01711799886834,16000.0,0.064
712.31,running,598.65625,0.0,331.58852549843124,25,68.85,0.7541844844818115,0,711.9999999999535,711.807999999995,0.19199999995851158,2662,0.7026879993645707,0.7026879993645707,2.0708600004581967,3860.014586998659,133,0.0,132,1.0240478515625,309,75.01711799886834,16000.0,0.064
713.31,running,533.6875,0.0,344.78090759310203,25,67.75,1.754866123199463,0,711.9999999999535,711.807999999995,0.19199999995851158,2662,0.7026879993645707,0.7026879993645707,2.0708600004581967,3860.014586998659,133,0.0,132,1.0240478515625,309,75.01711799886834,16000.0,0.064
714.31,running,597.765625,0.0,357.74652692621424,25,68.85,0.7514200210571289,0,713.9839999999524,713.5359999999948,0.4479999999575739,2668,0.6574840008397587,0.7026879993645707,2.3979910001799,3860.014586998659,133,0.0,132,1.0240478515625,309,75.01711799886834,16000.0,0.064
715.32,running,599.828125,0.0,349.12235851048905,25,69.95,1.756443977355957,0,713.9839999999524,713.5359999999948,0.4479999999575739,2668,0.6574840008397587,0.7026879993645707,2.3979910001799,3860.014586998659,133,0.0,132,1.0240478515625,309,75.01711799886834,16000.0,0.064
716.32,running,533.6875,0.0,343.75287056112376,25,69.95,0.756331205368042,0,715.9679999999513,715.3919999999947,0.5759999999565935,2674,0.699187999998685,0.7026879993645707,2.336305000426364,3860.014586998659,133,0.0,132,1.0240478515625,309,75.01711799886834,16000.0,0.064
717.32,running,536.796875,0.0,363.72183063660435,25,70.5,1.7571799755096436,0,715.9679999999513,715.3919999999947,0.5759999999565935,2674,0.699187999998685,0.7026879993645707,2.336305000426364,3860.014586998659,133,0.0,132,1.0240478515625,309,75.01711799886834,16000.0,0.064
718.32,running,536.546875,0.0,345.7085200094888,25,71.05,0.7576477527618408,0,718.0159999999502,717.9519999999945,0.06399999995562666,2682,0.6567430009454256,0.7026879993645707,2.363435000006575,3860.014586998659,133,0.0,132,1.0240478515625,309,75.01711799886834,16000.0,0.064
719.32,running,591.4375,0.0,350.6873397928504,25,71.05,1.7589526176452637,0,718.0159999999502,717.9519999999945,0.06399999995562666,2682,0.6567430009454256,0.7026879993645707,2.363435000006575,3860.014586998659,133,0.0,132,1.0240478515625,309,75.01711799886834,16000.0,0.064
720.32,running,533.6875,0.0,208.7225861843616,25,67.75,0.7587671279907227,0,719.9999999999491,719.8079999999944,0.19199999995464623,2688,0.6563730003108503,0.7026879993645707,2.6349359995947452,3860.014586998659,134,0.0,133,10.04803466796875,449,75.01711799886834,16000.0,0.064
721.33,running,533.765625,0.0,311.91692058369637,25,69.4,1.7622613906860352,0,719.9999999999491,719.8079999999944,0.19199999995464623,2688,0.6563730003108503,0.7026879993645707,2.6349359995947452,3860.014586998659,134,0.0,133,10.04803466796875,449,75.01711799886834,16000.0,0.064
722.33,running,541.28125,0.0,248.8273076276813,25,69.95,0.7624473571777344,0,721.983999999948,721.855999999994,0.12799999995399958,2704,0.6542980008816812,0.8410770005866652,0.2665010015334701,3860.014586998659,134,0.0,133,10.04803466796875,449,75.01711799886834,16000.0,0.064
723.33,running,598.8125,0.0,321.6379341075212,25,69.4,1.7636587619781494,0,721.983999999948,721.855999999994,0.12799999995399958,2704,0.6542980008816812,0.8410770005866652,0.2665010015334701,3860.014586998659,134,0.0,133,10.04803466796875,449,75.01711799886834,16000.0,0.064
724.33,running,597.984375,0.0,186.7843975715138,25,68.3,0.7638442516326904,0,723.9679999999469,723.9679999999935,0.0,2718,0.6552989998453995,0.8410770005866652,0.25629800074966624,3860.014586998659,135,0.0,134,4.35205078125,503,75.01711799886834,16000.0,0.064
725.33,running,533.6875,0.0,245.8425862544524,25,68.85,1.7645318508148193,0,723.9679999999469,723.9679999999935,0.0,2718,0.6552989998453995,0.8410770005866652,0.25629800074966624,3860.014586998659,135,0.0,134,4.35205078125,503,75.01711799886834,16000.0,0.064
726.34,running,533.6875,0.0,245.91407957396214,25,68.85,0.7658686637878418,0,726.0159999999457,726.015999999993,0.0,2735,0.6632069998886436,0.8410770005866652,0.2704450016608462,3860.014586998659,135,0.0,134,4.35205078125,503,75.01711799886834,16000.0,0.064
727.34,running,533.6875,0.0,358.76257702601305,25,70.5,1.7668445110321045,0,726.0159999999457,726.015999999993,0.0,2735,0.6632069998886436,0.8410770005866652,0.2704450016608462,3860.014586998659,135,0.0,134,4.35205078125,503,75.01711799886834,16000.0,0.064
728.34,running,595.484375,0.0,346.6711865392253,25,69.4,0.7675011157989502,0,727.9999999999446,727.6159999999928,0.38399999995181133,2744,0.6633360007981537,0.8410770005866652,1.8828399988706224,3860.014586998659,135,0.0,134,4.35205078125,503,75.01711799886834,16000.0,0.064
729.34,running,533.765625,0.0,362.5716795721828,25,69.95,1.768357276916504,0,727.9999999999446,727.6159999999928,0.38399999995181133,2744,0.6633360007981537,0.8410770005866652,1.8828399988706224,3860.014586998659,135,0.0,134,4.35205078125,503,75.01711799886834,16000.0,0.064
730.34,running,533.6875,0.0,346.71240033064095,25,71.05,0.7689201831817627,0,729.9839999999435,729.9199999999927,0.06399999995085182,2752,0.6502059986814857,0.8410770005866652,2.3569719996885397,3860.014586998659,135,0.0,134,4.35205078125,503,75.01711799886834,16000.0,0.064
731.34,running,533.6875,0.0,297.7056638937379,25,69.95,1.7727513313293457,0,729.9839999999435,729.9199999999927,0.06399999995085182,2752,0.6502059986814857,0.8410770005866652,2.3569719996885397,3860.014586998659,135,0.0,134,4.35205078125,503,75.01711799886834,16000.0,0.064
732.34,running,533.765625,0.0,362.691555857841,25,68.85,0.7693376541137695,0,732.0319999999424,731.6479999999925,0.38399999994987866,2760,0.6584660004591569,0.8410770005866652,0.25924200053850655,3860.014586998659,135,0.0,134,4.35205078125,503,75.01711799886834,16000.0,0.064
733.35,running,569.390625,0.0,348.77076587976876,25,70.5,1.770575761795044,0,732.0319999999424,731.6479999999925,0.38399999994987866,2760,0.6584660004591569,0.8410770005866652,0.25924200053850655,3860.014586998659,135,0.0,134,4.35205078125,503,75.01711799886834,16000.0,0.064
734.35,running,533.6875,0.0,349.1922245208757,25,70.5,0.7749507427215576,0,734.0159999999413,733.3759999999925,0.6399999999488273,2764,0.6534280000778381,0.8410770005866652,3.9150709999375977,3860.014586998659,135,0.0,134,4.35205078125,503,75.01711799886834,16000.0,0.064
735.35,running,597.765625,0.0,358.6042522362655,25,70.5,1.7761313915252686,0,734.0159999999413,733.3759999999925,0.6399999999488273,2764,0.6534280000778381,0.8410770005866652,3.9150709999375977,3860.014586998659,135,0.0,134,4.35205078125,503,75.01711799886834,16000.0,0.064
736.35,running,533.6875,0.0,349.6195796350071,25,70.5,0.7765061855316162,0,735.9999999999402,735.0399999999925,0.9599999999477404,2766,0.6620579988521058,0.8410770005866652,6.633062999753747,3860.014586998659,136,0.0,135,10.0479736328125,1348,75.01711799886834,16000.0,0.064
737.35,running,533.765625,0.0,354.68652840057393,25,71.05,1.7771692276000977,0,735.9999999999402,735.0399999999925,0.9599999999477404,2766,0.6620579988521058,0.8410770005866652,6.633062999753747,3860.014586998659,136,0.0,135,10.0479736328125,1348,75.01711799886834,16000.0,0.064
738.35,running,599.3125,0.0,346.7761358917342,25,70.5,0.7770020961761475,0,737.9839999999391,737.2799999999924,0.7039999999467454,2771,0.6696689997625072,0.8410770005866652,2.3347320002358174,3860.014586998659,136,0.0,135,10.0479736328125,1348,75.01711799886834,16000.0,0.064
739.36,running,533.6875,0.0,332.7760842906054,25,72.15,1.7776811122894287,0,737.9839999999391,737.2799999999924,0.7039999999467454,2771,0.6696689997625072,0.8410770005866652,2.3347320002358174,3860.014586998659,136,0.0,135,10.0479736328125,1348,75.01711799886834,16000.0,0.064
740.36,running,533.6875,0.0,337.7745783661889,25,69.95,0.7779214382171631,0,740.031999999938,739.5199999999924,0.5119999999456013,2775,0.6690949994663242,0.8410770005866652,4.725222001070506,3860.014586998659,136,0.0,135,10.0479736328125,1348,75.01711799886834,16000.0,0.064
741.36,running,533.734375,0.0,366.4410188262829,25,69.4,1.7826168537139893,0,740.031999999938,739.5199999999924,0.5119999999456013,2775,0.6690949994663242,0.8410770005866652,4.725222001070506,3860.014586998659,136,0.0,135,10.0479736328125,1348,75.01711799886834,16000.0,0.064
742.36,running,533.765625,0.0,347.5535983350032,25,70.5,0.7827126979827881,0,742.0159999999369,740.7359999999924,1.2799999999444935,2777,0.658354998449795,0.8410770005866652,4.685054998844862,3860.014586998659,136,0.0,135,10.0479736328125,1348,75.01711799886834,16000.0,0.064
743.36,running,535.546875,0.0,352.7693537523183,25,70.5,1.7833261489868164,0,742.0159999999369,740.7359999999924,1.2799999999444935,2777,0.658354998449795,0.8410770005866652,4.685054998844862,3860.014586998659,136,0.0,135,10.0479736328125,1348,75.01711799886834,16000.0,0.064
744.36,running,549.640625,0.0,350.77935943196286,25,70.5,0.7838592529296875,0,743.9999999999358,743.2319999999924,0.7679999999434131,2779,0.668910000968026,0.8410770005866652,9.856557000603061,3860.014586998659,136,0.0,135,10.0479736328125,1348,75.01711799886834,16000.0,0.064
745.36,running,533.6875,0.0,342.5281476103094,25,70.5,1.784672498703003,0,743.9999999999358,743.2319999999924,0.7679999999434131,2779,0.668910000968026,0.8410770005866652,9.856557000603061,3860.014586998659,136,0.0,135,10.0479736328125,1348,75.01711799886834,16000.0,0.064
746.37,running,597.765625,0.0,349.57761552548743,25,72.15,0.784843921661377,0,745.9839999999347,745.6639999999924,0.3199999999422971,2781,0.6596690000151284,0.8410770005866652,9.630038000977947,3860.014586998659,137,0.0,136,10.0479736328125,1997,75.01711799886834,16000.0,0.064
747.37,running,591.375,0.0,319.6583501141316,25,70.5,1.786125659942627,0,745.9839999999347,745.6639999999924,0.3199999999422971,2781,0.6596690000151284,0.8410770005866652,9.630038000977947,3860.014586998659,137,0.0,136,10.0479736328125,1997,75.01711799886834,16000.0,0.064
748.37,running,569.21875,0.0,234.69399751719627,25,69.95,0.786879301071167,0,748.0319999999335,748.0319999999921,0.0,2793,0.722372999007348,0.8410770005866652,0.2623899999889545,3860.014586998659,138,0.0,137,3.42401123046875,752,75.01711799886834,16000.0,0.064
749.37,running,533.6875,0.0,288.630397807897,25,69.4,1.7877185344696045,0,748.0319999999335,748.0319999999921,0.0,2793,0.722372999007348,0.8410770005866652,0.2623899999889545,3860.014586998659,138,0.0,137,3.42401123046875,752,75.01711799886834,16000.0,0.064
750.37,running,574.40625,0.0,356.71370407803215,25,71.6,0.7854297161102295,0,750.0159999999324,749.7599999999919,0.2559999999405136,2803,0.6810770009906264,0.8410770005866652,2.6029910004581325,3860.014586998659,138,0.0,137,3.42401123046875,752,75.01711799886834,16000.0,0.064
751.38,running,533.765625,0.0,356.73958268946757,25,72.15,1.7885854244232178,0,750.0159999999324,749.7599999999919,0.2559999999405136,2803,0.6810770009906264,0.8410770005866652,2.6029910004581325,3860.014586998659,138,0.0,137,3.42401123046875,752,75.01711799886834,16000.0,0.064
752.38,running,533.765625,0.0,343.72592978609373,25,69.95,0.7887458801269531,0,751.9999999999313,751.9999999999918,0.0,2807,0.7065959998726612,0.8410770005866652,4.366850998849259,3860.014586998659,138,0.0,137,3.42401123046875,752,75.01711799886834,16000.0,0.064
753.38,running,533.6875,0.0,356.75662669439834,25,71.05,1.7895519733428955,0,751.9999999999313,751.9999999999918,0.0,2807,0.7065959998726612,0.8410770005866652,4.366850998849259,3860.014586998659,138,0.0,137,3.42401123046875,752,75.01711799886834,16000.0,0.064
754.38,running,545.296875,0.0,363.7189870729667,25,70.5,0.7870974540710449,0,754.0479999999302,753.4079999999918,0.6399999999383681,2809,0.7211700012703659,0.8410770005866652,5.570651999732945,3860.014586998659,138,0.0,137,3.42401123046875,752,75.01711799886834,16000.0,0.064
755.38,running,536.703125,0.0,359.5775032656443,25,71.6,1.792203426361084,0,754.0479999999302,753.4079999999918,0.6399999999383681,2809,0.7211700012703659,0.8410770005866652,5.570651999732945,3860.014586998659,138,0.0,137,3.42401123046875,752,75.01711799886834,16000.0,0.064
756.38,running,533.6875,0.0,348.2472472275266,25,69.4,0.7896714210510254,0,756.0319999999291,755.5199999999916,0.5119999999375295,2815,0.6822800005465979,0.8410770005866652,2.1212680003372952,3860.014586998659,138,0.0,137,3.42401123046875,752,75.01711799886834,16000.0,0.064
757.39,running,533.765625,0.0,344.5158212541671,25,71.6,1.7903082370758057,0,756.0319999999291,755.5199999999916,0.5119999999375295,2815,0.6822800005465979,0.8410770005866652,2.1212680003372952,3860.014586998659,138,0.0,137,3.42401123046875,752,75.01711799886834,16000.0,0.064
758.39,running,555.5,0.0,332.78080327493205,25,70.5,0.7909274101257324,0,758.015999999928,758.0159999999914,0.0,2821,0.6760209998901701,0.8410770005866652,2.5921209999069106,3860.014586998659,139,0.0,138,10.04803466796875,986,75.01711799886834,16000.0,0.064
759.39,running,570.015625,0.0,349.59503994341594,25,70.5,1.7921438217163086,0,758.015999999928,758.0159999999914,0.0,2821,0.6760209998901701,0.8410770005866652,2.5921209999069106,3860.014586998659,139,0.0,138,10.04803466796875,986,75.01711799886834,16000.0,0.064
760.39,running,533.734375,0.0,343.51346745457664,25,71.6,0.7927048206329346,0,759.9999999999269,758.9119999999914,1.087999999935505,2823,0.6826879998698132,0.8410770005866652,3.3814570015238132,3860.014586998659,139,0.0,138,10.04803466796875,986,75.01711799886834,16000.0,0.064
761.39,running,533.6875,0.0,344.70254169900517,25,71.6,1.7933273315429688,0,759.9999999999269,758.9119999999914,1.087999999935505,2823,0.6826879998698132,0.8410770005866652,3.3814570015238132,3860.014586998659,139,0.0,138,10.04803466796875,986,75.01711799886834,16000.0,0.064
762.39,running,533.765625,0.0,351.78043870161207,25,69.95,0.7936325073242188,0,762.0479999999258,761.5359999999914,0.5119999999343463,2827,0.67589199898066,0.8410770005866652,5.446707000373863,3860.014586998659,139,0.0,138,10.04803466796875,986,75.01711799886834,16000.0,0.064
763.39,running,533.6875,0.0,330.70889151441264,25,68.85,1.795382022857666,0,762.0479999999258,761.5359999999914,0.5119999999343463,2827,0.67589199898066,0.8410770005866652,5.446707000373863,3860.014586998659,139,0.0,138,10.04803466796875,986,75.01711799886834,16000.0,0.064
764.4,running,533.765625,0.0,251.57860978606232,25,69.4,0.7992100715637207,0,764.0319999999247,764.0319999999913,0.0,2832,0.683113999912166,0.8410770005866652,0.27248300102655776,3860.014586998659,141,0.0,140,1.0240478515625,221,75.01711799886834,16000.0,0.064
765.4,running,598.359375,0.0,277.845354887527,25,69.4,1.7998459339141846,0,764.0319999999247,764.0319999999913,0.0,2832,0.683113999912166,0.8410770005866652,0.27248300102655776,3860.014586998659,141,0.0,140,1.0240478515625,221,75.01711799886834,16000.0,0.064
766.4,running,533.6875,0.0,310.78994205054505,25,71.05,0.7981662750244141,0,766.0159999999236,765.567999999991,0.4479999999325628,2844,0.6905580012244172,0.8410770005866652,0.27894599952560384,3860.014586998659,141,0.0,140,1.0240478515625,221,75.01711799886834,16000.0,0.064
767.4,running,533.6875,0.0,315.629381982719,25,68.85,1.7998459339141846,0,766.0159999999236,765.567999999991,0.4479999999325628,2844,0.6905580012244172,0.8410770005866652,0.27894599952560384,3860.014586998659,141,0.0,140,1.0240478515625,221,75.01711799886834,16000.0,0.064
768.41,running,533.6875,0.0,315.2354186762192,25,69.4,0.8046875,0,767.9999999999225,767.7439999999908,0.255999999931646,2854,0.6821139995736303,0.8410770005866652,2.3612869990756735,3860.014586998659,141,0.0,140,1.0240478515625,221,75.01711799886834,16000.0,0.064
769.41,running,533.6875,0.0,352.50280255199306,25,71.05,1.805267572402954,0,767.9999999999225,767.7439999999908,0.255999999931646,2854,0.6821139995736303,0.8410770005866652,2.3612869990756735,3860.014586998659,141,0.0,140,1.0240478515625,221,75.01711799886834,16000.0,0.064
770.41,running,533.765625,0.0,352.7773213102103,25,72.15,0.8058042526245117,0,770.0479999999213,769.8559999999906,0.191999999930772,2864,0.7286140007636277,0.8410770005866652,1.8330620005144738,3860.014586998659,141,0.0,140,1.0240478515625,221,75.01711799886834,16000.0,0.064
771.41,running,533.6875,0.0,343.6093052242032,25,71.05,1.8081278800964355,0,770.0479999999213,769.8559999999906,0.191999999930772,2864,0.7286140007636277,0.8410770005866652,1.8330620005144738,3860.014586998659,141,0.0,140,1.0240478515625,221,75.01711799886834,16000.0,0.064
772.42,running,539.9375,0.0,350.3210506321926,25,71.05,0.8111763000488281,0,772.0319999999202,771.6479999999905,0.3839999999297561,2870,0.6948360005480936,0.8410770005866652,2.3241569997480838,3860.014586998659,141,0.0,140,1.0240478515625,221,75.01711799886834,16000.0,0.064
773.42,running,539.46875,0.0,365.6022266059355,25,71.6,1.8121058940887451,0,772.0319999999202,771.6479999999905,0.3839999999297561,2870,0.6948360005480936,0.8410770005866652,2.3241569997480838,3860.014586998659,141,0.0,140,1.0240478515625,221,75.01711799886834,16000.0,0.064
774.42,running,574.84375,0.0,332.7120706408455,25,71.05,0.8126187324523926,0,774.0159999999191,773.9519999999903,0.06399999992879657,2877,0.6829470003140159,0.8410770005866652,3.366680000908673,3860.014586998659,142,0.0,141,10.04803466796875,577,75.01711799886834,16000.0,0.064
775.42,running,539.390625,0.0,302.60632762713794,25,70.5,1.8136811256408691,0,774.0159999999191,773.9519999999903,0.06399999992879657,2877,0.6829470003140159,0.8410770005866652,3.366680000908673,3860.014586998659,142,0.0,141,10.04803466796875,577,75.01711799886834,16000.0,0.064
776.42,running,539.390625,0.0,272.7043540707528,25,69.4,0.8167078495025635,0,776.063999999918,775.6799999999902,0.3839999999278234,2884,0.6845030002295971,0.8410770005866652,0.28201999884913675,3860.014586998659,142,0.0,141,10.04803466796875,577,75.01711799886834,16000.0,0.064
777.42,running,539.390625,0.0,352.73090829196093,25,71.05,1.8173673152923584,0,776.063999999918,775.6799999999902,0.3839999999278234,2884,0.6845030002295971,0.8410770005866652,0.28201999884913675,3860.014586998659,142,0.0,141,10.04803466796875,577,75.01711799886834,16000.0,0.064
778.43,running,539.46875,0.0,353.78200129953746,25,71.6,0.8138172626495361,0,778.0479999999169,777.72799999999,0.3199999999269494,2895,0.6957619989407249,0.8410770005866652,1.8634330008353572,3860.014586998659,142,0.0,141,10.04803466796875,577,75.01711799886834,16000.0,0.064
779.43,running,539.46875,0.0,344.80313947438566,25,71.05,1.8144381046295166,0,778.0479999999169,777.72799999999,0.3199999999269494,2895,0.6957619989407249,0.8410770005866652,1.8634330008353572,3860.014586998659,142,0.0,141,10.04803466796875,577,75.01711799886834,16000.0,0.064
780.43,running,603.46875,0.0,339.7798006038112,25,69.4,0.8147542476654053,0,780.0319999999158,778.94399999999,1.0879999999258416,2897,0.739299000997562,0.8410770005866652,4.684333000113838,3860.014586998659,142,0.0,141,10.04803466796875,577,75.01711799886834,16000.0,0.064
781.43,running,539.390625,0.0,348.62820336094234,25,72.15,1.815741777420044,0,780.0319999999158,778.94399999999,1.0879999999258416,2897,0.739299000997562,0.8410770005866652,4.684333000113838,3860.014586998659,142,0.0,141,10.04803466796875,577,75.01711799886834,16000.0,0.064
782.44,running,539.46875,0.0,355.95055098422245,25,71.6,0.8236362934112549,0,782.0159999999147,781.5679999999899,0.4479999999248321,2902,0.692631998390425,0.8410770005866652,5.2421679993130965,3860.014586998659,142,0.0,141,10.04803466796875,577,75.01711799886834,16000.0,0.064
783.44,running,539.390625,0.0,350.6262807712937,25,72.15,1.8244709968566895,0,782.0159999999147,781.5679999999899,0.4479999999248321,2902,0.692631998390425,0.8410770005866652,5.2421679993130965,3860.014586998659,142,0.0,141,10.04803466796875,577,75.01711799886834,16000.0,0.064
784.44,running,539.390625,0.0,355.69871323001803,25,72.15,0.8301723003387451,0,784.0639999999136,783.5519999999898,0.5119999999237734,2904,0.6973729996389011,0.8410770005866652,7.790122999722371,3860.014586998659,142,0.0,141,10.04803466796875,577,75.01711799886834,16000.0,0.064
785.44,running,539.390625,0.0,362.72867609548615,25,70.5,1.830812931060791,0,784.0639999999136,783.5519999999898,0.5119999999237734,2904,0.6973729996389011,0.8410770005866652,7.790122999722371,3860.014586998659,142,0.0,141,10.04803466796875,577,75.01711799886834,16000.0,0.064
786.45,running,603.984375,0.0,315.792100796778,25,71.05,0.8304364681243896,0,786.0479999999125,785.3439999999897,0.7039999999227575,2906,0.6886690007377183,0.8410770005866652,7.1433239991165465,3860.014586998659,143,0.0,142,10.04803466796875,1231,75.01711799886834,16000.0,0.064
787.45,running,604.0625,0.0,293.81228421317905,25,71.05,1.8313429355621338,0,786.0479999999125,785.3439999999897,0.7039999999227575,2906,0.6886690007377183,0.8410770005866652,7.1433239991165465,3860.014586998659,143,0.0,142,10.04803466796875,1231,75.01711799886834,16000.0,0.064
788.45,running,539.390625,0.0,305.70533704550326,25,68.85,0.8287937641143799,0,788.0319999999114,787.6479999999895,0.3839999999219117,2917,0.695428001563414,0.8410770005866652,0.26785299996845424,3860.014586998659,144,0.0,143,2.14404296875,347,75.01711799886834,16000.0,0.064
789.45,running,539.390625,0.0,255.64071384300755,25,68.3,1.8330981731414795,0,788.0319999999114,787.6479999999895,0.3839999999219117,2917,0.695428001563414,0.8410770005866652,0.26785299996845424,3860.014586998659,144,0.0,143,2.14404296875,347,75.01711799886834,16000.0,0.064
790.45,running,539.390625,0.0,269.8423154841371,25,67.75,0.8320999145507812,0,790.0159999999103,789.8239999999893,0.19199999992099492,2930,0.7041510016279062,0.8410770005866652,0.2594820016383892,3860.014586998659,145,0.0,144,3.23199462890625,313,75.01711799886834,16000.0,0.064
791.45,running,539.390625,0.0,265.8565339776721,25,67.2,1.8326280117034912,0,790.0159999999103,789.8239999999893,0.19199999992099492,2930,0.7041510016279062,0.8410770005866652,0.2594820016383892,3860.014586998659,145,0.0,144,3.23199462890625,313,75.01711799886834,16000.0,0.064
792.46,running,539.40625,0.0,321.04577586625834,25,68.3,0.8349919319152832,0,792.0639999999091,791.8719999999889,0.19199999992019912,2946,0.7034289992589038,0.8410770005866652,0.2565380000305595,3860.014586998659,145,0.0,144,3.23199462890625,313,75.01711799886834,16000.0,0.064
793.46,running,539.40625,0.0,339.7906427520184,25,69.4,1.8356602191925049,0,792.0639999999091,791.8719999999889,0.19199999992019912,2946,0.7034289992589038,0.8410770005866652,0.2565380000305595,3860.014586998659,145,0.0,144,3.23199462890625,313,75.01711799886834,16000.0,0.064
794.46,running,605.125,0.0,342.77450305108806,25,70.5,0.8357515335083008,0,794.047999999908,793.5359999999888,0.511999999919226,2954,0.6982619997870643,0.8410770005866652,0.273390000074869,3860.014586998659,145,0.0,144,3.23199462890625,313,75.01711799886834,16000.0,0.064
795.46,running,539.390625,0.0,307.80416052644875,25,70.5,1.8364088535308838,0,794.047999999908,793.5359999999888,0.511999999919226,2954,0.6982619997870643,0.8410770005866652,0.273390000074869,3860.014586998659,145,0.0,144,3.23199462890625,313,75.01711799886834,16000.0,0.064
796.46,running,539.390625,0.0,305.79209348468663,25,70.5,0.8364336490631104,0,796.0319999999069,795.6479999999885,0.3839999999183874,2965,0.7667249992664438,0.8410770005866652,2.0725820013467455,3860.014586998659,145,0.0,144,3.23199462890625,313,75.01711799886834,16000.0,0.064
797.46,running,558.4375,0.0,327.7883745804566,25,71.6,1.8375349044799805,0,796.0319999999069,795.6479999999885,0.3839999999183874,2965,0.7667249992664438,0.8410770005866652,2.0725820013467455,3860.014586998659,145,0.0,144,3.23199462890625,313,75.01711799886834,16000.0,0.064
798.46,running,603.46875,0.0,330.45266662384046,25,69.4,0.8411064147949219,0,798.0799999999058,797.9519999999883,0.1279999999175061,2976,0.7449660006386694,0.8410770005866652,2.830621999237337,3860.014586998659,146,0.0,145,10.04803466796875,451,75.01711799886834,16000.0,0.064
799.47,running,539.390625,0.0,323.17008968922573,25,69.95,1.8494446277618408,0,798.0799999999058,797.9519999999883,0.1279999999175061,2976,0.7449660006386694,0.8410770005866652,2.830621999237337,3860.014586998659,146,0.0,145,10.04803466796875,451,75.01711799886834,16000.0,0.064
800.48,running,539.46875,0.0,355.84932278296384,25,71.05,0.8488438129425049,0,800.0639999999047,799.8719999999881,0.19199999991656114,2982,0.6988550012465566,0.8410770005866652,2.619435999804409,3860.014586998659,146,0.0,145,10.04803466796875,451,75.01711799886834,16000.0,0.064
801.48,running,570.96875,0.0,342.6380453925502,25,70.5,1.849987506866455,0,800.0639999999047,799.8719999999881,0.19199999991656114,2982,0.6988550012465566,0.8410770005866652,2.619435999804409,3860.014586998659,146,0.0,145,10.04803466796875,451,75.01711799886834,16000.0,0.064
802.48,running,603.46875,0.0,355.57580233465336,25,71.05,0.8506124019622803,0,802.0479999999036,801.9839999999881,0.06399999991549521,2986,0.710873000571155,0.8410770005866652,5.817836999995052,3860.014586998659,146,0.0,145,10.04803466796875,451,75.01711799886834,16000.0,0.064
803.48,running,539.390625,0.0,331.59421257714445,25,70.5,1.85172438621521,0,802.0479999999036,801.9839999999881,0.06399999991549521,2986,0.710873000571155,0.8410770005866652,5.817836999995052,3860.014586998659,146,0.0,145,10.04803466796875,451,75.01711799886834,16000.0,0.064
804.48,running,583.09375,0.0,359.28948241592883,25,71.05,0.8552093505859375,0,804.0319999999025,803.711999999988,0.31999999991444383,2988,0.7484469988412457,0.8410770005866652,6.721284999002819,3860.014586998659,146,0.0,145,10.04803466796875,451,75.01711799886834,16000.0,0.064
805.49,running,539.390625,0.0,328.7348524148548,25,70.5,1.8596909046173096,0,804.0319999999025,803.711999999988,0.31999999991444383,2988,0.7484469988412457,0.8410770005866652,6.721284999002819,3860.014586998659,146,0.0,145,10.04803466796875,451,75.01711799886834,16000.0,0.064
806.49,running,539.390625,0.0,358.38072205454733,25,70.5,0.8597579002380371,0,806.0799999999014,805.695999999988,0.3839999999133852,2990,0.7563359995401697,0.8410770005866652,7.766918999550398,3860.014586998659,146,0.0,145,10.04803466796875,451,75.01711799886834,16000.0,0.064
807.49,running,539.390625,0.0,355.7716728559425,25,70.5,1.8622117042541504,0,806.0799999999014,805.695999999988,0.3839999999133852,2990,0.7563359995401697,0.8410770005866652,7.766918999550398,3860.014586998659,146,0.0,145,10.04803466796875,451,75.01711799886834,16000.0,0.064
808.49,running,539.390625,0.0,335.05332759575845,25,70.5,0.8626720905303955,0,808.0639999999003,806.911999999988,1.1519999999122774,2992,0.7019469994702376,0.8410770005866652,4.684722000092734,3860.014586998659,146,0.0,145,10.04803466796875,451,75.01711799886834,16000.0,0.064
809.49,running,603.78125,0.0,324.79575089321446,25,70.5,1.8637542724609375,0,808.0639999999003,806.911999999988,1.1519999999122774,2992,0.7019469994702376,0.8410770005866652,4.684722000092734,3860.014586998659,146,0.0,145,10.04803466796875,451,75.01711799886834,16000.0,0.064
810.5,running,539.390625,0.0,225.7508956258325,25,69.4,0.8609352111816406,0,810.0479999998992,809.7279999999878,0.3199999999113743,3000,0.7282990009116475,0.8410770005866652,1.864840998678119,3860.014586998659,148,0.0,147,2.14404296875,165,75.01711799886834,16000.0,0.064
811.5,running,539.390625,0.0,290.54407261101034,25,70.5,1.864574909210205,0,810.0479999998992,809.7279999999878,0.3199999999113743,3000,0.7282990009116475,0.8410770005866652,1.864840998678119,3860.014586998659,148,0.0,147,2.14404296875,165,75.01711799886834,16000.0,0.064
812.5,running,539.390625,0.0,324.7456812651641,25,68.3,0.8646349906921387,0,812.0319999998981,811.7759999999874,0.25599999991061395,3015,0.709447998815449,0.8410770005866652,0.26892699861491565,3860.014586998659,148,0.0,147,2.14404296875,165,75.01711799886834,16000.0,0.064
813.5,running,539.390625,0.0,309.8003562862843,25,70.5,1.8653059005737305,0,812.0319999998981,811.7759999999874,0.25599999991061395,3015,0.709447998815449,0.8410770005866652,0.26892699861491565,3860.014586998659,148,0.0,147,2.14404296875,165,75.01711799886834,16000.0,0.064
814.5,running,539.390625,0.0,322.7658088751195,25,68.85,0.8625574111938477,0,814.0799999998969,813.8879999999872,0.19199999990973993,3025,0.7196509995992528,0.8410770005866652,2.136470999175799,3860.014586998659,148,0.0,147,2.14404296875,165,75.01711799886834,16000.0,0.064
815.5,running,539.390625,0.0,136.92730926235808,25,67.75,1.8630921840667725,0,814.0799999998969,813.8879999999872,0.19199999990973993,3025,0.7196509995992528,0.8410770005866652,2.136470999175799,3860.014586998659,148,0.0,147,2.14404296875,165,75.01711799886834,16000.0,0.064
816.5,running,539.390625,0.0,305.8079183771967,25,68.85,0.8631415367126465,0,816.0639999998958,815.9359999999867,0.12799999990909328,3042,0.7040580003376817,0.8410770005866652,0.25479699979769066,3860.014586998659,149,0.0,149,1.24798583984375,374,75.01711799886834,16000.0,0.064
817.5,running,546.578125,0.0,324.8049426137078,25,68.3,1.8642377853393555,0,816.0639999998958,815.9359999999867,0.12799999990909328,3042,0.7040580003376817,0.8410770005866652,0.25479699979769066,3860.014586998659,149,0.0,149,1.24798583984375,374,75.01711799886834,16000.0,0.064
818.51,running,605.015625,0.0,339.62453489818853,25,69.95,0.8673713207244873,0,818.0479999998947,818.0479999999865,0.0,3052,0.7278369994310196,0.8410770005866652,1.870247999249841,3860.014586998659,150,0.0,149,1.24798583984375,374,75.01711799886834,16000.0,0.064
819.51,running,539.390625,0.0,314.785799595754,25,69.4,1.8681800365447998,0,818.0479999998947,818.0479999999865,0.0,3052,0.7278369994310196,0.8410770005866652,1.870247999249841,3860.014586998659,150,0.0,149,1.24798583984375,374,75.01711799886834,16000.0,0.064
820.51,running,540.015625,0.0,349.69804867337035,25,70.5,0.8661940097808838,0,820.0959999998936,819.7759999999863,0.31999999990728156,3059,0.736095000320347,0.8410770005866652,0.28031600049871486,3860.014586998659,150,0.0,149,1.24798583984375,374,75.01711799886834,16000.0,0.064
821.51,running,539.390625,0.0,357.6597789970949,25,70.5,1.8670048713684082,0,820.0959999998936,819.7759999999863,0.31999999990728156,3059,0.736095000320347,0.8410770005866652,0.28031600049871486,3860.014586998659,150,0.0,149,1.24798583984375,374,75.01711799886834,16000.0,0.064
822.51,running,539.453125,0.0,329.7700098207031,25,69.95,0.8666179180145264,0,822.0799999998925,821.6959999999862,0.3839999999063366,3065,0.7665399989491561,0.8410770005866652,1.8101929999829736,3860.014586998659,150,0.0,149,1.24798583984375,374,75.01711799886834,16000.0,0.064
823.51,running,539.390625,0.0,343.7714305014876,25,70.5,1.8675191402435303,0,822.0799999998925,821.6959999999862,0.3839999999063366,3065,0.7665399989491561,0.8410770005866652,1.8101929999829736,3860.014586998659,150,0.0,149,1.24798583984375,374,75.01711799886834,16000.0,0.064
824.51,running,581.84375,0.0,355.68317201339,25,71.05,0.8677310943603516,0,824.0639999998914,823.6799999999861,0.3839999999053134,3070,0.7373730004474055,0.8410770005866652,5.720152001231327,3860.014586998659,150,0.0,149,1.24798583984375,374,75.01711799886834,16000.0,0.064
825.51,running,539.390625,0.0,189.78137527171342,25,67.75,1.868342399597168,0,824.0639999998914,823.6799999999861,0.3839999999053134,3070,0.7373730004474055,0.8410770005866652,5.720152001231327,3860.014586998659,150,0.0,149,1.24798583984375,374,75.01711799886834,16000.0,0.064
826.51,running,594.828125,0.0,210.87797609156604,25,68.85,0.8688976764678955,0,826.0479999998903,826.0479999999857,0.0,3086,0.7281689995579654,0.8410770005866652,0.26422399969305843,3860.014586998659,152,0.0,151,1.72802734375,203,75.01711799886834,16000.0,0.064
827.53,running,604.453125,0.0,283.04135435876003,25,67.75,1.885972499847412,0,826.0479999998903,826.0479999999857,0.0,3086,0.7281689995579654,0.8410770005866652,0.26422399969305843,3860.014586998659,152,0.0,151,1.72802734375,203,75.01711799886834,16000.0,0.064
828.53,running,539.390625,0.0,260.8285250678384,25,69.4,0.8867807388305664,0,828.0959999998892,827.7119999999853,0.3839999999038355,3099,0.747725000110222,0.8410770005866652,1.8429339997965144,3860.014586998659,152,0.0,151,1.72802734375,203,75.01711799886834,16000.0,0.064
829.53,running,539.390625,0.0,335.5154160908893,25,68.85,1.8876373767852783,0,828.0959999998892,827.7119999999853,0.3839999999038355,3099,0.747725000110222,0.8410770005866652,1.8429339997965144,3860.014586998659,152,0.0,151,1.72802734375,203,75.01711799886834,16000.0,0.064
830.53,running,539.390625,0.0,318.77499872380724,25,69.4,0.8878614902496338,0,830.0799999998881,829.759999999985,0.31999999990307515,3111,0.7258170007844456,0.8410770005866652,1.8493780007702298,3860.014586998659,152,0.0,151,1.72802734375,203,75.01711799886834,16000.0,0.064
831.54,running,539.46875,0.0,321.607781300905,25,70.5,1.8888216018676758,0,830.0799999998881,829.759999999985,0.31999999990307515,3111,0.7258170007844456,0.8410770005866652,1.8493780007702298,3860.014586998659,152,0.0,151,1.72802734375,203,75.01711799886834,16000.0,0.064
832.54,running,546.0,0.0,343.5102749449059,25,70.5,0.8892295360565186,0,832.063999999887,831.9999999999848,0.06399999990219385,3122,0.7369469985860633,0.8410770005866652,2.119155999025679,3860.014586998659,152,0.0,151,1.72802734375,203,75.01711799886834,16000.0,0.064
833.54,running,587.34375,0.0,353.5827137030018,25,69.95,1.8904283046722412,0,832.063999999887,831.9999999999848,0.06399999990219385,3122,0.7369469985860633,0.8410770005866652,2.119155999025679,3860.014586998659,152,0.0,151,1.72802734375,203,75.01711799886834,16000.0,0.064
834.54,running,603.46875,0.0,353.5728843089516,25,69.95,0.8907017707824707,0,834.0479999998859,833.3439999999847,0.703999999901157,3126,0.7354849985858891,0.8410770005866652,2.5917499988281634,3860.014586998659,152,0.0,151,1.72802734375,203,75.01711799886834,16000.0,0.064
835.54,running,606.515625,0.0,360.58112552718154,25,69.4,1.8914663791656494,0,834.0479999998859,833.3439999999847,0.703999999901157,3126,0.7354849985858891,0.8410770005866652,2.5917499988281634,3860.014586998659,152,0.0,151,1.72802734375,203,75.01711799886834,16000.0,0.064
836.55,running,539.4375,0.0,350.55374809500455,25,71.05,0.8948957920074463,0,836.0959999998847,835.5199999999846,0.5759999999000911,3130,0.7372810014203424,0.8410770005866652,5.16292800057272,3860.014586998659,152,0.0,151,1.72802734375,203,75.01711799886834,16000.0,0.064
837.55,running,539.390625,0.0,342.65459868234495,25,70.5,1.895587682723999,0,836.0959999998847,835.5199999999846,0.5759999999000911,3130,0.7372810014203424,0.8410770005866652,5.16292800057272,3860.014586998659,152,0.0,151,1.72802734375,203,75.01711799886834,16000.0,0.064
838.55,running,539.46875,0.0,350.7476384771722,25,70.5,0.895843505859375,0,838.0799999998836,837.6319999999846,0.44799999989902517,3132,0.7292059999599587,0.8410770005866652,8.289013001558487,3860.014586998659,153,0.0,152,10.0479736328125,1822,75.01711799886834,16000.0,0.064
839.55,running,603.46875,0.0,349.7006380693734,25,71.6,1.896986961364746,0,838.0799999998836,837.6319999999846,0.44799999989902517,3132,0.7292059999599587,0.8410770005866652,8.289013001558487,3860.014586998659,153,0.0,152,10.0479736328125,1822,75.01711799886834,16000.0,0.064
840.55,running,539.46875,0.0,351.57854943269865,25,69.95,0.896691083908081,0,840.0639999998825,839.4239999999845,0.6399999998980093,3136,0.7809849994373508,0.8410770005866652,3.3676980001473567,3860.014586998659,153,0.0,152,10.0479736328125,1822,75.01711799886834,16000.0,0.064
841.56,running,539.390625,0.0,339.5723093137491,25,71.05,1.9011602401733398,0,840.0639999998825,839.4239999999845,0.6399999998980093,3136,0.7809849994373508,0.8410770005866652,3.3676980001473567,3860.014586998659,153,0.0,152,10.0479736328125,1822,75.01711799886834,16000.0,0.064
842.56,running,539.390625,0.0,340.68039885995904,25,71.05,0.9012539386749268,0,842.0479999998814,841.7279999999844,0.31999999989704975,3142,0.7392059997073375,0.8410770005866652,2.6293060000170954,3860.014586998659,153,0.0,152,10.0479736328125,1822,75.01711799886834,16000.0,0.064
843.56,running,539.46875,0.0,361.71614181082,25,70.5,1.902317762374878,0,842.0479999998814,841.7279999999844,0.31999999989704975,3142,0.7392059997073375,0.8410770005866652,2.6293060000170954,3860.014586998659,153,0.0,152,10.0479736328125,1822,75.01711799886834,16000.0,0.064
844.56,running,581.71875,0.0,360.65876487343286,25,68.85,0.8996381759643555,0,844.0959999998803,842.8799999999842,1.2159999998960984,3146,0.7478729985450627,0.8410770005866652,2.1135269998922013,3860.014586998659,153,0.0,152,10.0479736328125,1822,75.01711799886834,16000.0,0.064
845.56,running,549.03125,0.0,363.5569669352438,25,71.05,1.9045042991638184,0,844.0959999998803,842.8799999999842,1.2159999998960984,3146,0.7478729985450627,0.8410770005866652,2.1135269998922013,3860.014586998659,153,0.0,152,10.0479736328125,1822,75.01711799886834,16000.0,0.064
846.56,running,539.734375,0.0,358.247984292169,25,71.05,0.9046308994293213,0,846.0799999998792,845.4399999999841,0.6399999998950534,3150,0.7968919999257196,0.8410770005866652,4.910833999019815,3860.014586998659,153,0.0,152,10.0479736328125,1822,75.01711799886834,16000.0,0.064
847.57,running,539.390625,0.0,334.792579591938,25,69.95,1.9066152572631836,0,846.0799999998792,845.4399999999841,0.6399999998950534,3150,0.7968919999257196,0.8410770005866652,4.910833999019815,3860.014586998659,153,0.0,152,10.0479736328125,1822,75.01711799886834,16000.0,0.064
848.57,running,539.390625,0.0,277.4682889055208,25,69.4,0.9064931869506836,0,848.0639999998781,847.935999999984,0.1279999998940866,3155,0.7858919998398051,0.8410770005866652,2.077175000522402,3860.014586998659,154,0.0,153,10.0479736328125,725,75.01711799886834,16000.0,0.064
849.57,running,603.46875,0.0,324.7964150088143,25,70.5,1.907630205154419,0,848.0639999998781,847.935999999984,0.1279999998940866,3155,0.7858919998398051,0.8410770005866652,2.077175000522402,3860.014586998659,154,0.0,153,10.0479736328125,725,75.01711799886834,16000.0,0.064
850.57,running,539.46875,0.0,306.7557682351848,25,70.5,0.9103171825408936,0,850.111999999877,849.9839999999838,0.12799999989317712,3167,0.7410029993479839,0.8410770005866652,1.854156000263174,3860.014586998659,155,0.0,154,3.23199462890625,225,75.01711799886834,16000.0,0.064
851.57,running,539.390625,0.0,334.7902749843693,25,69.95,1.9111008644104004,0,850.111999999877,849.9839999999838,0.12799999989317712,3167,0.7410029993479839,0.8410770005866652,1.854156000263174,3860.014586998659,155,0.0,154,3.23199462890625,225,75.01711799886834,16000.0,0.064
852.57,running,539.46875,0.0,363.73181107880447,25,71.05,0.9111888408660889,0,852.0959999998759,851.7759999999836,0.3199999998922749,3175,0.7448359992849873,0.8410770005866652,2.5965839995478746,3860.014586998659,155,0.0,154,3.23199462890625,225,75.01711799886834,16000.0,0.064
853.57,running,539.4375,0.0,347.76695336608213,25,70.5,1.9121413230895996,0,852.0959999998759,851.7759999999836,0.3199999998922749,3175,0.7448359992849873,0.8410770005866652,2.5965839995478746,3860.014586998659,155,0.0,154,3.23199462890625,225,75.01711799886834,16000.0,0.064
854.58,running,539.390625,0.0,352.6759976190043,25,70.5,0.9119970798492432,0,854.0799999998748,853.1199999999834,0.9599999998913518,3179,0.7600029985042056,0.8410770005866652,2.909566999733215,3860.014586998659,155,0.0,154,3.23199462890625,225,75.01711799886834,16000.0,0.064
855.58,running,539.46875,0.0,363.6500835253977,25,72.15,1.9127438068389893,0,854.0799999998748,853.1199999999834,0.9599999998913518,3179,0.7600029985042056,0.8410770005866652,2.909566999733215,3860.014586998659,155,0.0,154,3.23199462890625,225,75.01711799886834,16000.0,0.064
856.58,running,567.75,0.0,357.1248858233045,25,71.05,0.9113011360168457,0,856.0639999998737,855.4239999999833,0.6399999998903922,3183,0.7482620003429474,0.8410770005866652,2.881066999179893,3860.014586998659,155,0.0,154,3.23199462890625,225,75.01711799886834,16000.0,0.064
857.58,running,603.46875,0.0,345.5832031573031,25,70.5,1.9125885963439941,0,856.0639999998737,855.4239999999833,0.6399999998903922,3183,0.7482620003429474,0.8410770005866652,2.881066999179893,3860.014586998659,155,0.0,154,3.23199462890625,225,75.01711799886834,16000.0,0.064
858.58,running,539.390625,0.0,239.70651221583688,25,67.75,0.912616491317749,0,858.1119999998725,857.9839999999832,0.12799999988931177,3187,0.7933179986139294,0.8410770005866652,6.600840999453794,3860.014586998659,155,0.0,155,8.70404052734375,1643,75.01711799886834,16000.0,0.064
859.58,running,594.0625,0.0,329.8137986722115,25,69.95,1.9136226177215576,0,858.1119999998725,857.9839999999832,0.12799999988931177,3187,0.7933179986139294,0.8410770005866652,6.600840999453794,3860.014586998659,155,0.0,155,8.70404052734375,1643,75.01711799886834,16000.0,0.064
860.58,running,539.4375,0.0,336.63061892494204,25,69.95,0.9129972457885742,0,860.0959999998714,859.5199999999829,0.575999999888495,3198,0.746984000215889,0.8410770005866652,1.8123219997505657,3860.014586998659,156,0.0,155,8.70404052734375,1643,75.01711799886834,16000.0,0.064
861.59,running,539.390625,0.0,358.0167362166522,25,70.5,1.9186415672302246,0,860.0959999998714,859.5199999999829,0.575999999888495,3198,0.746984000215889,0.8410770005866652,1.8123219997505657,3860.014586998659,156,0.0,155,8.70404052734375,1643,75.01711799886834,16000.0,0.064
862.59,running,593.859375,0.0,361.73504571875003,25,72.15,0.918583869934082,0,862.0799999998703,861.8879999999828,0.191999999887571,3204,0.7569110002805246,0.8410770005866652,3.0032890008442337,3860.014586998659,156,0.0,155,8.70404052734375,1643,75.01711799886834,16000.0,0.064
863.59,running,541.609375,0.0,350.85468680115946,25,73.25,1.9213929176330566,0,862.0799999998703,861.8879999999828,0.191999999887571,3204,0.7569110002805246,0.8410770005866652,3.0032890008442337,3860.014586998659,156,0.0,155,8.70404052734375,1643,75.01711799886834,16000.0,0.064
864.59,running,539.46875,0.0,347.7835145001528,25,69.4,0.9169876575469971,0,864.0639999998692,863.6159999999826,0.4479999998866333,3208,0.7575399995403131,0.8410770005866652,4.411092000736971,3860.014586998659,156,0.0,155,8.70404052734375,1643,75.01711799886834,16000.0,0.064
865.59,running,539.390625,0.0,349.77474890911657,25,70.5,1.9179298877716064,0,864.0639999998692,863.6159999999826,0.4479999998866333,3208,0.7575399995403131,0.8410770005866652,4.411092000736971,3860.014586998659,156,0.0,155,8.70404052734375,1643,75.01711799886834,16000.0,0.064
866.59,running,539.4375,0.0,356.6813152322875,25,70.5,0.9150593280792236,0,866.1119999998681,865.8559999999826,0.25599999988548916,3212,0.7600770004501101,0.8410770005866652,3.1383080004161457,3860.014586998659,156,0.0,155,8.70404052734375,1643,75.01711799886834,16000.0,0.064
867.6,running,597.203125,0.0,353.8437898818085,25,71.05,1.9212367534637451,0,866.1119999998681,865.8559999999826,0.25599999988548916,3212,0.7600770004501101,0.8410770005866652,3.1383080004161457,3860.014586998659,156,0.0,155,8.70404052734375,1643,75.01711799886834,16000.0,0.064
868.6,running,539.390625,0.0,313.63328992159285,25,68.3,0.9213471412658691,0,868.095999999867,867.7119999999826,0.38399999988439504,3214,0.7573180009785574,0.8410770005866652,7.249639998917701,3860.014586998659,157,0.0,156,9.5040283203125,1629,75.01711799886834,16000.0,0.064
869.6,running,539.390625,0.0,235.8670087454167,25,68.85,1.9218666553497314,0,868.095999999867,867.7119999999826,0.38399999988439504,3214,0.7573180009785574,0.8410770005866652,7.249639998917701,3860.014586998659,157,0.0,156,9.5040283203125,1629,75.01711799886834,16000.0,0.064
870.6,running,603.46875,0.0,251.85764728746537,25,68.85,0.9221336841583252,0,870.0799999998659,870.0799999999823,0.0,3229,0.7546140004706103,0.8410770005866652,0.2626309997140197,3860.014586998659,158,0.0,157,1.9520263671875,579,75.01711799886834,16000.0,0.064
871.6,running,594.34375,0.0,337.6628220620925,25,69.4,1.9233040809631348,0,870.0799999998659,870.0799999999823,0.0,3229,0.7546140004706103,0.8410770005866652,0.2626309997140197,3860.014586998659,158,0.0,157,1.9520263671875,579,75.01711799886834,16000.0,0.064
872.61,running,539.46875,0.0,339.48558535724345,25,69.4,0.9270017147064209,0,872.1279999998648,872.0639999999821,0.06399999988263971,3238,0.8040769989747787,0.8410770005866652,3.1093449997570133,3860.014586998659,158,0.0,157,1.9520263671875,579,75.01711799886834,16000.0,0.064
873.61,running,539.46875,0.0,349.6847501058941,25,69.4,1.9277420043945312,0,872.1279999998648,872.0639999999821,0.06399999988263971,3238,0.8040769989747787,0.8410770005866652,3.1093449997570133,3860.014586998659,158,0.0,157,1.9520263671875,579,75.01711799886834,16000.0,0.064
874.61,running,540.859375,0.0,340.79263790369305,25,71.05,0.9279520511627197,0,874.1119999998637,873.1519999999821,0.9599999998815747,3240,0.8151140009431401,0.8410770005866652,4.182868000498274,3860.014586998659,158,0.0,157,1.9520263671875,579,75.01711799886834,16000.0,0.064
875.61,running,572.28125,0.0,363.6848645191037,25,71.05,1.9291861057281494,0,874.1119999998637,873.1519999999821,0.9599999998815747,3240,0.8151140009431401,0.8410770005866652,4.182868000498274,3860.014586998659,158,0.0,157,1.9520263671875,579,75.01711799886834,16000.0,0.064
876.62,running,539.390625,0.0,334.12181241596636,25,69.95,0.9331204891204834,0,876.0959999998626,875.455999999982,0.6399999998805015,3244,0.7742070010863245,0.8410770005866652,3.141846000289661,3860.014586998659,158,0.0,157,1.9520263671875,579,75.01711799886834,16000.0,0.064
877.62,running,594.78125,0.0,360.7458657209865,25,68.85,1.9342536926269531,0,876.0959999998626,875.455999999982,0.6399999998805015,3244,0.7742070010863245,0.8410770005866652,3.141846000289661,3860.014586998659,158,0.0,157,1.9520263671875,579,75.01711799886834,16000.0,0.064
878.62,running,539.390625,0.0,337.88789302078686,25,70.5,0.9340791702270508,0,878.0799999998615,876.927999999982,1.151999999879422,3248,0.7588549997308291,0.8410770005866652,2.364175999900908,3860.014586998659,158,0.0,157,1.9520263671875,579,75.01711799886834,16000.0,0.064
879.63,running,596.0625,0.0,376.7890806960505,25,71.05,1.9415814876556396,0,878.0799999998615,876.927999999982,1.151999999879422,3248,0.7588549997308291,0.8410770005866652,2.364175999900908,3860.014586998659,158,0.0,157,1.9520263671875,579,75.01711799886834,16000.0,0.064
880.63,running,555.1875,0.0,331.84813124363643,25,68.85,0.9443356990814209,0,880.1279999998603,878.975999999982,1.151999999878285,3250,0.7615209997311467,0.8410770005866652,8.004197999980533,3860.014586998659,158,0.0,157,1.9520263671875,579,75.01711799886834,16000.0,0.064
881.63,running,599.421875,0.0,307.64262540601214,25,70.5,1.9455065727233887,0,880.1279999998603,878.975999999982,1.151999999878285,3250,0.7615209997311467,0.8410770005866652,8.004197999980533,3860.014586998659,158,0.0,157,1.9520263671875,579,75.01711799886834,16000.0,0.064
882.63,running,571.5,0.0,283.6653676248691,25,69.95,0.9461493492126465,0,882.1119999998592,881.791999999982,0.31999999987726824,3257,0.7640399999218062,0.8410770005866652,0.2876130001823185,3860.014586998659,160,0.0,159,3.16802978515625,620,75.01711799886834,16000.0,0.064
883.64,running,539.390625,0.0,326.46780621999847,25,69.95,1.9474537372589111,0,882.1119999998592,881.791999999982,0.31999999987726824,3257,0.7640399999218062,0.8410770005866652,0.2876130001823185,3860.014586998659,160,0.0,159,3.16802978515625,620,75.01711799886834,16000.0,0.064
884.64,running,539.390625,0.0,287.82905842977596,25,68.85,0.9517879486083984,0,884.0959999998581,883.9679999999818,0.12799999987635147,3268,0.7639470004505711,0.8410770005866652,0.2674269999261014,3860.014586998659,160,0.0,159,3.16802978515625,620,75.01711799886834,16000.0,0.064
885.64,running,539.390625,0.0,303.3397161933727,25,68.85,1.9527575969696045,0,884.0959999998581,883.9679999999818,0.12799999987635147,3268,0.7639470004505711,0.8410770005866652,0.2674269999261014,3860.014586998659,160,0.0,159,3.16802978515625,620,75.01711799886834,16000.0,0.064
886.64,running,539.390625,0.0,335.7321773773933,25,69.95,0.951439619064331,0,886.079999999857,886.0159999999815,0.06399999987547744,3280,0.765762000810355,0.8410770005866652,0.2577420000307029,3860.014586998659,160,0.0,159,3.16802978515625,620,75.01711799886834,16000.0,0.064
887.64,running,555.84375,0.0,340.78249114429036,25,69.95,1.9527297019958496,0,886.079999999857,886.0159999999815,0.06399999987547744,3280,0.765762000810355,0.8410770005866652,0.2577420000307029,3860.014586998659,160,0.0,159,3.16802978515625,620,75.01711799886834,16000.0,0.064
888.65,running,539.390625,0.0,357.4431830249996,25,71.05,0.9559004306793213,0,888.1279999998559,887.5519999999814,0.5759999998745116,3288,0.77085499833629,0.8410770005866652,0.2705570004764013,3860.014586998659,160,0.0,159,3.16802978515625,620,75.01711799886834,16000.0,0.064
889.65,running,539.390625,0.0,354.78981860843885,25,69.95,1.9565587043762207,0,888.1279999998559,887.5519999999814,0.5759999998745116,3288,0.77085499833629,0.8410770005866652,0.2705570004764013,3860.014586998659,160,0.0,159,3.16802978515625,620,75.01711799886834,16000.0,0.064
890.65,running,539.484375,0.0,355.72203488917484,25,71.6,0.9540905952453613,0,890.1119999998548,889.9199999999812,0.1919999998735875,3296,0.7775220001349226,0.8410770005866652,2.1019899995735614,3860.014586998659,160,0.0,159,3.16802978515625,620,75.01711799886834,16000.0,0.064
891.65,running,539.390625,0.0,299.7106006427892,25,69.95,1.95491623878479,0,890.1119999998548,889.9199999999812,0.1919999998735875,3296,0.7775220001349226,0.8410770005866652,2.1019899995735614,3860.014586998659,160,0.0,159,3.16802978515625,620,75.01711799886834,16000.0,0.064
892.65,running,539.390625,0.0,357.72906530674686,25,71.05,0.9549398422241211,0,892.0959999998537,892.031999999981,0.06399999987263527,3303,0.7718549986748258,0.8410770005866652,2.624455000841408,3860.014586998659,161,0.0,160,10.04803466796875,597,75.01711799886834,16000.0,0.064
893.65,running,604.5625,0.0,322.821144496144,25,71.05,1.9556920528411865,0,892.0959999998537,892.031999999981,0.06399999987263527,3303,0.7718549986748258,0.8410770005866652,2.624455000841408,3860.014586998659,161,0.0,160,10.04803466796875,597,75.01711799886834,16000.0,0.064
894.65,running,539.46875,0.0,277.78902867754124,25,70.5,0.9547576904296875,0,894.1439999998526,893.6959999999808,0.44799999987174033,3310,0.7730220004305011,0.8410770005866652,2.0908970000164118,3860.014586998659,161,0.0,160,10.04803466796875,597,75.01711799886834,16000.0,0.064
895.65,running,569.03125,0.0,241.84690147919568,25,68.85,1.9558417797088623,0,894.1439999998526,893.6959999999808,0.44799999987174033,3310,0.7730220004305011,0.8410770005866652,2.0908970000164118,3860.014586998659,161,0.0,160,10.04803466796875,597,75.01711799886834,16000.0,0.064
896.65,running,539.390625,0.0,321.6259062947575,25,70.5,0.955547571182251,0,896.1279999998515,895.7439999999806,0.3839999998708663,3324,0.7765589998598443,0.8410770005866652,0.25900099899445195,3860.014586998659,162,0.0,161,4.1600341796875,447,75.01711799886834,16000.0,0.064
897.67,running,539.390625,0.0,313.04384754502166,25,69.4,1.9725511074066162,0,896.1279999998515,895.7439999999806,0.3839999998708663,3324,0.7765589998598443,0.8410770005866652,0.25900099899445195,3860.014586998659,162,0.0,161,4.1600341796875,447,75.01711799886834,16000.0,0.064
898.67,running,539.46875,0.0,369.2638289839314,25,69.95,0.9686267375946045,0,898.1119999998504,897.9839999999804,0.127999999869985,3334,0.8425590003753314,0.8425590003753314,2.067655999780982,3860.014586998659,162,0.0,161,4.1600341796875,447,75.01711799886834,16000.0,0.064
899.67,running,539.390625,0.0,339.74222941620377,25,69.95,1.969433307647705,0,898.1119999998504,897.9839999999804,0.127999999869985,3334,0.8425590003753314,0.8425590003753314,2.067655999780982,3860.014586998659,162,0.0,161,4.1600341796875,447,75.01711799886834,16000.0,0.064
900.67,running,539.46875,0.0,353.7056507559273,25,69.4,0.9694535732269287,0,900.0959999998493,899.8399999999801,0.25599999986911826,3340,0.8339300002262462,0.8425590003753314,2.580305999799748,3860.014586998659,162,0.0,161,4.1600341796875,447,75.01711799886834,16000.0,0.064
